archive_id,member_id,member_size,member_sha256,is_enigma_binary,saving_product,member_name_has_extension,body_prefix,body_entropy,wrapper_endian,zlib_members,framed_records
arc-05b81c62e0d0f7cb,mus-2aaf08c9cb25e76a,243429,2aaf08c9cb25e76a4dfcbc325f226b9c726492f02b23e83100ff99e0c02bdcc3,True,97,True,000100023ff600312661000100000000,3.5990,none,0,0
arc-05b81c62e0d0f7cb,mus-53a6521757c4f44a,246758,53a6521757c4f44a293d497b06994106576235edadcec53a0ed6d891ce660aed,True,97,True,00010002460600312661000100000000,3.4531,none,0,0
arc-05b81c62e0d0f7cb,mus-c9be2b3ebb8c9842,246389,c9be2b3ebb8c984243d36a291fd876a82d4bd549f849b8b98ba42cf916503891,True,97,True,00010002465600312661000100000000,3.6317,none,0,0
arc-05b81c62e0d0f7cb,mus-9f2dfb3f0ebb8928,243522,9f2dfb3f0ebb89281d04e620063196e2c424f8a0ac56854580beb771e3c25c9d,True,97,True,00010002494600312661000100000000,3.6605,none,0,0
arc-05b81c62e0d0f7cb,mus-18b456f671c300c3,439852,18b456f671c300c3a7bbe26f290493f0bbe0d12a7536fb6444e1be93637fc625,True,97,True,00010002764600312661000100000000,3.5732,none,0,0
arc-a15b1cf14e18a5b8,mus-6aacd5400ecb519a,170551,6aacd5400ecb519af9e216036048e8d41cea6d6770f71ec0c36179daf8e08b1c,True,2003,True,000f00012d8463f8f5c9000400c43011,7.5933,none,0,0
arc-a15b1cf14e18a5b8,mus-c26533fcd9cb7b14,201007,c26533fcd9cb7b146decf500a74d7a3b06f734890b6b85b9ec059dfe0ec7507f,True,2003,True,000f00012659031a4cde000400c43011,7.5695,none,0,0
arc-a15b1cf14e18a5b8,mus-da32779e6dd27812,176480,da32779e6dd27812e48fec86b7268f1b29a03ca6ca782fbe7266fe32783d7230,True,2003,True,000f000117642e0296b7000400c43011,7.5783,none,0,0
arc-a15b1cf14e18a5b8,mus-e9563db1d6c0d90d,41668,e9563db1d6c0d90dd5048f84e51bc8ef86dc20ce57bba57b9d3ab0dc2e7f95b3,True,2003,True,000f000051f9d6bf1518000400c43011,7.6862,none,0,0
arc-a15b1cf14e18a5b8,mus-a8773565fe8c7d4b,24031,a8773565fe8c7d4b52e82bc2518edde031f14925a17c07a952bed9e77e103ae3,True,2003,True,000f000037da93bdcbd8000400c43011,7.6384,none,0,0
arc-3aabd653cf5f6260,mus-6fabea4d93282744,124435,6fabea4d93282744de186fd92dc2d95a4ca3b3407131bd4213b60f205ab9f6de,True,2003,True,000f0000df6e07bb3401000400c43011,7.6046,none,0,0
arc-3aabd653cf5f6260,mus-392fcd045da00d7e,128573,392fcd045da00d7e6a71d25eb84234eed6519fc05f8788f4e9107ded0016f48e,True,2003,True,000f0000d05fcfd74c88000400c43011,7.6115,none,0,0
arc-3cd66601b30b9429,mus-dd1e34438b93fd7b,57524,dd1e34438b93fd7b6f363e101642a01951e746ecad48176e77b864404d00619d,True,2007,True,001a00008c36b21744d4789cec7d0798,7.9094,big,4,4799
arc-3cd66601b30b9429,mus-f5994f30b14859aa,52395,f5994f30b14859aacd99f5a2051f2cc8396675aa500eb54ed9f2a082581265e0,True,2007,True,1a00627f0000f54ac617789cecbd077c,7.8586,little,4,5781
arc-3cd66601b30b9429,mus-3d81e40e69409980,55192,3d81e40e69409980eb5864f6fcc4c4ee146574d557f9c48b9483332acd63d6a1,True,2007,True,1a00c683000085b69242789cec9d077c,7.8920,little,4,5888
arc-3cd66601b30b9429,mus-0a5072cbd1ddb105,54904,0a5072cbd1ddb10564ab59833501569369772b378fa6292b92bc93ff3b135ac6,True,2007,True,1a005b830000fe97a9b5789cec9d077c,7.8891,little,4,5859
arc-3cd66601b30b9429,mus-37ed3d109202892d,48749,37ed3d109202892ddfa4b9e4da5d1464a3d207d1b0df5ba8492df55f60dfc53e,True,2007,True,1a0082780000ff15d78d789cec9d077c,7.8760,little,4,5513
arc-3cd66601b30b9429,mus-c693492c442b65ba,52751,c693492c442b65ba38a9521a066b06a2a4a08f0619b50e87fed00cf7e7827999,True,2007,True,1a00467d0000e7d89469789cec9d0760,7.8495,little,4,4763
arc-3cd66601b30b9429,mus-7e93fb726bf81880,70822,7e93fb726bf818806f1982b80f2fd5e7c217372d73ee6b4d36d7595cddb5aefc,True,2007,True,001a0000a084d0efbd5d789cec7d079c,7.9311,big,4,5093
arc-3cd66601b30b9429,mus-2e3ce0d9e648f500,66990,2e3ce0d9e648f500b1d64b0c36ceebdc39f85e9f5103bd13cfdf1f0c344ce5d6,True,2007,True,001a000098036b3fd257789cec7d0798,7.9263,big,4,4892
arc-3cd66601b30b9429,mus-a072e1af1944e422,65531,a072e1af1944e422360efc28fe2393f8b656cbadcbdf7e5d6078622b56f73620,True,2007,True,001a0000953c906f992a789cec7d079c,7.9411,big,4,4881
arc-3cd66601b30b9429,mus-6a2556705674495d,56072,6a2556705674495db800ad3ea45f41554a3bcb335d2a35cb3cc9d905675bd392,True,2007,True,1a00b585000070c776cb789cec9d077c,7.8946,little,4,6144
arc-3cd66601b30b9429,mus-07ca90bd065cb584,56367,07ca90bd065cb5843f69df5fce2375a17b28e7981d8a0e949caa1fe0c17a4dad,True,2007,True,1a00d986000057a03aaa789cec9d077c,7.8815,little,4,6209
arc-3cd66601b30b9429,mus-34b51ccc90469081,50372,34b51ccc904690819de740efaf670f35ba617d115bf7d63faa06b3a2ba76438e,True,2007,True,1a00007a0000e3e3a23d789cec9d077c,7.8462,little,4,5714
arc-3cd66601b30b9429,mus-f6c13dbc3955b55c,67586,f6c13dbc3955b55c5223b15e92d73f13f5648fcd52e2673878870fb842f4470c,True,2007,True,001a00009897a6e7d48e789cec7d079c,7.9222,big,4,4861
arc-3cd66601b30b9429,mus-f109f30ce6534a11,71282,f109f30ce6534a11b0f855148cede42a45e17de6c5c81634c95b8b6abebc385f,True,2007,True,001a00009ed210b04a66789cecbd0798,7.9246,big,4,4973
arc-3cd66601b30b9429,mus-9a75fdbe02bb2ecd,69792,9a75fdbe02bb2ecdb26f9cd42d10d52400dc4fb8f268b75e3736fd3f16fd5ce5,True,2007,True,001a00009d07e440feeb789cecbd0798,7.9340,big,4,4923
arc-3cd66601b30b9429,mus-33ee98afe0407b61,57435,33ee98afe0407b6122a594ec07f3637e47c6970916be82cc56cd1ebc9bef7883,True,2007,True,001a00008baf8bdff519789cec7d07b8,7.9010,big,4,4857
arc-3cd66601b30b9429,mus-b1026e8664fdf4e3,57721,b1026e8664fdf4e3031e1d3930268701891cd20eb0c25fd66cb82c2b26402eb6,True,2007,True,001a00008c302677254d789cec7d0798,7.9085,big,4,4867
arc-3cd66601b30b9429,mus-051a135960cbc045,53545,051a135960cbc04593979cd7c9c133e708f33e31796f3917a9c0b8421732941a,True,2007,True,1a007d8000005e856522789cecbd077c,7.8721,little,4,5888
arc-3cd66601b30b9429,mus-24fdc0608a57f98c,52486,24fdc0608a57f98cc64fe60bbac3816a96114a4db29608f3cf67c9eb89dac594,True,2007,True,1a00ae7f0000f997da1e789cecbd077c,7.8729,little,4,5746
arc-3cd66601b30b9429,mus-e8ad65b6f02157bd,63534,e8ad65b6f02157bd96388052f4ef2e618da9a569d23add1499e44d23ebb6b162,True,2007,True,001a0000958652b90417789cecbd0798,7.9245,big,4,4768
arc-3cd66601b30b9429,mus-4d568b8edbe029b3,60017,4d568b8edbe029b35f94a5e8998239f3cd59a3b717ad9f0ae326250203e360f0,True,2007,True,001a00008eab6f104b95789cecbd0798,7.9282,big,4,4644
arc-3cd66601b30b9429,mus-b6cff70051e67a15,94038,b6cff70051e67a1567d5915ed2b7468ad89ffb782cc4fa3601f1b74bacae10b1,True,2007,True,1a0040b3000077dfea3f789cecbd0798,7.9264,little,4,5627
arc-3cd66601b30b9429,mus-dfaa6dc438023d90,76796,dfaa6dc438023d90a047180c1f9dcbf42b1fbf36b6d1e2d2aec872eebb013478,True,2007,True,1a00dea10000941559fb789cecbd0778,7.9280,little,4,7644
arc-3cd66601b30b9429,mus-e11eeb5e29ceef6f,60273,e11eeb5e29ceef6f355ae3618231b8af26cb64af234601882a361707398b1cfe,True,2007,True,1a0068880000987a3322789cec9d077c,7.8867,little,4,6290
arc-3cd66601b30b9429,mus-49fe5862a0d35898,59808,49fe5862a0d358987dcec5ecf19dfca0c534291c9088a7164949917d804b7ec5,True,2007,True,1a001b880000e13f84b2789cec9d077c,7.8838,little,4,6191
arc-3cd66601b30b9429,mus-8c969d53f1c9b4e5,63944,8c969d53f1c9b4e52dea516d4ce58c9b910150cacb687af5b687daded5208815,True,2007,True,001a000094d8a608da41789cec7d0798,7.9324,big,4,4901
arc-3cd66601b30b9429,mus-9716a32ab892b11d,60875,9716a32ab892b11d51633c4f005e70bb2197b60986fcc316b05cb693e7d33bcf,True,2007,True,001a000091a784788828789cecbd0798,7.9242,big,4,4848
arc-3cd66601b30b9429,mus-93be37ad01db9d7d,54087,93be37ad01db9d7d8a484bdd0193c42541b908c43447568b4d908bee78e7b360,True,2007,True,1a002e82000035154090789cec9d077c,7.8562,little,4,5986
arc-3cd66601b30b9429,mus-252e41a053bf7c9a,63256,252e41a053bf7c9a45cd85ff31002d42ece8160157777de288df5aaf3a21fd14,True,2007,True,001a00009740384cb4d2789cecbd079c,7.9197,big,4,4921
arc-3cd66601b30b9429,mus-60176f94f206b0d8,54329,60176f94f206b0d809c5495a620e02b512763c7ff6adf1bc66d5e7dee42e73c3,True,2007,True,1a00d481000066ac2c20789cec9d077c,7.8678,little,4,4783
arc-3cd66601b30b9429,mus-0d7fc7a881b30b05,48797,0d7fc7a881b30b05debf8bed34044f2c5c01462136c256da7239f25d856380f0,True,2007,True,1a00ed7900000018ee84789cecbd077c,7.8592,little,4,4621
arc-3cd66601b30b9429,mus-9f4c3f53323d81bb,56074,9f4c3f53323d81bbe9cede7da019ec1d5b072be3a9cb74ab515313a2a6974c4d,True,2007,True,001a00008a30f6d93f62789cec7d0598,7.9228,big,4,4761
arc-3cd66601b30b9429,mus-d8ba3adc10386c75,52463,d8ba3adc10386c75b898015ca4f279484e939ddb469e9073c438295a6ac5aafd,True,2007,True,001a000083a7ff24c645789cecbd0798,7.8862,big,4,4677
arc-3cd66601b30b9429,mus-e3276a899f0cc5e9,53656,e3276a899f0cc5e9378c19386c95b1d5880f8c286deffdb1b609cf876da54cf1,True,2007,True,001a00008540bf4fee54789cec7d079c,7.8925,big,4,4712
arc-3cd66601b30b9429,mus-5cffd7c83fc039ed,58819,5cffd7c83fc039ed9abe113444e24bf12971a646fa36009a489a8da4026a144b,True,2007,True,001a00008df72a1b804c789cec7d0798,7.9227,big,4,4805
arc-3cd66601b30b9429,mus-5b9eedb0d4b8e3b8,58337,5b9eedb0d4b8e3b84e34c38d285b6497db93d2695e88a018f901c02ce3308a16,True,2007,True,001a00008bbb8d85229c789cecbd0798,7.9285,big,4,4780
arc-3cd66601b30b9429,mus-567c71b0563d60fb,58663,567c71b0563d60fbc5a11cfb66d7019fb6fd7a4dec2f1732ba143c0a0b4b02a2,True,2007,True,001a00008c5a161232d5789cec7d0798,7.9259,big,4,4788
arc-3cd66601b30b9429,mus-90972c0626061a6c,484703,90972c0626061a6cbbc642c0189470c41a6f9da54b381037ce6b51ff89fb6657,True,2007,True,1a0006320200c22f27ac789cecbd0798,7.9678,little,4,15027
arc-2da3cafcd199be91,mus-6aa11fa801b3c4ac,287812,6aa11fa801b3c4ac0d80ae5bf5f167f6ce6c2c54b3dcee1bd8327ee30c647da7,True,2012,True,1a005b2a020050ce0daf789cec5d7da0,7.9682,little,4,0
arc-f15d372e5ba5c760,mus-8a110f04bef8af70,270508,8a110f04bef8af701d6f88f293edc4e493cc1b7a97c1e487e95201338418d7e4,True,2012,True,1a00cced0100cb58dfb9789cec7d0bbc,7.9660,little,4,0
arc-ad30fe1758a3cd1a,mus-0f837f260ff45292,301912,0f837f260ff45292ad215602c1969ed7f085618b835a6e356414231d11407fa4,True,2012,True,1a0078150200881f03f7789cec7d0b9c,7.9765,little,4,0
arc-9e6b514531498fc9,mus-7d6085eee55402d3,160939,7d6085eee55402d3957e30f89d29648a732a236518891cb8e8740e4fd53f0956,True,2012,True,1a00080201006dfe6530789cecbd09bc,7.9397,little,4,11870
arc-e72d6bdc7993833a,mus-4a692fc75cfdec2b,234138,4a692fc75cfdec2bb0b2455849755c076e49187d0ccb1f8d43261d4d87f31c3b,True,2012,True,1a00f1cd0100877dc03b789cec7d09a0,7.9723,little,4,0
arc-db1998cca5b2ff78,mus-57d1ce297b251f51,12478,57d1ce297b251f51c2ec0ad790638cf43c115207c5865457725addf162e17962,False,2.6,False,00000012000002000000444100300000,3.7881,none,0,0
arc-b5caf55a79dd506c,mus-6970e0bde1a102f3,156120,6970e0bde1a102f3137a3e0aa2c724ac63e9b8530b78af344a615229200b9206,True,3.2,False,0001000114f6fffe3031000000000004,3.5745,none,0,0
arc-dc3e9a4d5444471a,mus-26a4b3fbc2bc36a1,87069,26a4b3fbc2bc36a188c04af66a61a97c42fbee91d7fa1ca9e17ff00749b39433,True,97,False,00010000c80600312661000100000000,3.4096,none,0,0
arc-31bb269bc609a289,mus-6298a9bc4e8c1255,362921,6298a9bc4e8c125585780e02e021ae907e71236571a7a64caf45c2ebe02bcfc7,False,2.6,True,000001d4000002000000444100480000,4.3906,none,0,0
arc-31bb269bc609a289,mus-ae5cb6e6f7235688,310697,ae5cb6e6f72356882364f11331fd952fd8379a09166b6d2fec27d7ff466f94ac,False,2.6,True,000001b30000020000004441003c0000,4.3822,none,0,0
arc-31bb269bc609a289,mus-bd0042f8e0354192,706473,bd0042f8e0354192fed2048f74960107032554d357c6ed797854dc3c443556a7,False,2.6,True,0000023c000002000000444100300000,4.4259,none,0,0
arc-31bb269bc609a289,mus-851e50ffa96534f6,201216,851e50ffa96534f6daa7fb7e5812424029b1a0a34ad076bf1ed13f88f2eb8e3e,False,unknown,True,6f6c6f6e63656c6c6f0d092831393932,5.0255,none,0,0
arc-31bb269bc609a289,mus-861b18ad06442d00,312233,861b18ad06442d008b9b28cc4e7ba8a72d7e2dbe8fda7a2beba12cea3598f8ab,False,2.6,True,000001b40000020000004441003c0000,4.3833,none,0,0
arc-31bb269bc609a289,mus-0bec475a6cf4c223,373673,0bec475a6cf4c2232bbcdec9154211d2f3ec5e854fe016d7f54b5e45dba53323,False,2.6,True,000001dd000002000000444100480000,4.3739,none,0,0
arc-31bb269bc609a289,mus-14f0c3cebdf8d3b1,375721,14f0c3cebdf8d3b1870ee6bf5f1c016d9da6ae75a41168561e03e1ebe7e1b916,False,2.6,True,000001db000002000000444100480000,4.3816,none,0,0
arc-aea972d694ed8044,mus-589fbabc147c8ab2,156161,589fbabc147c8ab2d60336c94cf24312949b7bf14b4ee379f2304226d22a16dc,True,97,False,000100015f3600312661000100000000,3.5875,none,0,0
arc-aea972d694ed8044,mus-eaec6c0a54726b27,215214,eaec6c0a54726b2736c4521a4b4fa549fbf2e63cd0b453b707f66a8745e7f68c,True,2000,False,000100017f6600312661000100000000,3.5686,none,0,0
arc-aea972d694ed8044,mus-49097c9324f7be56,19919,49097c9324f7be5688d014d25cba84d2a810e3c21935d8d7a38407313d708120,True,97,False,00010000465600312661000100000000,3.3131,none,0,0
arc-cea2d3e881811338,mus-3f3a3f3d864cff5b,93437,3f3a3f3d864cff5ba161fdd13dee60d28fede3c7eb8c46857a21774574be24f8,True,2000,False,00010000af7600312661000100000000,3.6158,none,0,0
arc-cea2d3e881811338,mus-0f14a087c75c39fc,140951,0f14a087c75c39fcdf2f1a7b3f3da331fdf6756f68c49ccec88cafa8953747c5,True,2000,False,00010000e87600312661000100000000,3.6461,none,0,0
arc-cea2d3e881811338,mus-03548555031d1ee1,144241,03548555031d1ee116c9a50599c5f07186633dc991854cae9794b461fb85a702,True,2000,False,00010000b8c600312661000100000000,3.4284,none,0,0
arc-cea2d3e881811338,mus-c0531a1457fe1411,135043,c0531a1457fe14119cea7266d648338e33d21f09cccaf2dbebeaefb269bd246a,True,2000,False,00010000da6600312661000100000000,3.6987,none,0,0
arc-c69c5dbad3bbb0b9,mus-27eb9f4012abd824,246238,27eb9f4012abd824c5dca4b14088480c37d3677ea03adad8e6fbe6400bd12578,True,2000,False,00010002d26600312661000100000000,3.7912,none,0,0
arc-c69c5dbad3bbb0b9,mus-6173f1993e764109,257842,6173f1993e764109cbba1217781a4058c076956007a16065871cce55a4c27dc2,True,2000,False,00010002e4d600312661000100000000,3.8769,none,0,0
arc-c69c5dbad3bbb0b9,mus-46949d8dcf5961df,258709,46949d8dcf5961dfebccfb49ea67db1d3d81e5facd27da8f437d942db5029766,True,2000,False,00010002e3a600312661000100000000,3.8986,none,0,0
arc-c69c5dbad3bbb0b9,mus-2b58b1e3848e66c7,237191,2b58b1e3848e66c706c6f7647c5b1d22a0390ed23065efbeccd94b1100cafa65,True,2000,False,00010002c21600312661000100000000,3.8026,none,0,0
arc-c69c5dbad3bbb0b9,mus-d4560c017c5451e4,245318,d4560c017c5451e416af3c951bab75050fa83c0ecba001f3811f518fe9640109,True,2000,False,00010002cc2600312661000100000000,3.8248,none,0,0
arc-c69c5dbad3bbb0b9,mus-35a2787ab2708196,244755,35a2787ab27081966f5a42d35c0ec7cfa5779f2d4dab168b95c978518bfef22d,True,2000,False,00010002cd8600312661000100000000,3.8091,none,0,0
arc-c69c5dbad3bbb0b9,mus-c0ca3d6fa7087571,251082,c0ca3d6fa708757148832b036c846ba3754922436f778c623c1bcacaec9713b7,True,2000,False,00010002d3a600312661000100000000,3.8375,none,0,0
arc-c69c5dbad3bbb0b9,mus-cdf86b7e9a07292d,236509,cdf86b7e9a07292d78ff71ee60e4cda39b2b11da2ce41459d1db68f4ae9469e7,True,2000,False,00010002bf6600312661000100000000,3.7694,none,0,0
arc-c69c5dbad3bbb0b9,mus-6ffcfdb537fb7b92,638226,6ffcfdb537fb7b92bb49c4f43da33d3bf5c2bf9aa92ef1c73e7b9223c20d7e0b,True,2000,False,0001000496e600312661000100000000,4.0003,none,0,0
arc-2b13f320c62a59a3,mus-23ff928ba17c1ead,434987,23ff928ba17c1eadb5f1af78349b30e30f1eedab17d806da38a8af4e83218a36,True,2000,True,00010003181600302661000d00000000,3.5802,none,0,0
arc-2b13f320c62a59a3,mus-81bf8644f901b86e,1485322,81bf8644f901b86ec7873b173a00021d5107277b8450e14acdee704378e0c97f,True,2000,True,00010007bfe600302661000d00000000,3.6370,none,0,0
arc-2b13f320c62a59a3,mus-de30adaf7cd428c2,454571,de30adaf7cd428c262461d0a799806097a4aececea8f5a7c87b851523c05d1ee,True,2000,True,000100032b1600302661000d00000000,3.5837,none,0,0
arc-2b13f320c62a59a3,mus-2d58bab453b9435f,536645,2d58bab453b9435f9c70f518361eed6ba7da9efdcc2850f43de60c2f0ed15437,True,2000,True,00010003c2f600302661000d00000000,3.6664,none,0,0
arc-2b13f320c62a59a3,mus-e1cc23090c7bdf32,498845,e1cc23090c7bdf3273bdea99c19352b7d6332055f51a3ed60233c397a3afecd9,True,2000,True,000100037f9600302661000d00000000,3.6386,none,0,0
arc-4f7361d1b8865adc,mus-214bbaf9c672de46,394542,214bbaf9c672de46d73070467fe952fb6d9d3cb2d67fe94757cbd492e725b9f4,True,2000,True,0001000342d600312661000100000000,3.7554,none,0,0
arc-4f7361d1b8865adc,mus-cc90abe6220979c8,410606,cc90abe6220979c8449b08c87ef31f57acf6a283d4359f071682c98ce3edce1d,True,2000,True,00010003515600312661000100000000,3.7403,none,0,0
arc-4f7361d1b8865adc,mus-6d76fb8888edd864,408828,6d76fb8888edd864f36b1871a08d2e32f1d7908ac9c0a70e5d417be9c7016cca,True,2000,True,00010003512600312661000100000000,3.7471,none,0,0
arc-4f7361d1b8865adc,mus-1f9713b29ce12e25,423384,1f9713b29ce12e25c8a6f51a7b67c1c5628c8800392cb171390bb93ff7ca10a0,True,2000,True,00010003774600312661000100000000,3.7339,none,0,0
arc-4f7361d1b8865adc,mus-9330f2bafadb010c,414780,9330f2bafadb010c4ed4cfe061d5882958279a4d38821f8347013c69ee9e02eb,True,2000,True,000100036da600312661000100000000,3.7354,none,0,0
arc-4f7361d1b8865adc,mus-b46b90876ff03f89,407558,b46b90876ff03f899c3605be255fa1a934317b7d9ad4b580a3bb676a096af895,True,2000,True,0001000369c600312661000100000000,3.7260,none,0,0
arc-4f7361d1b8865adc,mus-23b9c398f1934e05,404258,23b9c398f1934e055654a224934026cbf7fc5aa2ddc3d35558b3dd3af3d78057,True,2000,True,00010003639600312661000100000000,3.7246,none,0,0
arc-4f7361d1b8865adc,mus-6917b07fe4b987fe,703483,6917b07fe4b987fef7386b947f15dfb44691990b6260bd348acb644b0d5e0494,True,2000,False,00010004271600312661000100000000,3.7621,none,0,0
arc-4f7361d1b8865adc,mus-d040bcc47d20f271,649259,d040bcc47d20f27158da3cbea00a90e6299e930630eeb857ff7d8ff37f5d9b3d,True,2000,True,00010004a87600312661000100000000,3.8232,none,0,0
arc-4f7361d1b8865adc,mus-5a7f67d3e1a3384e,402085,5a7f67d3e1a3384e0ec152ec22b6409e794e75bfb4cbfdb1a66c19508260ed0e,True,2000,True,0001000343d600312661000100000000,3.7513,none,0,0
arc-4f7361d1b8865adc,mus-d895ba84793bd539,389290,d895ba84793bd5395b37c63066f485daf32b4fdb4c6f16915b9fde404d9efc36,True,2000,True,00010003399600312661000100000000,3.8122,none,0,0
arc-4f7361d1b8865adc,mus-e9e54eee128d47ea,384434,e9e54eee128d47ea0fc7f1a87287c28ea15853b80fabeb2413968711476d2a59,True,2000,True,0001000355c600312661000100000000,3.7514,none,0,0
arc-4f7361d1b8865adc,mus-85bc6a98232d8d2a,383368,85bc6a98232d8d2a009c961944be67a63ea1019aac670aa0d9426220e03442fc,True,2000,True,00010003561600312661000100000000,3.7401,none,0,0
arc-4f7361d1b8865adc,mus-6902a07fe4834539,376150,6902a07fe48345394da541cdb6de0fde7e85e23a7275d4e6f995777016e60f83,True,2000,True,0001000343e600312661000100000000,3.7482,none,0,0
arc-4f7361d1b8865adc,mus-018c7468f77a37b9,408372,018c7468f77a37b93bde7aeb3eb269887d264804cfd7269cd9f31ec186ea701d,True,2000,True,000100036c7600312661000100000000,3.7614,none,0,0
arc-4f7361d1b8865adc,mus-d74b1ad8b33f772d,402630,d74b1ad8b33f772dcb53633cdcc32ab556c003b19664cf0b4a1af9b91823c3b6,True,2000,True,00010003608600312661000100000000,3.7681,none,0,0
arc-4f7361d1b8865adc,mus-317c5a5a4cf1af3b,386697,317c5a5a4cf1af3b7824326c47801a0523a1c85eca540e953d9e94e7d5fc58c4,True,2000,True,000100034b9600312661000100000000,3.7917,none,0,0
arc-4f7361d1b8865adc,mus-97ae5e8224e6f5be,457776,97ae5e8224e6f5be6382f772c94016caff207b3e509a5b020bcc4bd0110f2447,True,2000,True,00010003639600312661000100000000,3.7774,none,0,0
arc-4f7361d1b8865adc,mus-fb068ff645fa801b,453800,fb068ff645fa801b5f73c14f36499081b9af477059c7a3cb5d84753ebfef64a0,True,2000,True,000100036d5600312661000100000000,3.7944,none,0,0
arc-4f7361d1b8865adc,mus-3be88c160310fe73,479918,3be88c160310fe7332007df527f795d816945cd8a35655ff08fa121ff6e015db,True,2000,True,00010003e3d600312661000100000000,3.8707,none,0,0
arc-4f7361d1b8865adc,mus-374b7d3817be0316,464544,374b7d3817be031646e4a2b4533a15974d198a1e8642bf078916301225ff3944,True,2000,True,00010003cea600312661000100000000,3.8183,none,0,0
arc-4f7361d1b8865adc,mus-8a69c4c142ed0933,460994,8a69c4c142ed0933c3e0bb3667426d84995718526cb00b6557fe30894a380283,True,2000,True,00010003c63600312661000100000000,3.7906,none,0,0
arc-4f7361d1b8865adc,mus-1a289372eac336a2,452286,1a289372eac336a25430c2ff3b4a05f45eef028dfff4582cf05a7a2760e16520,True,2000,True,00010003aa6600312661000100000000,3.7742,none,0,0
arc-4f7361d1b8865adc,mus-49e064320623303a,496020,49e064320623303ad9033959ff05cea181afbd999b98f2ebf341c08d71377cef,True,2000,True,00010003e15600312661000100000000,3.8133,none,0,0
arc-4f7361d1b8865adc,mus-9640a259085d42d9,455496,9640a259085d42d9445411e8a6311fd35d04dd3498b64e6fce37e06bcc4933e6,True,2000,True,00010003adf600312661000100000000,3.7989,none,0,0
arc-4f7361d1b8865adc,mus-04d8f05b03c320b5,458564,04d8f05b03c320b5e52b8fa1176c7791de379828797ae131f948b615181d7c03,True,2000,True,00010003b06600312661000100000000,3.7910,none,0,0
arc-4f7361d1b8865adc,mus-4dc5ed2eaf023304,806149,4dc5ed2eaf023304e46c190e8af286757134223b7a20ba853c18a8690a590c29,True,2000,True,00010003c57600312661000100000000,3.8314,none,0,0
arc-4f7361d1b8865adc,mus-5796ddae8ebbcbb5,498984,5796ddae8ebbcbb5bef0801caa064e7ac3f933d988dff1522636dd2f7fc42318,True,2000,True,00010003d44600312661000100000000,3.7889,none,0,0
arc-4f7361d1b8865adc,mus-1af987bc75e5a373,494140,1af987bc75e5a37354155d81fb7463b33d1420cf1b6cd3c1b9f60c18985be45f,True,2000,True,00010003d7d600312661000100000000,3.7933,none,0,0
arc-4f7361d1b8865adc,mus-4dd0a63809c7c184,470629,4dd0a63809c7c1840ea2b3366050154ff7dba7a82ce4c57f086bbb263909253e,True,2000,True,00010003ded600312661000100000000,3.8549,none,0,0
arc-4f7361d1b8865adc,mus-64d1fc2fda604cc7,457647,64d1fc2fda604cc7f71df7aed3bb0dabf7abeab8c963a70914f842ff88818f16,True,2000,True,00010003c3a600312661000100000000,3.7998,none,0,0
arc-4f7361d1b8865adc,mus-783949b41f54598f,470267,783949b41f54598f310fa565cf730bd917567578d291e23e6604fdc607b43dbd,True,2000,True,00010003b8f600312661000100000000,3.7915,none,0,0
arc-4f7361d1b8865adc,mus-5d3ea0f918bdf9ee,442063,5d3ea0f918bdf9ee68989365aeed1bbfb4e81cb672919b44fc49f11eaab12240,True,2000,True,00010003ac4600312661000100000000,3.8103,none,0,0
arc-4f7361d1b8865adc,mus-792934c09805b77b,426371,792934c09805b77b8e9995c6d4fee7b9fc342da0a7483e79fc6c4c85c066ad2d,True,2000,True,0001000394a600312661000100000000,3.7543,none,0,0
arc-4f7361d1b8865adc,mus-7b7ca046084ecc8d,440635,7b7ca046084ecc8df632c643604c7b68ee0e36eb7ee8f6da5104ee581840bf12,True,2000,True,00010003764600312661000100000000,3.7799,none,0,0
arc-4f7361d1b8865adc,mus-b0b334b4aa48c7d9,427034,b0b334b4aa48c7d9793c81a71919618e8c3fc8764b8e89898b3201ff15e1d795,True,2000,True,000100038ea600312661000100000000,3.8101,none,0,0
arc-4f7361d1b8865adc,mus-b969cf7e22459fd6,1417831,b969cf7e22459fd644e1436bfeb897d3a16685fe2bf52baf6578bce9a6503165,True,2000,True,00010006665600312661000100000000,3.8023,none,0,0
arc-4f7361d1b8865adc,mus-5c5e05129efb8626,1254762,5c5e05129efb86266a33328dd3caccb99f2cc7b2f6edc835c48e895adcbafc71,True,2000,True,00010005b37600312661000100000000,3.8403,none,0,0
arc-4f7361d1b8865adc,mus-91aad492e09e5c74,2124621,91aad492e09e5c74c99e164b81bfa3308332f9f9b738768af5eb3cb5dbcb1b11,True,2000,True,000100088ca600312661000100000000,3.7009,none,0,0
arc-4f7361d1b8865adc,mus-802746ef8d9c8090,371535,802746ef8d9c8090e74c15dddd5c4163ca3e1546483bfe7a4afd216923fcfca3,True,2000,False,0001000109e600312661000100000000,3.9090,none,0,0
arc-4f7361d1b8865adc,mus-860a5ac3ec1e7c30,379281,860a5ac3ec1e7c3088e8c2a32d9e96fed9ab502d5b55cd8465063674dc6015dd,True,97,False,00010001617600312661000100000000,3.9235,none,0,0
arc-9214769337fe4d3e,mus-bdb7049dd74f8fdf,81842,bdb7049dd74f8fdf0481d1f6b3719cec2cc4cc64abb9974497d03f94965e9aa8,True,2002,True,000f00005b0c9530a2d9000400c43011,7.5906,none,0,0
arc-9214769337fe4d3e,mus-789f2a96109db56c,72063,789f2a96109db56ca3141b1626a25df2f64c6dcb0959c26b51b015fc75ec18c6,True,2002,True,000f000053d957ebfc29000400c43011,7.5215,none,0,0
arc-9214769337fe4d3e,mus-0cd0179cc22806a3,91092,0cd0179cc22806a3199768b2006f0289f1c1b345058f4df79e100907b329cdf8,True,2002,True,000f0000627fc8528e63000400c43011,7.5194,none,0,0
arc-9214769337fe4d3e,mus-827aa5ad8d058155,32928,827aa5ad8d05815564f2cb1fd0c8ed78baf174f451f450632972de889410e990,True,2002,True,000f0000355f17f3f0f4000400c43011,7.5418,none,0,0
arc-9214769337fe4d3e,mus-8633f945c6fc15ca,69659,8633f945c6fc15ca579f0f1e194c66203dadfe2e2bcf4e11b75d3c56009b435f,True,2002,True,000f000059c090d618e7000400c43011,7.5233,none,0,0
arc-9214769337fe4d3e,mus-af9be9a5c89185dd,91573,af9be9a5c89185dde85bdfac6fe72ec65c0e4fcf158660d65b9aa83d033f3cad,True,2002,True,000f000064a4b6f2512d000400c43011,7.5303,none,0,0
arc-9214769337fe4d3e,mus-7ca7e512a3268208,52356,7ca7e512a3268208288be1d6e6a5244be94bd7ba1b7eb6a6f351e6f273680817,True,2002,True,000f0000451be64eafb8000400c43011,7.5281,none,0,0
arc-9214769337fe4d3e,mus-c1a543976e9ddb2c,83382,c1a543976e9ddb2c7ad883839849429079b5721911dae7169dad3bf5fb4a1eec,True,2002,True,000f000064be63dc5e2d000400c43011,7.5096,none,0,0
arc-9214769337fe4d3e,mus-9fbd8c52d2a16380,220185,9fbd8c52d2a16380c046b09a917b761dd6da1b20d1a1f6cccecf46b5a0ef3054,True,2002,True,000f0000ea54d0133f42000400c43011,7.6477,none,0,0
arc-e65d276f93875da1,mus-a0af24ea2bfd4f79,86192,a0af24ea2bfd4f79f89b914e643a5e3cd7780eaed6602bc041870aa5de036cca,True,2002,True,000f0000a0139086ad39000400c43011,7.6330,none,0,0
arc-e65d276f93875da1,mus-744abe87cf158857,106452,744abe87cf1588577cc050acf70482120406a77da8046f4f92bfe806818878b8,True,2002,True,000f0000bed4354b68f9000400c43011,7.6523,none,0,0
arc-e65d276f93875da1,mus-7321735e39f4c2df,71706,7321735e39f4c2dfdda998966b4f398d39a558102cad8bf4a1945f4368b52f43,True,2002,True,000f000082f368966f50000400c43011,7.5998,none,0,0
arc-e65d276f93875da1,mus-93662056a0dcdcb9,65474,93662056a0dcdcb9ccd20f52d0db7bc84e07028a8c944338ea6a632abc62b60d,True,2002,True,000f00007d025e53f2e6000400c43011,7.5720,none,0,0
arc-e65d276f93875da1,mus-3384c853b42b65ce,102444,3384c853b42b65ce837eb8d1d7bb6595d82e36b6092346c4d94d844ff7ca88ee,True,2002,True,000f0000bdc9c6b5ea57000400c43011,7.6741,none,0,0
arc-e65d276f93875da1,mus-fd12e40704771fd8,397624,fd12e40704771fd8268511519340bffa6e80e85c35775c2931e75fd7efee66ce,True,2002,True,000f0001fbe1f4059494000400c43011,7.6435,none,0,0
arc-e65d276f93875da1,mus-ebb8241c4bd04a8a,18510,ebb8241c4bd04a8a17674c4766d52abcf988fb305f3a1aace8a704eb2d8f8f5f,True,2002,True,000f00002c7eb0d426e4000400c43011,7.5629,none,0,0
arc-7fc65572c304e872,mus-04c36387bc2a4468,38113,04c36387bc2a4468483138f4a34fe9b8d9832142428cf6276e6403be749f486e,True,2003,True,000f0000583759ed20dd000400c43011,7.6413,none,0,0
arc-7fc65572c304e872,mus-3864518c4eabd7a0,20869,3864518c4eabd7a0c4fc5a224dd1d4f242739172d9fb71d93bd2485be899f6b4,True,2003,True,000f000032479854c00a000400c43011,7.6689,none,0,0
arc-7fc65572c304e872,mus-93b4f0f3e63c6e2b,76659,93b4f0f3e63c6e2bf4d6769bb98b2ac7de38e73fcb7ac7785c62411414f2a8d3,True,2003,True,000f000090c7703a894d000400c43011,7.5730,none,0,0
arc-7fc65572c304e872,mus-e6096d5b117fb69a,30464,e6096d5b117fb69a7aa7cf46b87521932f1d4e0736377d84ded9a4abdb839c26,True,2003,True,000f0000370153a35711000400c43011,7.6149,none,0,0
arc-7fc65572c304e872,mus-5a12781aadb52568,34035,5a12781aadb52568362052c76158a877e92c84e5e8a461c7d12be70c5e32516a,True,2003,True,000f00003c73ccdd5c87000400c43011,7.6620,none,0,0
arc-7fc65572c304e872,mus-7000926675063dcf,61583,7000926675063dcf06048c4f0cf129b5d331224567f6147d7c899b22857154b4,True,2003,True,000f000068baea08d5db000400c43011,7.6019,none,0,0
arc-58144285233dcd0f,mus-ce16bc8481196d02,170263,ce16bc8481196d0234e26b367ce1ae7124bc8f39490baa866d4d54b6caaa5649,True,2000,False,000100017e7600312661000100000000,3.5962,none,0,0
arc-58144285233dcd0f,mus-26d10d85e96a7bef,218072,26d10d85e96a7bef400a054e2951d900af9de799d53588e20d56e063a3b0d863,True,2000,False,0001000183a600312661000100000000,3.5652,none,0,0
arc-58144285233dcd0f,mus-49097c9324f7be56,19919,49097c9324f7be5688d014d25cba84d2a810e3c21935d8d7a38407313d708120,True,97,False,00010000465600312661000100000000,3.3131,none,0,0
arc-19448688da74fa3b,mus-e4ea621e55ea652b,113188,e4ea621e55ea652b660b0a81ebfb59e0e3f583006515f4c4c41abdbef6c0c14c,True,2002,True,000f0001175817ac5bd2000400c43011,7.5948,none,0,0
arc-19448688da74fa3b,mus-ee810e07c05b6db8,246781,ee810e07c05b6db815a8bc171e13698cf6526ab7dfe6a4e330c00c7254e0114c,True,2002,True,000f00015f9f92898f90000400c43011,7.5783,none,0,0
arc-19448688da74fa3b,mus-510659df19d08d03,123108,510659df19d08d03866913703eb8ce2a8425807357921028122e336867d6798f,True,2002,True,000f00011cedae0ddd06000400c43011,7.6353,none,0,0
arc-19448688da74fa3b,mus-d60177deef79224b,112124,d60177deef79224baeff77d58fb8e6ce61d23944b9159eef051b67565ef3d7b0,True,2002,True,000f000113636f604f5b000400c43011,7.6012,none,0,0
arc-19448688da74fa3b,mus-9a6fd95ec57849ff,115638,9a6fd95ec57849ff9e767e2d4af088cb0652733d81779a38f24ec6c86295d3be,True,2002,True,000f0001197e062623c5000400c43011,7.6189,none,0,0
arc-8cf957f1b2846d66,mus-0972b349f7d44a06,702478,0972b349f7d44a06672f54d337a58c350f79e7aa35c4c4445baa5c803cc7fa0a,True,2003,True,000f0004101abb7c9743000400c43011,7.6836,none,0,0
arc-8cf957f1b2846d66,mus-862984bea2d9bb46,449073,862984bea2d9bb4629dadf5d61b97e8e481c374a1e3353389c2668644667246d,True,2003,True,000f000221b3368c0ce7000400c43011,7.6161,none,0,0
arc-8cf957f1b2846d66,mus-2ae2d2e9d592ffe6,284761,2ae2d2e9d592ffe6c9e6bd12e266eb0f6a7095055692f66025af7848ee7d822a,True,2003,True,000f0001b49a5f28abc5000400c43011,7.6393,none,0,0
arc-8cf957f1b2846d66,mus-c272b9494f42e5b3,179236,c272b9494f42e5b34c4760ba2c857941c8f94c4828107b53967c6ec372943161,True,2003,True,000f0001096ed536720a000400c43011,7.5634,none,0,0
arc-8cf957f1b2846d66,mus-afaa3907aca2da18,800335,afaa3907aca2da18f01e5ebb6ac37ed0b21583386be5bf505171e552b7897cff,True,2003,True,000f000446c86a2fe028000400c43011,7.6725,none,0,0
arc-8cf957f1b2846d66,mus-bf511e5e7738fa9e,251641,bf511e5e7738fa9e3f61db5a2cf4756e3ea2fc938b714274d62c0e64652a5ef2,True,2003,True,000f000261aba10656ae000400c43011,7.6264,none,0,0
arc-8cf957f1b2846d66,mus-3d59be2e9812470a,83615,3d59be2e9812470a9e303a050b3fcc70de616d0fdefbaa5ce71be7532a8fbde5,True,2003,True,000f000074f00134d0a8000400c43011,7.5165,none,0,0
arc-8cf957f1b2846d66,mus-b970b65d3e380379,16457,b970b65d3e3803793c5d661626981360cadd0714f3819f4b4066287372203d48,True,2003,True,000f00002c259afc2119000400c43011,7.7278,none,0,0
arc-8cf957f1b2846d66,mus-d789e3cbba675255,40473,d789e3cbba675255826fefc22ccaf742f89711dac0f7ba9ddef6bfea0802800f,True,2003,True,000f00002f02c0d165bc000400c43011,7.4876,none,0,0
arc-8cf957f1b2846d66,mus-9a5245e39cb6613d,91316,9a5245e39cb6613dcefc8f3b6bdf069ddbeca7d4f20ba322eac96fcb10c3c385,True,2003,True,000f00004dd1057f940a000400c43011,7.4552,none,0,0
arc-8cf957f1b2846d66,mus-356e5baec493ead8,56479,356e5baec493ead8edcd175149b2e7dd9bebe4d6ba8111857426f635d715c1bc,True,2002,True,000f0000397e3dffdc2e000400c43011,7.5430,none,0,0
arc-8cf957f1b2846d66,mus-f15fcbff3d037122,9107,f15fcbff3d03712224f305f84fbd1b32e7dba5cd06f71354447a7d4839d0ed2f,True,2002,True,000f000017e7f88d7a21000400c43011,7.7260,none,0,0
arc-8cf957f1b2846d66,mus-ff15f9684de71c38,30190,ff15f9684de71c38a67ab7e4852c8e0f0ad41b6c1b35c3baa98eef7ef6a5a7db,True,2002,True,000f000030e3082c4736000400c43011,7.5514,none,0,0
arc-8cf957f1b2846d66,mus-79e64580983bc6de,34797,79e64580983bc6de5d0280cad085006261fadd8f9c60da1a0b8d6c382595c184,True,2003,True,000f0000317e68277d43000400c43011,7.6014,none,0,0
arc-8cf957f1b2846d66,mus-60b05cb3281c1b63,28605,60b05cb3281c1b632c296d5f4637b3bd060cc17e5eaa07e806526629263863cc,True,2002,True,000f00003034f9187ab4000400c43011,7.5561,none,0,0
arc-8cf957f1b2846d66,mus-9811af8dc272a029,20251,9811af8dc272a029ac548805e2ae1b088546503f19da40694656fca847f3fd67,True,2002,True,000f000025b28bc16997000400c43011,7.7356,none,0,0
arc-8cf957f1b2846d66,mus-d1cb27e8439694ce,45114,d1cb27e8439694cedaf13e43fa688ec47fdaee46191e28cf3e3a149695439e22,True,2003,True,000f0000449db8d59b63000400c43011,7.5575,none,0,0
arc-8cf957f1b2846d66,mus-c4863b3df15cd263,122643,c4863b3df15cd2638f52cb18088497c81afc6f1171d26973003cccaf8249e5ff,True,2003,True,000f000071ad2198becd000400c43011,7.6296,none,0,0
arc-8cf957f1b2846d66,mus-528c84c707489da1,115298,528c84c707489da1f501cfad485b5d8e5b24ce0d3c13682e6ee11a7cc6178899,True,2003,True,000f00006d78e466891b000400c43011,7.6091,none,0,0
arc-8cf957f1b2846d66,mus-24181c3c4a1bcf94,6562,24181c3c4a1bcf940d08bf35de8a83ebf83315a36b916b4e7c530a21127521f8,True,2002,True,000f00001441b0538df1000400c43011,7.6881,none,0,0
arc-8cf957f1b2846d66,mus-21c48088c89fe91e,135181,21c48088c89fe91e930ca0e4e7d22c150f36199c3d709797c73170487e611ca8,True,2002,True,000f0000840e0336e277000400c43011,7.3825,none,0,0
arc-1200f10031a69598,mus-24f96d077601559c,53429,24f96d077601559c16b2ee4fe9c39411d93ff111b270e16bff9c42673350600f,True,2005,True,000f00007e62c6101bf5000400c43011,7.6239,none,0,0
arc-1200f10031a69598,mus-355a9cc4df8c3942,53346,355a9cc4df8c39422cd588cf134ddef9b891753c0d08f9c6dd34e555d41f5217,True,2005,True,000f00007e555f88d549000400c43011,7.6129,none,0,0
arc-1200f10031a69598,mus-81193a986e280de9,52773,81193a986e280de93a3a0fd37837779e33a07a99aab16bf08cf759602aaa2296,True,2005,True,000f00007f9b61740de6000400c43011,7.6227,none,0,0
arc-1200f10031a69598,mus-446924ef06a6c8d6,27132,446924ef06a6c8d6b4b1f8fd7409eb29a740c3651e95e640a74549cfaa3be7ed,True,2005,True,000f0000347456cfe99d000400c43011,7.6072,none,0,0
arc-1200f10031a69598,mus-1f0919f0cd96a3e7,89000,1f0919f0cd96a3e7ff9fbf0d8c21efaf9f53846f73a9a93d734529d545aed5d9,True,2005,True,000f00007e3e0d672fba000400c43011,7.5979,none,0,0
arc-1200f10031a69598,mus-910a8364e8a03134,82795,910a8364e8a03134f91e707b59db904717efa9c62834c6a421fdbb578b86329c,True,2005,True,000f00009d0f3569f4b4000400c43011,7.4570,none,0,0
arc-91d878f935a1d9e1,mus-a208cf15de9fea0e,345721,a208cf15de9fea0e7625cf9e4ad7add16be0444c93caf2a8bc1ee61ec6e62d1e,True,2005,True,000f000334a83a714825000400c43011,7.6639,none,0,0
arc-91d878f935a1d9e1,mus-fa8cac6bdf264c2a,339714,fa8cac6bdf264c2af731cd003a9ceb7b56bd5dba41d45a40b1a0de0a613b58b4,True,2005,True,000f0003277f35bd72b7000400c43011,7.6738,none,0,0
arc-91d878f935a1d9e1,mus-e06c4692b8dc110e,344375,e06c4692b8dc110ec004daa7e0b248963dbcf1f20928fb716037f29d18c6868e,True,2005,True,000f0003311c6dee5b82000400c43011,7.6644,none,0,0
arc-91d878f935a1d9e1,mus-25cd50a3941d15aa,334665,25cd50a3941d15aa5e4ee66592f6128c579c1b52be830dbc8f4b9244e2819088,True,2005,True,000f00032248f0214721000400c43011,7.6653,none,0,0
arc-91d878f935a1d9e1,mus-d7bcd10d1640b3ce,302769,d7bcd10d1640b3ce32944b828d18e3a0da0159c167d67fe42709a149793c5f01,True,2005,True,000f0002e560cc1b148b000400c43011,7.6723,none,0,0
arc-91d878f935a1d9e1,mus-82df3d7c90c89ba0,301760,82df3d7c90c89ba09033b206ac43244388cefd4a6276104758881de4b47062d0,True,2005,True,000f0002e330f682be5c000400c43011,7.6709,none,0,0
arc-91d878f935a1d9e1,mus-099ae3fbc290e4c8,302339,099ae3fbc290e4c819f3492fa573715f613dc85e0239abfad7ef28485658cdab,True,2005,True,000f0002e45b2b26fdb1000400c43011,7.6731,none,0,0
arc-91d878f935a1d9e1,mus-ded56afb9087fb6a,329137,ded56afb9087fb6a381725df175d67db7fc4e204ba7c1854f1f836dfcefd5222,True,2005,True,000f00031e80d535ee59000400c43011,7.6693,none,0,0
arc-91d878f935a1d9e1,mus-321e2864f3f8cfc2,306692,321e2864f3f8cfc22b51e811fa459e47d3c82e211755aeab2985b27cee019d92,True,2005,True,000f0002eb7fe5cae099000400c43011,7.6713,none,0,0
arc-91d878f935a1d9e1,mus-e8be9a7b66058fd4,304404,e8be9a7b66058fd49d755484099c1958c3a23d1f48640d5bbf376556329aab1f,True,2005,True,000f0002e5dc1ddf8e47000400c43011,7.6629,none,0,0
arc-91d878f935a1d9e1,mus-a1fe52a3699d1d71,300086,a1fe52a3699d1d714a5d6d5b1875c9de80826f59b36e23e0ee5c1fe75c45b7f1,True,2005,True,000f0002e5995d4dbfd6000400c43011,7.6548,none,0,0
arc-91d878f935a1d9e1,mus-a6eff6fe5a6ef7aa,307903,a6eff6fe5a6ef7aa067fadd9e356325bba1656a2e57a4ee8b43cb4077b2fb6e6,True,2005,True,000f0002f212a6d81271000400c43011,7.6734,none,0,0
arc-91d878f935a1d9e1,mus-5c6174001c1d8622,326930,5c6174001c1d862279b6a892e7bd8c550600c56fb8aa63a2741a9f8903efcb8a,True,2005,True,000f0002fa66705fe3c9000400c43011,7.6358,none,0,0
arc-91d878f935a1d9e1,mus-cd3d77a2e072a387,265607,cd3d77a2e072a387b0617e26a8d37d7de794626bdae433cc063e92de60414795,True,2005,True,000f000260fef23c3acf000400c43011,7.6011,none,0,0
arc-91d878f935a1d9e1,mus-64b40acdcdff28b5,123079,64b40acdcdff28b5e46cf4fcdfd7794f95d99c2dd93b88639fbecd144d54b856,True,2005,True,000f0001175d0f0a6c15000400c43011,7.5821,none,0,0
arc-91d878f935a1d9e1,mus-7d2d49bfe7804885,116892,7d2d49bfe7804885c0fdb4b685cd03b2aa79f5d4915120acd236c20e1ac394c8,True,2005,True,000f00010e3df74e0672000400c43011,7.5987,none,0,0
arc-91d878f935a1d9e1,mus-84e8d5d304cd2a6e,55480,84e8d5d304cd2a6e937a6925134ea00a0297279a288ef155e620191311bf6196,True,2005,True,000f000085a4940bc016000400c43011,7.5924,none,0,0
arc-91d878f935a1d9e1,mus-8813fb64a1477fc6,245289,8813fb64a1477fc6ddb844fb8916fb61432b3640d17a3cd608128b38a0048ae8,True,2005,True,000f000223b17fadae42000400c43011,7.6631,none,0,0
arc-91d878f935a1d9e1,mus-aad332d873ff91c4,385428,aad332d873ff91c4a45d45383dee064af34b3d8f039889e3c1ceac1d3ab746dd,True,2005,True,000f00036096a9cd0353000400c43011,7.6729,none,0,0
arc-91d878f935a1d9e1,mus-22c78393fc5867b8,312468,22c78393fc5867b854412a6d52f8e17c83e7cce4d52ced73a158c6237590ae7d,True,2005,True,000f0002f50e70a11ce7000400c43011,7.6234,none,0,0
arc-91d878f935a1d9e1,mus-3d59be2e9812470a,83615,3d59be2e9812470a9e303a050b3fcc70de616d0fdefbaa5ce71be7532a8fbde5,True,2003,True,000f000074f00134d0a8000400c43011,7.5165,none,0,0
arc-91d878f935a1d9e1,mus-b970b65d3e380379,16457,b970b65d3e3803793c5d661626981360cadd0714f3819f4b4066287372203d48,True,2003,True,000f00002c259afc2119000400c43011,7.7278,none,0,0
arc-91d878f935a1d9e1,mus-d789e3cbba675255,40473,d789e3cbba675255826fefc22ccaf742f89711dac0f7ba9ddef6bfea0802800f,True,2003,True,000f00002f02c0d165bc000400c43011,7.4876,none,0,0
arc-91d878f935a1d9e1,mus-9a5245e39cb6613d,91316,9a5245e39cb6613dcefc8f3b6bdf069ddbeca7d4f20ba322eac96fcb10c3c385,True,2003,True,000f00004dd1057f940a000400c43011,7.4552,none,0,0
arc-91d878f935a1d9e1,mus-356e5baec493ead8,56479,356e5baec493ead8edcd175149b2e7dd9bebe4d6ba8111857426f635d715c1bc,True,2002,True,000f0000397e3dffdc2e000400c43011,7.5430,none,0,0
arc-91d878f935a1d9e1,mus-f15fcbff3d037122,9107,f15fcbff3d03712224f305f84fbd1b32e7dba5cd06f71354447a7d4839d0ed2f,True,2002,True,000f000017e7f88d7a21000400c43011,7.7260,none,0,0
arc-91d878f935a1d9e1,mus-ff15f9684de71c38,30190,ff15f9684de71c38a67ab7e4852c8e0f0ad41b6c1b35c3baa98eef7ef6a5a7db,True,2002,True,000f000030e3082c4736000400c43011,7.5514,none,0,0
arc-91d878f935a1d9e1,mus-79e64580983bc6de,34797,79e64580983bc6de5d0280cad085006261fadd8f9c60da1a0b8d6c382595c184,True,2003,True,000f0000317e68277d43000400c43011,7.6014,none,0,0
arc-91d878f935a1d9e1,mus-60b05cb3281c1b63,28605,60b05cb3281c1b632c296d5f4637b3bd060cc17e5eaa07e806526629263863cc,True,2002,True,000f00003034f9187ab4000400c43011,7.5561,none,0,0
arc-91d878f935a1d9e1,mus-9811af8dc272a029,20251,9811af8dc272a029ac548805e2ae1b088546503f19da40694656fca847f3fd67,True,2002,True,000f000025b28bc16997000400c43011,7.7356,none,0,0
arc-91d878f935a1d9e1,mus-d1cb27e8439694ce,45114,d1cb27e8439694cedaf13e43fa688ec47fdaee46191e28cf3e3a149695439e22,True,2003,True,000f0000449db8d59b63000400c43011,7.5575,none,0,0
arc-91d878f935a1d9e1,mus-c4863b3df15cd263,122643,c4863b3df15cd2638f52cb18088497c81afc6f1171d26973003cccaf8249e5ff,True,2003,True,000f000071ad2198becd000400c43011,7.6296,none,0,0
arc-91d878f935a1d9e1,mus-528c84c707489da1,115298,528c84c707489da1f501cfad485b5d8e5b24ce0d3c13682e6ee11a7cc6178899,True,2003,True,000f00006d78e466891b000400c43011,7.6091,none,0,0
arc-91d878f935a1d9e1,mus-24181c3c4a1bcf94,6562,24181c3c4a1bcf940d08bf35de8a83ebf83315a36b916b4e7c530a21127521f8,True,2002,True,000f00001441b0538df1000400c43011,7.6881,none,0,0
arc-91d878f935a1d9e1,mus-db4685afd6a4cf55,386070,db4685afd6a4cf55b98ca113c5de6896a2e45969a35e5bb708d95ec5e16340d1,True,2005,True,000f00035745bcbf4892000400c43011,7.6299,none,0,0
arc-91d878f935a1d9e1,mus-becda01a7202a15c,396677,becda01a7202a15c5fe1ae3a5e870370670186c3406bf8ba3a1acd6e029f205c,True,2005,True,000f000372474d5b2a0c000400c43011,7.6560,none,0,0
arc-91d878f935a1d9e1,mus-9fb980dd7f1b99e3,411501,9fb980dd7f1b99e38c551d16439e315fcda2706f16ee91747e965c5e5330b223,True,2005,True,000f0003703718b1b3d0000400c43011,7.6433,none,0,0
arc-91d878f935a1d9e1,mus-823d156796c620be,438054,823d156796c620be6ffd2d27a9bf2f3c0982db963cf0c8476ca2934e7d66f209,True,2005,True,000f0003b961a6edb34b000400c43011,7.6342,none,0,0
arc-91d878f935a1d9e1,mus-4e3bd97b04ef3f5d,503400,4e3bd97b04ef3f5debc14941d8675203e5507c7dc241e36ef54d5f72b85daab8,True,2005,True,000f0003d84daba27b98000400c43011,7.6066,none,0,0
arc-91d878f935a1d9e1,mus-91f2d7ec2112ffef,10724,91f2d7ec2112ffefa21097ce071210cf94db5fa52e1b3dee0e382b14c05ba0d6,True,2005,True,000f00001e21b7685836000400c43011,7.7267,none,0,0
arc-91d878f935a1d9e1,mus-f16c09375a2f67c2,356965,f16c09375a2f67c211c0665a14a8e6bd0e3beec13a938c233a5ae384a7dc3983,True,2005,True,000f00033fd0f4334a58000400c43011,7.6693,none,0,0
arc-91d878f935a1d9e1,mus-cbf4c180f88bce93,352243,cbf4c180f88bce9329c1a7d0a0d1f8b1a80041d82b947043a60b8ec73fe3343d,True,2005,True,000f00033b1e68f81eab000400c43011,7.6642,none,0,0
arc-91d878f935a1d9e1,mus-bb7ca074f84bf724,312792,bb7ca074f84bf72424eb8f06f1638fe8d9670ad3410cafb0612b6daed3407cd2,True,2005,True,000f0002efe95084535f000400c43011,7.6565,none,0,0
arc-91d878f935a1d9e1,mus-79f3f6d08f51fdee,382891,79f3f6d08f51fdee798b5cb96089f613cd7eb200799f0add38dc019ff600d396,True,2005,True,000f000368f198cfee7c000400c43011,7.6530,none,0,0
arc-91d878f935a1d9e1,mus-5feef729b43f0c82,376175,5feef729b43f0c82b2007ea0927feac8eb179fca5c871bf43cb216d364a0f8be,True,2005,True,000f00035d0439c1868a000400c43011,7.6555,none,0,0
arc-91d878f935a1d9e1,mus-91c06bb05097edff,352316,91c06bb05097edffae6dbd00d95839e2d110139f326d3385dd7ec6e70e8dc0f6,True,2005,True,000f000331df37d96f26000400c43011,7.6567,none,0,0
arc-91d878f935a1d9e1,mus-f17e5ba4f5fa816e,341510,f17e5ba4f5fa816e3f1cdf27cc7759df02d5b67f673c5e2c0443ba794154a57d,True,2005,True,000f00032656af4c2d0b000400c43011,7.6572,none,0,0
arc-91d878f935a1d9e1,mus-eae76a2be8384b05,329137,eae76a2be8384b0555403342724e5410335422ed0a1cdd1d83b0b49a3f9b6119,True,2005,True,000f0003067efcf4d02d000400c43011,7.6703,none,0,0
arc-91d878f935a1d9e1,mus-a5c9354205e77343,383861,a5c9354205e77343961317b4131be33955428ec2697a7cbae46760fb233acfa3,True,2005,True,000f0003708bc49a9b55000400c43011,7.6632,none,0,0
arc-91d878f935a1d9e1,mus-910d0668e5e3e16a,372461,910d0668e5e3e16ace0e342ad857512b7ad5a5b3d9fd0f5350f1e556e129fd27,True,2005,True,000f00035d7a0eca1efb000400c43011,7.6681,none,0,0
arc-91d878f935a1d9e1,mus-ebf34fe1a7092d32,376651,ebf34fe1a7092d32a38c5fc0524eed655dcc0d27fe047bb3e9fbc73343334f05,True,2005,True,000f000357161dd31dbe000400c43011,7.6761,none,0,0
arc-91d878f935a1d9e1,mus-98039fbe26e4fd0f,362260,98039fbe26e4fd0ff186b6bead4fc6d3a110f3191f263560833d687f4db69001,True,2005,True,000f0003499f69c00e6f000400c43011,7.6764,none,0,0
arc-91d878f935a1d9e1,mus-6790a968c528236a,334345,6790a968c528236ab8b5b3240e8578a7466ac36e908c8bb14fd0c72b905d1a42,True,2005,True,000f000317444b02ac7f000400c43011,7.6554,none,0,0
arc-91d878f935a1d9e1,mus-3655e6070f0a2175,344490,3655e6070f0a217589141e491c4af592e5f0153177616339a0318d2a0b2d1b0e,True,2005,True,000f0003225b32a211ff000400c43011,7.6594,none,0,0
arc-91d878f935a1d9e1,mus-f88a7c4cd8d93e99,338750,f88a7c4cd8d93e997d194ca7311f106a523a3e3e362e1e1845e68620f39bdce9,True,2005,True,000f00031b6e82b303bf000400c43011,7.6392,none,0,0
arc-91d878f935a1d9e1,mus-c23c87485d137276,299890,c23c87485d1372765b2b09e3cea50f8d74680ce9c1f9e352abf787ee229ee435,True,2005,True,000f0002c87dca6cc99c000400c43011,7.6532,none,0,0
arc-91d878f935a1d9e1,mus-cdfd003615b27aa2,299347,cdfd003615b27aa24becb92f510ace2a94da544510bdc1c02f9520e45b429f12,True,2005,True,000f0002c694cf7fb377000400c43011,7.6423,none,0,0
arc-91d878f935a1d9e1,mus-702962c5e611ed91,682502,702962c5e611ed91abc4056163ccce91214fea841aa05da9dd086c2ce640a16c,True,2005,True,000f0003c5f2672266da000400c43011,7.6828,none,0,0
arc-91d878f935a1d9e1,mus-a90d0655743b596a,443748,a90d0655743b596a1944e357390976b4ae0aa0929d28b6302511404dd5ead406,True,2005,True,000f00020f7e573e96c8000400c43011,7.6225,none,0,0
arc-91d878f935a1d9e1,mus-d34141f26bb53af8,282318,d34141f26bb53af85f28e9cd31362a9a02119708749df876b6beb2a721da4667,True,2005,True,000f0001a52e59a2679a000400c43011,7.6405,none,0,0
arc-91d878f935a1d9e1,mus-bddc818eec268c60,179651,bddc818eec268c60f40af8b679c3d19072d2d8e7f5624827c80d8856cbd12d0e,True,2005,True,000f000107fdc489998d000400c43011,7.5797,none,0,0
arc-91d878f935a1d9e1,mus-76238dfdf16a17e6,791897,76238dfdf16a17e691907e0e24c66741dc7c10d20f187f82935a74a9ff506d66,True,2005,True,000f000423b3f881b108000400c43011,7.6711,none,0,0
arc-bcbb7caab1aa92b9,mus-0d7cc1f09b791541,376342,0d7cc1f09b7915419e27f3c8a5e41fa7b958e8635c60122ae88590df1b606d76,True,2005,True,000f00035f0ba78a0588000400c43011,7.6608,none,0,0
arc-bcbb7caab1aa92b9,mus-45658d3ec37fe0e0,364976,45658d3ec37fe0e06f11d4a2e78d3c8f6f5e8461bdbc27a1cf5b5671cd6d538e,True,2005,True,000f00034c1964204c54000400c43011,7.6767,none,0,0
arc-bcbb7caab1aa92b9,mus-2f0bc56800ad8f0c,370125,2f0bc56800ad8f0ce9ec132893b567cec2b51a6b1ec9690c8bc1f549560a60cb,True,2005,True,000f00034ba379897edd000400c43011,7.6765,none,0,0
arc-bcbb7caab1aa92b9,mus-d8ccbcebdeac5cce,357259,d8ccbcebdeac5ccec11d6d1785dee1771511d13b50881cef0e73ec4c80eccd9d,True,2005,True,000f00033f6a965bd950000400c43011,7.6703,none,0,0
arc-bcbb7caab1aa92b9,mus-536933c850ecffdf,755496,536933c850ecffdff54f2f95737993de48bc3645bea6bc6db0a12c1ad494ca4e,True,2005,True,000f00041b8641f0b9e9000400c43011,7.6752,none,0,0
arc-13c0ffcec10fd9b8,mus-dcbd1d007899cbd0,89526,dcbd1d007899cbd0e66d15acf6639ef359082ac76b3ce026d4c6e83744832697,True,2005,True,000f0000ed26395a0890000400c43011,7.6102,none,0,0
arc-13c0ffcec10fd9b8,mus-eb2b6911eee20ec3,87709,eb2b6911eee20ec35c8ca0ad6f33795e5f4394d8a190342d75dc3459e6d9dc96,True,2005,True,000f0000e9e9233d726e000400c43011,7.6201,none,0,0
arc-13c0ffcec10fd9b8,mus-28d8db62299cd4cf,82459,28d8db62299cd4cf8dbcd724c07e99142cfea8673d913aff8375a090e11f7cd4,True,2005,True,000f0000e147c8ea6b3f000400c43011,7.5808,none,0,0
arc-13c0ffcec10fd9b8,mus-e8e65bdab22a7f5b,77691,e8e65bdab22a7f5b3bc82a7045021948e657b172cb841599494005e4dbe7ee78,True,2005,True,000f0000d6b00ac56c5b000400c43011,7.5625,none,0,0
arc-13c0ffcec10fd9b8,mus-bca63fb5b84852fd,695884,bca63fb5b84852fd0b98f696a4f48067ee31f3b66d8f2e6d00000f47f4ff9469,True,2005,True,000f00037d61558c4bb0000400c43011,7.6707,none,0,0
arc-c248ab64c543bd83,mus-a70c9cbf7211f7d9,27594,a70c9cbf7211f7d9aa785902326984acb8c18feefb43d8ea485401b02140f9b3,True,2007,True,001a000045113dac0f84789ced7d0b7c,7.9609,big,4,1320
arc-c248ab64c543bd83,mus-1c7e80f67dd4afeb,49369,1c7e80f67dd4afeb98db792392ee4be655a6eadc647d3a8c0ab7692584013264,True,2007,True,001a0000566af03ca613789cedbd0b9c,7.9625,big,4,1499
arc-8219615c0547ba63,mus-ee7a20a443acf3a0,235727,ee7a20a443acf3a04af62abfa83f7a3b61a6944780494d0c9d3576f18a029b23,True,2007,True,001a0001596c69a6571e789cecbd0bbc,7.9749,big,4,6906
arc-8219615c0547ba63,mus-ca084247736aa4bd,402663,ca084247736aa4bdc13da7e930ef83313f7caaf75f0add86f693424346ecdcd1,True,2007,True,001a0001f8bceed2f8e9789cecbd0bbc,7.9718,big,4,10209
arc-4d030dfe0cb567b1,mus-93c34bce7377e49e,51477,93c34bce7377e49e3538052b34dd41cf04cffbbb49ca8c590b1dacd68cac9be3,True,2003,True,000f00007dc144ed142e000400c43011,7.6227,none,0,0
arc-4d030dfe0cb567b1,mus-4e787111db31b0ac,61726,4e787111db31b0ac5e31d8d06232b0ff764d0dd96140d84df60fe4985fd56172,True,2003,True,000f00007944847e4c59000400c43011,7.6337,none,0,0
arc-4d030dfe0cb567b1,mus-1e270c60c505fce3,22775,1e270c60c505fce317bfe72e0bac14f44cfb9cdd6b09cb942e57812841a80c43,True,2003,True,000f00002d70ab43c2aa000400c43011,7.6497,none,0,0
arc-4d030dfe0cb567b1,mus-a3541aa81fd9ffb5,50656,a3541aa81fd9ffb5cf42a5c90a0dcd5f607ebc64d2fa4ea04c9319e1bfb0ae8f,True,2003,True,000f000055aa138ad4ae000400c43011,7.6258,none,0,0
arc-4d030dfe0cb567b1,mus-2f858334a03296ec,38851,2f858334a03296ec287c3cdec12c994624213d62163f85447d93a9159966c337,True,2007,True,001a00003c69b28f0275789ced7d799c,7.9611,big,4,1542
arc-4d030dfe0cb567b1,mus-b5e4b84f24b70818,50654,b5e4b84f24b70818e99eb4f00729f42ae368c48711759dc390a67ff7cf461d37,True,2003,True,000f000057c2c9e3904a000400c43011,7.6058,none,0,0
arc-4d030dfe0cb567b1,mus-019eebb62d26ab99,29552,019eebb62d26ab9988a53b2ac3614a513769677ea57d29c8c30a822b199a82aa,True,2003,True,000f000034ade18ae3e3000400c43011,7.6326,none,0,0
arc-4d030dfe0cb567b1,mus-5209b79f8f9dd4c0,66483,5209b79f8f9dd4c01fccdc75fd08d65a798a551eaba1e4014e9852aec14a003c,True,2003,True,000f000066e108308904000400c43011,7.6012,none,0,0
arc-4d030dfe0cb567b1,mus-49097c9324f7be56,19919,49097c9324f7be5688d014d25cba84d2a810e3c21935d8d7a38407313d708120,True,97,False,00010000465600312661000100000000,3.3131,none,0,0
arc-b6b61d93ffa9e908,mus-b3f48779d83ef8a4,235056,b3f48779d83ef8a4ccf495402b2b6187e4b43678082eeca3f55b04a2b48d8306,True,2007,True,001a0001590f7d697e39789cecbd0bbc,7.9769,big,4,6920
arc-b6b61d93ffa9e908,mus-13375dfc0b0c28df,402475,13375dfc0b0c28dff459789b1b9267dc82b8f93f2e66d6ca8844221d55e9f0c8,True,2007,True,001a0001f9c9429faefd789cecbd09bc,7.9734,big,4,10207
arc-15fb1962aed9844f,mus-7ae35d1e649c1d8a,489929,7ae35d1e649c1d8a25171dbe6e76568f24c470d052d39d2a0f923918ca6b736d,True,2007,True,1a004b09040037364dfb789cec7d09bc,7.9713,little,4,0
arc-55ba3def90779ad2,mus-b0cb347eb2ba9ada,387626,b0cb347eb2ba9adae8821a6cc3b6332e4837bce0a684952d523bf2114ceaae53,True,2008,True,1a00bcae020022859a29789cecbd079c,7.9651,little,4,0
arc-55ba3def90779ad2,mus-22b34081fb9652c8,2031121,22b34081fb9652c8dca52b75c86348887c4502045d15224b735c5abc9445ed84,True,2008,True,1a00ff69010038cb515f789cec7d7780,7.9799,little,4,7558
arc-e6340d26e4dcdebc,mus-2614af955af3913a,24922,2614af955af3913a165e7dce4d5b5d3e0c87e508e57a96c55e7ceeebf916d24a,True,2006,True,000f000031c39d8547bb0004fef98311,7.6203,none,0,0
arc-e6340d26e4dcdebc,mus-c4b4d1b223fe4f39,55942,c4b4d1b223fe4f39bd0e07662d06e27f48a7146cec4b68f778e9736cdf6a1be0,True,2006,True,000f00005db52be5b1be0004fef98311,7.6128,none,0,0
arc-e6340d26e4dcdebc,mus-8565d1cad82178ae,39721,8565d1cad82178aef05f020c48ec10617221e259796aa855c019251d5c8baee3,True,2007,True,001a00003fcfa1ae18c0789ced7d0960,7.9596,big,4,1543
arc-e6340d26e4dcdebc,mus-1ac52420bbdbaef0,55665,1ac52420bbdbaef0ef67733ffb7cbdc834c248d6a1dbf3a534c75dbcaa66ab5a,True,2006,True,000f00005f7a2c0383090004fef98311,7.5883,none,0,0
arc-e6340d26e4dcdebc,mus-f88ef1643fc67b1d,32656,f88ef1643fc67b1db856c5111ba2f23865b96ecb7651ecf6e81eb16e75eeaeac,True,2006,True,000f0000391fcb961d950004fef98311,7.6095,none,0,0
arc-e6340d26e4dcdebc,mus-28587b89830fbf77,72517,28587b89830fbf77304b270715f154142cd7a00ce974dcb57e1aab58397386cb,True,2006,True,000f00006ec4030bc0030004fef98311,7.5871,none,0,0
arc-bc831e92f27138d9,mus-9360f45760b64aff,208916,9360f45760b64affd40292e5e0f1bd036850ab78fa335f73e07f309ed6e4d92c,True,2008,True,1a00fe5d0100a7777393789cec7d79a0,7.9645,little,4,0
arc-bc831e92f27138d9,mus-9e231602f64aabf2,174445,9e231602f64aabf2dfa593197082a50c3659d26d28db82a66e368b392a0281ce,True,2008,True,1a00b7f00000a5ddf971789cecdd75bc,7.9110,little,4,0
arc-89d17ea629f6591d,mus-8f2090180bddbd62,235863,8f2090180bddbd62a4818fb634194c4682f7f99b84eea964d813960c0bb4ee7d,True,2007,True,001a0001f315585a6a2f789cec7d79bc,7.9671,big,4,17471
arc-89d17ea629f6591d,mus-63924b8b12d5d3a0,230502,63924b8b12d5d3a031f27052d5d67f541fffd7070cad14f40b12a2ebcfa08053,True,2007,True,001a0001e8cc002350af789cec3d7b9c,7.9695,big,4,17273
arc-89d17ea629f6591d,mus-e699cfbf326eabe3,234377,e699cfbf326eabe3efd7bf6c8161f6af659671d69bfa3c3fd37993d57e7661ab,True,2007,True,001a0001efaa4a10e966789cec3d777c,7.9678,big,4,17431
arc-89d17ea629f6591d,mus-c2c596805fa3eb12,227103,c2c596805fa3eb12feceb2f17c3c3d3214d44b3cbbb316af6330bae5649af9e1,True,2007,True,001a0001e5af81aa65c8789cec7d777c,7.9664,big,4,17161
arc-89d17ea629f6591d,mus-c8c90b29d0390ef5,196631,c8c90b29d0390ef5fb4a6fb87d404aaaaa5a446949616ad9cebebb058112720e,True,2007,True,001a0001b1ae500c5169789cec7d799c,7.9536,big,4,15742
arc-89d17ea629f6591d,mus-dc644375ed25393e,197102,dc644375ed25393e1bf960361dfc284e0c37be9c6d63ee9f85c2a9a6f214309d,True,2007,True,001a0001b2401ba86b98789cec7d799c,7.9578,big,4,15791
arc-89d17ea629f6591d,mus-5cd98c2c7ee956b6,196925,5cd98c2c7ee956b647e52a28f9c212ce73c5b3e033baf1f84affba8aa93f8f22,True,2007,True,001a0001b1c358f9e232789cec7d799c,7.9570,big,4,15796
arc-89d17ea629f6591d,mus-b39e94dbaf7ef16b,223306,b39e94dbaf7ef16b1a55b21153359d487c4e9585ea76878395a4d4befc517131,True,2007,True,001a0001e43d2b7a270c789cec7d777c,7.9638,big,4,16884
arc-89d17ea629f6591d,mus-b53de6cc9ff4c7a8,200874,b53de6cc9ff4c7a8ff6f42783f6ddf0429a07cbd29a8a55fae992a7339ae8944,True,2007,True,001a0001b81941f52c82789cec7d799c,7.9584,big,4,15784
arc-89d17ea629f6591d,mus-f3eb80aa7fd524e4,197737,f3eb80aa7fd524e4f2686a65ab39b11c6fa1abc4c79dd27912d2c3eadb2c096e,True,2007,True,001a0001b0e6e13812cc789cecbd7760,7.9614,big,4,15668
arc-89d17ea629f6591d,mus-73399f29695f3428,174204,73399f29695f342852e50a6a6dd24a9b153fdafac4b073e2d472d2615cbabb03,True,2007,True,1a00a07a0100a3a34ba4789cec5d79a0,7.9581,little,4,15679
arc-89d17ea629f6591d,mus-27c3f43cce5113f4,202111,27c3f43cce5113f4f4a0bebd4e0dc121011a4b378e86a46dc391370335e2d439,True,2007,True,001a0001beca7b336879789cec7d779c,7.9518,big,4,15975
arc-89d17ea629f6591d,mus-3654eb847bca552f,327579,3654eb847bca552f0560ef5150f47a4daf84721473a4e2056f9aa66ff7cdda71,True,2005,True,000f0002ff9622f305d2000400c43011,7.6362,none,0,0
arc-89d17ea629f6591d,mus-55082b4167db84fd,265614,55082b4167db84fd4ac83b2736a4f1bf8c1a83d7f1bdebb07de6e6813ee5a656,True,2005,True,000f000260fef23c3acf000400c43011,7.6011,none,0,0
arc-89d17ea629f6591d,mus-046c25382b23ea24,121116,046c25382b23ea24c211ca8dbd2a69b9be7f59163ffcb22fa809c9854cd828bf,True,2005,True,000f000114a1352c05a2000400c43011,7.5853,none,0,0
arc-89d17ea629f6591d,mus-7d2d49bfe7804885,116892,7d2d49bfe7804885c0fdb4b685cd03b2aa79f5d4915120acd236c20e1ac394c8,True,2005,True,000f00010e3df74e0672000400c43011,7.5987,none,0,0
arc-89d17ea629f6591d,mus-84e8d5d304cd2a6e,55480,84e8d5d304cd2a6e937a6925134ea00a0297279a288ef155e620191311bf6196,True,2005,True,000f000085a4940bc016000400c43011,7.5924,none,0,0
arc-89d17ea629f6591d,mus-68eb7f988204371b,134487,68eb7f988204371ba9440c5721e4c1a090f1ab8d4357627c54e24957fe48a942,True,2007,True,1a00a40a0100bae58386789cecbd059c,7.9169,little,4,11635
arc-89d17ea629f6591d,mus-f49b206812609ba6,230428,f49b206812609ba65b51e348d05903743db69f145afa5e354d3dd49bd1444579,True,2007,True,1a0015c20100bf6a2d34789cec7d0798,7.9787,little,4,22110
arc-89d17ea629f6591d,mus-44c87ae28dcf4dab,180266,44c87ae28dcf4daba679d630ad0c59c823d18bcadc51fdd16b527b33c2b5047d,True,2007,True,1a006a8001001ae9ca35789cec7d09bc,7.9695,little,4,18168
arc-89d17ea629f6591d,mus-3d59be2e9812470a,83615,3d59be2e9812470a9e303a050b3fcc70de616d0fdefbaa5ce71be7532a8fbde5,True,2003,True,000f000074f00134d0a8000400c43011,7.5165,none,0,0
arc-89d17ea629f6591d,mus-b970b65d3e380379,16457,b970b65d3e3803793c5d661626981360cadd0714f3819f4b4066287372203d48,True,2003,True,000f00002c259afc2119000400c43011,7.7278,none,0,0
arc-89d17ea629f6591d,mus-d789e3cbba675255,40473,d789e3cbba675255826fefc22ccaf742f89711dac0f7ba9ddef6bfea0802800f,True,2003,True,000f00002f02c0d165bc000400c43011,7.4876,none,0,0
arc-89d17ea629f6591d,mus-9a5245e39cb6613d,91316,9a5245e39cb6613dcefc8f3b6bdf069ddbeca7d4f20ba322eac96fcb10c3c385,True,2003,True,000f00004dd1057f940a000400c43011,7.4552,none,0,0
arc-89d17ea629f6591d,mus-356e5baec493ead8,56479,356e5baec493ead8edcd175149b2e7dd9bebe4d6ba8111857426f635d715c1bc,True,2002,True,000f0000397e3dffdc2e000400c43011,7.5430,none,0,0
arc-89d17ea629f6591d,mus-f15fcbff3d037122,9107,f15fcbff3d03712224f305f84fbd1b32e7dba5cd06f71354447a7d4839d0ed2f,True,2002,True,000f000017e7f88d7a21000400c43011,7.7260,none,0,0
arc-89d17ea629f6591d,mus-ff15f9684de71c38,30190,ff15f9684de71c38a67ab7e4852c8e0f0ad41b6c1b35c3baa98eef7ef6a5a7db,True,2002,True,000f000030e3082c4736000400c43011,7.5514,none,0,0
arc-89d17ea629f6591d,mus-79e64580983bc6de,34797,79e64580983bc6de5d0280cad085006261fadd8f9c60da1a0b8d6c382595c184,True,2003,True,000f0000317e68277d43000400c43011,7.6014,none,0,0
arc-89d17ea629f6591d,mus-60b05cb3281c1b63,28605,60b05cb3281c1b632c296d5f4637b3bd060cc17e5eaa07e806526629263863cc,True,2002,True,000f00003034f9187ab4000400c43011,7.5561,none,0,0
arc-89d17ea629f6591d,mus-9811af8dc272a029,20251,9811af8dc272a029ac548805e2ae1b088546503f19da40694656fca847f3fd67,True,2002,True,000f000025b28bc16997000400c43011,7.7356,none,0,0
arc-89d17ea629f6591d,mus-d1cb27e8439694ce,45114,d1cb27e8439694cedaf13e43fa688ec47fdaee46191e28cf3e3a149695439e22,True,2003,True,000f0000449db8d59b63000400c43011,7.5575,none,0,0
arc-89d17ea629f6591d,mus-c4863b3df15cd263,122643,c4863b3df15cd2638f52cb18088497c81afc6f1171d26973003cccaf8249e5ff,True,2003,True,000f000071ad2198becd000400c43011,7.6296,none,0,0
arc-89d17ea629f6591d,mus-528c84c707489da1,115298,528c84c707489da1f501cfad485b5d8e5b24ce0d3c13682e6ee11a7cc6178899,True,2003,True,000f00006d78e466891b000400c43011,7.6091,none,0,0
arc-89d17ea629f6591d,mus-24181c3c4a1bcf94,6562,24181c3c4a1bcf940d08bf35de8a83ebf83315a36b916b4e7c530a21127521f8,True,2002,True,000f00001441b0538df1000400c43011,7.6881,none,0,0
arc-89d17ea629f6591d,mus-0cb3e154aa13314c,234328,0cb3e154aa13314c46352e81d673e5027e266d8786d34655c4bf7486d4345105,True,2007,True,1a00aabf0100db7e0349789cec7d09bc,7.9698,little,4,23951
arc-89d17ea629f6591d,mus-b65751f2cae8b677,245796,b65751f2cae8b677d2bd934d29ae34e6a297a9e38dbe96c9be48c9378472dd7e,True,2007,True,1a00aad901001da3d0a9789cec7d09bc,7.9716,little,4,25372
arc-89d17ea629f6591d,mus-0ce3e529269a18b3,253284,0ce3e529269a18b36b5b1294d1efe4a37b6e00e379346fccf043ec81b76e2a6b,True,2007,True,1a0019d30100c00a4a56789cec7d09bc,7.9686,little,4,18736
arc-89d17ea629f6591d,mus-0b06bf170dba2d50,263782,0b06bf170dba2d50614c01ac595305da43e662a6f4239f4832610c666fe9b74f,True,2007,True,1a0011f60100b9ffcfc5789cecbd0980,7.9722,little,4,19203
arc-89d17ea629f6591d,mus-a00c8de0889f0363,316443,a00c8de0889f0363545c6de4b6d873aa48725017e109ee6561c9055e435e0753,True,2007,True,1a00d20c02001ab4d9e8789cec7d099c,7.9749,little,4,19810
arc-89d17ea629f6591d,mus-1e8fdbb921605a2d,215093,1e8fdbb921605a2dcd7b73d48b80e88e89b0da7e4f5b344635e6144966d7eec9,True,2007,True,1a0057bc0100013aa16a789cec7d0798,7.9769,little,4,21953
arc-89d17ea629f6591d,mus-181ea0fb33910886,211688,181ea0fb33910886327e85256ddd7f4643e8f1c5c5e78eb79d11da9c9df55cc6,True,2007,True,1a0073b8010002b9a05b789cec7d09bc,7.9710,little,4,21518
arc-89d17ea629f6591d,mus-dfd079e452314398,182671,dfd079e452314398133fa1a3ae7304394691a9e5ca71efd39bfcb70a9a8867fa,True,2007,True,1a0040820100efd4b427789cec7d09bc,7.9626,little,4,18586
arc-89d17ea629f6591d,mus-3c8c933167392a9b,231906,3c8c933167392a9b25a73547c24b39bb059c1bc6be83ad149f18e5fbd3144757,True,2007,True,1a00f5d00100af3e5337789cec7d09bc,7.9740,little,4,18028
arc-89d17ea629f6591d,mus-7883e55da8309eaf,227019,7883e55da8309eaf9699823c9706013708db2b9e62f5c3267761785a6a75728a,True,2007,True,1a007bcb01007f9a251b789cecbd099c,7.9770,little,4,17883
arc-89d17ea629f6591d,mus-77c6bb46e5c933e7,208490,77c6bb46e5c933e7a0fe0489d85fbbad9efcac7561699cb2f4715d78463ee7fd,True,2007,True,1a000ead0100c5f26a4f789cec7d09bc,7.9657,little,4,20992
arc-89d17ea629f6591d,mus-3689beb68b4efea9,223971,3689beb68b4efea9424d90e4a2992648f4169f5707d6d9e18b1a910f46982552,True,2007,True,001a0001db32754c68b5789cecbd0778,7.9644,big,4,16348
arc-89d17ea629f6591d,mus-dfca308c2285f4e2,195217,dfca308c2285f4e2062aef3592beecd6a9154d9444f0470941b28aed74033938,True,2007,True,1a005f94010061c5ea58789cec7d09bc,7.9623,little,4,16262
arc-89d17ea629f6591d,mus-c90e7069762bd458,262375,c90e7069762bd458197e879a584e155e3f400325ea5b7f7e478ab8c8de14412c,True,2007,True,001a0002175445e15d8c789cec7d0bbc,7.9708,big,4,17996
arc-89d17ea629f6591d,mus-5527eb240c307791,253745,5527eb240c307791d50898eb65ec80874096003d8d85946a7b8eda41aafbee4f,True,2007,True,001a00020abd108dd2e4789cec7d0b9c,7.9652,big,4,17711
arc-89d17ea629f6591d,mus-a8edebc23da42d96,255825,a8edebc23da42d963ada4654b44dd49a4994c575291535889272fabeea7a7a9f,True,2007,True,001a000205e4346274a9789cec7d0b9c,7.9666,big,4,17678
arc-89d17ea629f6591d,mus-77b21f51f769b209,245688,77b21f51f769b20986e0302bc25f3e519c30bab0b0a837d7a03bca061153fae0,True,2007,True,001a0001ff70201ab313789cec7d099c,7.9733,big,4,17468
arc-89d17ea629f6591d,mus-3db34ee7205e16f6,198314,3db34ee7205e16f6c6bc268a21fd6b16bc08642e32adc8a7af65adcede6582a8,True,2007,True,1a00259a0100bf071105789cec7d079c,7.9685,little,4,16248
arc-89d17ea629f6591d,mus-8382aeceec6b3963,205354,8382aeceec6b3963aafcbf94aae4e575b79e854750b4f857f9aa8ec1f0de1544,True,2007,True,1a0036a201003f6ff9ce789cecbd09bc,7.9687,little,4,16552
arc-89d17ea629f6591d,mus-eea2970110f8b55d,199650,eea2970110f8b55d43b55f5a916f7d4b073d33b4a8aff210bad5b058f364102e,True,2007,True,1a00529d010004b09ecb789cec7d79c0,7.9662,little,4,16672
arc-89d17ea629f6591d,mus-1d8952288603d304,169542,1d8952288603d3046cddbee1420ca93c3d5579fa68f53453fd341f1af022289f,True,2007,True,1a00bc5f0100113c9f9a789cec9d6780,7.9513,little,4,17740
arc-89d17ea629f6591d,mus-d314e7ff0593d46b,170766,d314e7ff0593d46bae1bf098992a2f56ed15733c88cbaf36373d68fe27a58c16,True,2007,True,1a00ec610100bc03d0ff789cec9d75a0,7.9510,little,4,17841
arc-89d17ea629f6591d,mus-36d26fef45bcc646,710530,36d26fef45bcc6464840016656c1c079e267744f17937fd93c6d0e83baa15616,True,2005,True,000f0003d39112d7bdf6000400c43011,7.6821,none,0,0
arc-89d17ea629f6591d,mus-d8bf40ab63a3e131,710770,d8bf40ab63a3e131b2ee2fd87611bb8ea082f94b5c68714da0dc46f9c946738e,True,2005,True,000f0003d4815bd61592000400c43011,7.6823,none,0,0
arc-89d17ea629f6591d,mus-9808b51dec619633,466263,9808b51dec619633b1ff787fa1841bd13f938f109768d7e3459afaba20c6f7f5,True,2005,True,000f00024f16c082e5f5000400c43011,7.6015,none,0,0
arc-89d17ea629f6591d,mus-c06924f6e1500719,282667,c06924f6e150071997a7ac001df086e17ac754d015b6b588248de25c28be0133,True,2005,True,000f0001a584762cf832000400c43011,7.6427,none,0,0
arc-89d17ea629f6591d,mus-d85a9a9472761cd1,179657,d85a9a9472761cd1fcb880968127210fe2ef2e3adaa8957bad0b58eb31306f87,True,2005,True,000f000107fd1a8cedf9000400c43011,7.5802,none,0,0
arc-89d17ea629f6591d,mus-217bbe088aab6e15,504511,217bbe088aab6e1515d904afdae04f15868c98e7341d1b52a7f2b53975e9c5f1,True,2007,True,1a007f64020061f376b0789cec9d0798,7.9423,little,4,18121
arc-8f988a985c48b4fd,mus-568afa2463f9594c,256670,568afa2463f9594cb0bf06546ac2e45ef3e3211a22a66716184e34ab36392ea8,True,2008,True,1a0048a6010077998008789cecbd7780,7.9741,little,4,0
arc-8f988a985c48b4fd,mus-e6023a5c9019a102,230872,e6023a5c9019a102d1c122dc6c1727afa45fe715538c0252c030c2fc281aa5da,True,2008,True,1a0028800100fee77028789cecbd79a0,7.9751,little,4,0
arc-16151653bbb288a5,mus-236f3f536b798c3f,53592,236f3f536b798c3f84a451277a9dd038dd7eb632ca9bb03544b36350fda3782f,True,2007,True,001a00006debebf9d271789cecbd779c,7.9079,big,4,2783
arc-16151653bbb288a5,mus-04bbf2ec7ac31a05,53639,04bbf2ec7ac31a05391a6df8eb7a22a3dff46957f7572103b87938bab460c8f3,True,2007,True,001a00006dcce794f1a3789cec7d779c,7.8827,big,4,2826
arc-16151653bbb288a5,mus-ac41bcbc27c82545,52799,ac41bcbc27c82545b78c1a5454d265694c06435e97ef636e07120f2377518c8c,True,2007,True,001a00006d992950cb37789cec7d779c,7.9176,big,4,2810
arc-16151653bbb288a5,mus-935b59511a822058,25314,935b59511a822058c585d7d1c30b6c6bda53eb3d0724c28a323dde71cfde1e59,True,2007,True,001a00003035a544c562789ced7d097c,7.9671,big,4,1071
arc-16151653bbb288a5,mus-5c58ddbcf8a257ef,78282,5c58ddbcf8a257ef87ee1c72d079271024a3ab759e0127cc5c8fb43b05b3e8ae,True,2007,True,001a00006fe7e1b749ea789cecbd77bc,7.9593,big,4,2360
arc-16151653bbb288a5,mus-f36a6aa8f6c1cbd1,72461,f36a6aa8f6c1cbd1ea8a36cee94eb83a74fdd32dfb4eae9b1f9c5c8686385434,True,2007,True,001a000085ebe5072f29789cec7d77bc,7.8823,big,4,3318
arc-c0c0865afae41ea4,mus-b3f48779d83ef8a4,235056,b3f48779d83ef8a4ccf495402b2b6187e4b43678082eeca3f55b04a2b48d8306,True,2007,True,001a0001590f7d697e39789cecbd0bbc,7.9769,big,4,6920
arc-c0c0865afae41ea4,mus-a3e37f756ebe47e4,402906,a3e37f756ebe47e4e1649ac113091c463bcc510620d509f42037b1eca54186bf,True,2007,True,001a0001fab83bd196d8789cecbd09bc,7.9734,big,4,10223
arc-6a497eb5af52a9f4,mus-c0eb623f422cfe12,109089,c0eb623f422cfe126e9d90f145f9661e2330fd4d32e9f02a82efa1dc666ce60f,True,2005,True,000f0000e04c95b9d8b3000400c43011,7.6653,none,0,0
arc-6a497eb5af52a9f4,mus-c92e1fb050c9ada7,107694,c92e1fb050c9ada736166ce27c9c1c41700854b1b0cd89ce95832e9906dcd4ef,True,2005,True,000f0000e07f9685f721000400c43011,7.6550,none,0,0
arc-6a497eb5af52a9f4,mus-2d752ca8affe108d,230668,2d752ca8affe108deab2b830c11e7c1d6e4ed6b045c1841e0d3f8788f959c1d4,True,2005,True,000f00016d364a85c8b5000400c43011,7.6778,none,0,0
arc-6a497eb5af52a9f4,mus-725bd99170b3c385,110131,725bd99170b3c385756b82ee97d53e0f62187798a1b92c3053e83fba3fd780d1,True,2005,True,000f0000d9cf2091c66b000400c43011,7.6817,none,0,0
arc-a6cb7a56752eee5b,mus-896b85826ba0b898,94521,896b85826ba0b898ba8ae7a9d3b36f77380e2b4ce9c4d7bba17f347fbc8d815f,True,2008,True,1a0052b000006c0144e2789cecbd777c,7.9608,little,4,8221
arc-a6cb7a56752eee5b,mus-9683194f210e91b9,93398,9683194f210e91b9d6e4aaafc3d8414394fc4082ae4645ae44deb12c46c6e9b0,True,2008,True,1a00d6b000005d2a2b72789cec9d0794,7.9586,little,4,7989
arc-a6cb7a56752eee5b,mus-89ae3d01cb0e3cca,185083,89ae3d01cb0e3ccacd2bd9554f06631140d76db2f057eb1def100da2513ef3e8,True,2008,True,1a00cd1d0100ac898db5789cecbd779c,7.9601,little,4,15302
arc-a6cb7a56752eee5b,mus-a4bba9cc05843b94,94433,a4bba9cc05843b9481035ae05e3be5b8e4b731953fa85979a8518b02893d8351,True,2008,True,1a00f9aa0000e027e7e3789cecbd779c,7.9461,little,4,8487
arc-a4b627db91c4ad1e,mus-397b70230ccb6d57,242180,397b70230ccb6d57b554454f2380a419dbad2f801dea715ddf6395912a1a1d66,True,2005,True,000f00017a7aa5138724000400c43011,7.6778,none,0,0
arc-a4b627db91c4ad1e,mus-c187e9e2dd66da2f,113790,c187e9e2dd66da2fb9ebc4b7fd0a5cf64828a54979d8e88249f902f290d7e8d1,True,2005,True,000f0000dee9bf5b205a000400c43011,7.6773,none,0,0
arc-f1f4e01e46c3a3d9,mus-c0eb623f422cfe12,109089,c0eb623f422cfe126e9d90f145f9661e2330fd4d32e9f02a82efa1dc666ce60f,True,2005,True,000f0000e04c95b9d8b3000400c43011,7.6653,none,0,0
arc-f1f4e01e46c3a3d9,mus-c92e1fb050c9ada7,107694,c92e1fb050c9ada736166ce27c9c1c41700854b1b0cd89ce95832e9906dcd4ef,True,2005,True,000f0000e07f9685f721000400c43011,7.6550,none,0,0
arc-f1f4e01e46c3a3d9,mus-57bece109f923696,230602,57bece109f92369650cee07bd6088cfeeecae620e9a932520ba66b78e12ca3a0,True,2005,True,000f00016d0fc7d8e8fa000400c43011,7.6772,none,0,0
arc-f1f4e01e46c3a3d9,mus-725bd99170b3c385,110131,725bd99170b3c385756b82ee97d53e0f62187798a1b92c3053e83fba3fd780d1,True,2005,True,000f0000d9cf2091c66b000400c43011,7.6817,none,0,0
arc-8537738599ffa855,mus-2d7fca7329c83225,443373,2d7fca7329c83225b471c860d723cc410e2f6e84274b0c98e10309a857a3cc01,True,97,False,00010002b0b600302661001b00000000,3.9381,none,0,0
arc-8537738599ffa855,mus-a40530068451e5c5,967056,a40530068451e5c5c95fa5287f69d5699a09e8f7b694e09431136d1a12ec61a7,True,97,False,0001000511b600302661001b00000000,3.5949,none,0,0
arc-8537738599ffa855,mus-a6806495c2153f0a,327318,a6806495c2153f0a6d5a9cf96a6a92ecab8c52ddc6da5fb82a3952594438927f,True,97,False,00010002559600302661001b00000000,3.5856,none,0,0
arc-8537738599ffa855,mus-608efc95db68a6c8,366530,608efc95db68a6c8c327ea1ca556cdcd7f8e43966d957d17b33d5257da646c67,True,97,False,0001000270a600302661001b00000000,3.7244,none,0,0
arc-8537738599ffa855,mus-ee343375bf0b8822,228570,ee343375bf0b8822b1db47397721c9e8ca3702f5128fb296ef84aa638a12408d,True,97,False,00010001acb600302661001b00000000,3.6643,none,0,0
arc-abe80a18bb32a51d,mus-bd15d39004913426,439125,bd15d39004913426058c1dd42fbb617784827d8b031754d39cb210141760c656,True,97,False,00010002ac5600302661001b00000000,3.9274,none,0,0
arc-abe80a18bb32a51d,mus-c53ae89cc6e4e243,963689,c53ae89cc6e4e24328e5318bbab3af80bfddc8ea5b66e6b8140542c2b973fa8c,True,97,False,00010005108600302661001b00000000,3.5942,none,0,0
arc-abe80a18bb32a51d,mus-b435ac54f11973eb,330544,b435ac54f11973eb84fbb3b9f84916522c818c572461ac8c97d9cbc09891dafc,True,97,False,0001000257a600302661001b00000000,3.5850,none,0,0
arc-abe80a18bb32a51d,mus-f4a56c6316c6c930,366696,f4a56c6316c6c9302e64b5b7daf016927c4afe646e17612489a8fd5b29296c8d,True,97,False,0001000270a600302661001b00000000,3.7242,none,0,0
arc-abe80a18bb32a51d,mus-d7a4502557e21324,228664,d7a4502557e21324ad26d8bea7f0217cec384cfd90475544af451637f7d4d6e7,True,97,False,00010001acc600302661001b00000000,3.6699,none,0,0
arc-ce0418f19cbfe825,mus-bd15d39004913426,439125,bd15d39004913426058c1dd42fbb617784827d8b031754d39cb210141760c656,True,97,False,00010002ac5600302661001b00000000,3.9274,none,0,0
arc-ce0418f19cbfe825,mus-c53ae89cc6e4e243,963689,c53ae89cc6e4e24328e5318bbab3af80bfddc8ea5b66e6b8140542c2b973fa8c,True,97,False,00010005108600302661001b00000000,3.5942,none,0,0
arc-ce0418f19cbfe825,mus-b435ac54f11973eb,330544,b435ac54f11973eb84fbb3b9f84916522c818c572461ac8c97d9cbc09891dafc,True,97,False,0001000257a600302661001b00000000,3.5850,none,0,0
arc-ce0418f19cbfe825,mus-f4a56c6316c6c930,366696,f4a56c6316c6c9302e64b5b7daf016927c4afe646e17612489a8fd5b29296c8d,True,97,False,0001000270a600302661001b00000000,3.7242,none,0,0
arc-ce0418f19cbfe825,mus-d7a4502557e21324,228664,d7a4502557e21324ad26d8bea7f0217cec384cfd90475544af451637f7d4d6e7,True,97,False,00010001acc600302661001b00000000,3.6699,none,0,0
arc-5f6bb4c34db54446,mus-5341dbb440d85a24,28595,5341dbb440d85a2419f00274398e96cb216bef40978edda8eef50e5b55ad1b4e,False,2.6,False,00000024000002000000444100300000,4.6199,none,0,0
arc-5f6bb4c34db54446,mus-4304b7c0ce14e099,38078,4304b7c0ce14e0994b24681e246d75e762e007c6580d7e21a9b4652bba496f2c,False,2.6,False,0000002c000002000000444100300000,4.3807,none,0,0
arc-5f6bb4c34db54446,mus-59caf1b34ae0fdb4,53018,59caf1b34ae0fdb42c8b80e148a1fddd58db35219f36b0418674eb0657c5d3e1,False,2.6,False,0000003b000002000000444100300000,4.4554,none,0,0
arc-2f02b58fd2783bd2,mus-5341dbb440d85a24,28595,5341dbb440d85a2419f00274398e96cb216bef40978edda8eef50e5b55ad1b4e,False,2.6,False,00000024000002000000444100300000,4.6199,none,0,0
arc-2f02b58fd2783bd2,mus-4304b7c0ce14e099,38078,4304b7c0ce14e0994b24681e246d75e762e007c6580d7e21a9b4652bba496f2c,False,2.6,False,0000002c000002000000444100300000,4.3807,none,0,0
arc-2f02b58fd2783bd2,mus-59caf1b34ae0fdb4,53018,59caf1b34ae0fdb42c8b80e148a1fddd58db35219f36b0418674eb0657c5d3e1,False,2.6,False,0000003b000002000000444100300000,4.4554,none,0,0
arc-985f89b7e51871fe,mus-b54a9acf4e153717,9264,b54a9acf4e1537177889f1e630ad359fc23bc56a24aecc040d288ef53fab01f4,False,2.0.1,False,0000000f000002000000444100480000,3.6505,none,0,0
arc-1743ae0b636490dc,mus-4fc571619932419f,52331,4fc571619932419f83ab38485823916148a807c291d7569ecff3b5919c421851,False,2.6,False,00000047000002000000444100300000,4.2225,none,0,0
arc-1743ae0b636490dc,mus-c2898ef71c618aa4,120939,c2898ef71c618aa451f27f4b3df955541b13207611ee8e622527c3eb7ad46064,False,2.6,False,0000005e000002000000444100300000,4.4873,none,0,0
arc-43a661d4865f5ce2,mus-32086c71c13e49f2,401325,32086c71c13e49f22372e9dcd01e86c23cd67e254f01e4fca5233e500908da20,True,97,False,000100027e5600302661001b00000000,3.9378,none,0,0
arc-43a661d4865f5ce2,mus-2bd0c7d49331d215,830632,2bd0c7d49331d215756250705e7e0c03cb93adf03711db34f37137758bc5cc31,True,97,False,00010004543600302661001b00000000,3.5897,none,0,0
arc-43a661d4865f5ce2,mus-a7ccb4ee7ec64755,21470,a7ccb4ee7ec64755ea899459fa12c4733b035f34d51b1ad86c515f16cb8e2b86,True,97,False,00010000498600312661000100000000,3.3177,none,0,0
arc-43a661d4865f5ce2,mus-8b65dafba055fbe3,279690,8b65dafba055fbe358c90d6ceaceedcff599ba9bb15ef72de5cf0edc412df716,True,97,False,00010001f5a600302661001b00000000,3.6324,none,0,0
arc-43a661d4865f5ce2,mus-d544b7c54e87b333,323522,d544b7c54e87b333f113e30b6fb66bd2413842061e94ec73fa5873957b8ab107,True,97,False,000100022fa600302661001b00000000,3.7491,none,0,0
arc-43a661d4865f5ce2,mus-f8e60daeb57b0dd6,212388,f8e60daeb57b0dd6d07b2da3b17682f966da34e0ae1e44dec9a1fc10f64272a6,True,97,False,00010001892600302661001b00000000,3.6078,none,0,0
arc-1b3b462bc7dc9f79,mus-721c3ceefbe4dfc5,52331,721c3ceefbe4dfc58f376be07d32f886faaf84e0d8e178dae0658768da3605fe,False,2.6,False,00000047000002000000444100300000,4.2372,none,0,0
arc-ac78ccb801f8c377,mus-26a4b3fbc2bc36a1,87069,26a4b3fbc2bc36a188c04af66a61a97c42fbee91d7fa1ca9e17ff00749b39433,True,97,False,00010000c80600312661000100000000,3.4096,none,0,0
arc-1d861f2e9638d8c5,mus-b363e158cf8bffc0,27544,b363e158cf8bffc05e9c71b896583eea843b5c4e90a3893169b08787a511db34,False,2.6,False,00000022000002000000444100300000,4.3939,none,0,0
arc-1d861f2e9638d8c5,mus-2694cab2dfbadfe7,37054,2694cab2dfbadfe7147d0b0c89c420889f7fda8df5f3e8651716bcfd91b2a9d0,False,2.6,False,0000002a000002000000444100300000,4.1757,none,0,0
arc-1d861f2e9638d8c5,mus-f25071169e164b0d,53018,f25071169e164b0d5707071bc71139d526dff221ed5b183a6f0f858dfa583de4,False,2.6,False,0000003b000002000000444100300000,4.3754,none,0,0
arc-1b3b462bc7dc9f79,mus-132992e5c88013e2,120939,132992e5c88013e298aef942c6922d7729c4cd8acbb4ee2748968c31aaffbdd3,False,2.6,False,0000005e000002000000444100300000,4.5171,none,0,0
arc-1d861f2e9638d8c5,mus-6b1a13acfacae6fb,9918,6b1a13acfacae6fb7692b07b520d58d6f2f4812b7508a073ca7a3ba6d57822e2,False,2.6,False,00000010000002000000444100300000,4.0542,none,0,0
arc-693b8929a5d32446,mus-6b01e9501ba054b3,15400,6b01e9501ba054b3ddfcbb9751bda6f70e31d2de6e5ca68ec0f85c77dc48bf21,True,3.2,False,000100003806fffe3031000000000004,3.5602,none,0,0
arc-f57d39e146d480c0,mus-6298a9bc4e8c1255,362921,6298a9bc4e8c125585780e02e021ae907e71236571a7a64caf45c2ebe02bcfc7,False,2.6,False,000001d4000002000000444100480000,4.3906,none,0,0
arc-f57d39e146d480c0,mus-ae5cb6e6f7235688,310697,ae5cb6e6f72356882364f11331fd952fd8379a09166b6d2fec27d7ff466f94ac,False,2.6,False,000001b30000020000004441003c0000,4.3822,none,0,0
arc-f57d39e146d480c0,mus-bd0042f8e0354192,706473,bd0042f8e0354192fed2048f74960107032554d357c6ed797854dc3c443556a7,False,2.6,False,0000023c000002000000444100300000,4.4259,none,0,0
arc-f57d39e146d480c0,mus-861b18ad06442d00,312233,861b18ad06442d008b9b28cc4e7ba8a72d7e2dbe8fda7a2beba12cea3598f8ab,False,2.6,False,000001b40000020000004441003c0000,4.3833,none,0,0
arc-f57d39e146d480c0,mus-0bec475a6cf4c223,373673,0bec475a6cf4c2232bbcdec9154211d2f3ec5e854fe016d7f54b5e45dba53323,False,2.6,False,000001dd000002000000444100480000,4.3739,none,0,0
arc-f57d39e146d480c0,mus-14f0c3cebdf8d3b1,375721,14f0c3cebdf8d3b1870ee6bf5f1c016d9da6ae75a41168561e03e1ebe7e1b916,False,2.6,False,000001db000002000000444100480000,4.3816,none,0,0
arc-f9b222159151b348,mus-261e23d8bb9be494,294096,261e23d8bb9be49440caa789fea2e257a5c8cf49b6eca67fe47ccc5386f1132a,True,97,True,00010002012600312661000100000000,3.6714,none,0,0
arc-f9b222159151b348,mus-cbbd028489fb8804,253276,cbbd028489fb8804ad25672b4b9695f15c9ab6021c98a2b425ec7eb22a069072,True,97,True,00010001c2d600312661000100000000,3.5538,none,0,0
arc-f9b222159151b348,mus-6a0b474f3ee5a2eb,253132,6a0b474f3ee5a2ebdc460e7d200102d6685d2e63c8be07713b2bd0d6496a1cda,True,97,True,00010001c21600312661000100000000,3.5445,none,0,0
arc-f9b222159151b348,mus-72cfcc27a7987a67,828904,72cfcc27a7987a677177dd8741c28ba8f65870fcffb4aee998d1490c114fe660,True,97,True,0001000387e600312661000100000000,3.5582,none,0,0
arc-f9b222159151b348,mus-8fdf95da9f94f78c,855505,8fdf95da9f94f78cda68fc9ab593b8bd75318259e0be775f4f82a4c0b5e99dee,True,2000,True,00010003cab600312661000100000000,3.5688,none,0,0
arc-f9b222159151b348,mus-ab1fe3d02ac65f1b,48287,ab1fe3d02ac65f1bd50dce773fe4a5447a707d9dabf6fcaf0e157dbb80b6a5a4,True,97,True,00010000620600312661000100000000,3.3053,none,0,0
arc-f9d4e6a53f9a0686,mus-261e23d8bb9be494,294096,261e23d8bb9be49440caa789fea2e257a5c8cf49b6eca67fe47ccc5386f1132a,True,97,True,00010002012600312661000100000000,3.6714,none,0,0
arc-f9d4e6a53f9a0686,mus-b76a9b23fbdf291c,68899,b76a9b23fbdf291c76e151ec2b74b62b40abe50920075265d8ecbb54fb62688f,True,2003,True,000f000094ee05888087000400c43011,7.6179,none,0,0
arc-f9d4e6a53f9a0686,mus-7bd01f608bce7504,68760,7bd01f608bce7504cf364cf91ece8022e5bd5db81e8ee2c78fcdbed196df61d7,True,2003,True,000f000094c0e9e28f1c000400c43011,7.6145,none,0,0
arc-f9d4e6a53f9a0686,mus-8fdf95da9f94f78c,855505,8fdf95da9f94f78cda68fc9ab593b8bd75318259e0be775f4f82a4c0b5e99dee,True,2000,True,00010003cab600312661000100000000,3.5688,none,0,0
arc-f736912dc922468c,mus-a60f2e2c98f0fb41,47635,a60f2e2c98f0fb41a046a6120ba097aee6ddcb6c7af4f3acd724402c4a8f2683,True,2007,True,001a0000576d8712cbd2789ced7d0960,7.9688,big,4,0
arc-d1f7c72b8cc3eca8,mus-00fbd2181c21fe36,96177,00fbd2181c21fe363ac780e6f293f2553429ce1f3e59ba6755e95525b8a489a3,True,2003,True,000f0000d5d8f86be8c9000400c03011,7.4624,none,0,0
arc-d1f7c72b8cc3eca8,mus-4de1cf9e0d2f6cef,250931,4de1cf9e0d2f6cefd4ae48945432d7cfa5089ae4f096581c503e1f1dedbdea73,True,2012,True,1a0088a80200b3446109789cecbd077c,7.9435,little,4,0
arc-d1f7c72b8cc3eca8,mus-264ad212f67a5c47,232386,264ad212f67a5c476cdcb94e7eae7156d074f69e6d938494c050eb9c2d91807b,True,2012,True,1a00c87e0200f7af1cca789cecbd0798,7.9459,little,4,0
arc-d1f7c72b8cc3eca8,mus-c8056717418a511d,232397,c8056717418a511dfc9ad1d37c3112d276c8499783cfc788204fa8f497fcefff,True,2012,True,1a00d97e02007f686437789cecbd0798,7.9459,little,4,0
arc-d1f7c72b8cc3eca8,mus-913b3d93b8c52d63,189725,913b3d93b8c52d63e9e864dc2baf30129dde1c0524694d3d1f438886924cfe8e,True,2012,True,1a00d24102009dad3c26789cec5d0778,7.9644,little,4,0
arc-d1f7c72b8cc3eca8,mus-b3b2fd70bbc70e67,223921,b3b2fd70bbc70e67c1e5b1021871fb6f73e46c1d0ef234c60760677962e0a39c,True,2012,True,1a00986c02000f3f48ca789cecbd077c,7.9531,little,4,0
arc-d1f7c72b8cc3eca8,mus-b8955c8bd129d1ad,214295,b8955c8bd129d1ad8855a2822f94485295d6744cff9fe96adb97bb66a957e041,True,2012,True,1a00756502006a2dbe03789cecbd077c,7.9461,little,4,0
arc-d1f7c72b8cc3eca8,mus-915d8cb954656308,213825,915d8cb954656308f3598b8acada9817af36bb6fb6607abeeffed45439663c9a,True,2012,True,1a009c6302009a384079789cecbd077c,7.9428,little,4,0
arc-d1f7c72b8cc3eca8,mus-ee5e04d9244867c6,195164,ee5e04d9244867c65a6f0b91e76bcbdf2abef1848de3403028a9263ac0bf49f9,True,2012,True,1a00534102006da77645789cec5d0778,7.9569,little,4,0
arc-d1f7c72b8cc3eca8,mus-3e76a359448ae165,220545,3e76a359448ae1653be74623519305ccb76aaf12ccd832e072ccb409e975d2a6,True,2012,True,1a00357402006902d6d3789cecbd0798,7.9558,little,4,0
arc-d1f7c72b8cc3eca8,mus-ee1382238443129b,18360,ee1382238443129bf1cf40c3444e781751324db805955d97281f02d7308c745e,True,2007,True,001a00002794dc833d06789ced7d099c,7.9687,big,4,786
arc-d1f7c72b8cc3eca8,mus-f90530f1969e6808,79768,f90530f1969e68088264dff3c00258aa80eff4c7cd15913c1b80a55020808666,True,2012,True,1a00e6910000954769e7789cec5d0980,7.9472,little,4,0
arc-d1f7c72b8cc3eca8,mus-62404d5e08f1d88d,79768,62404d5e08f1d88d9ebf73ceee93756d1e8d16fe9ba25b15ac3dfccd5e909c9d,True,2012,True,1a00e6910000954769e7789cec5d0980,7.9472,little,4,0
arc-d1f7c72b8cc3eca8,mus-33c5862d5d9dd769,91695,33c5862d5d9dd7694604140d3a1f7dd9557e6957a8b3269fc6f85f1c944057ab,True,2012,True,1a00cfbb00006ee0a1d2789cec7d0760,7.9540,little,4,0
arc-d1f7c72b8cc3eca8,mus-cbcd8683359ffc41,91675,cbcd8683359ffc41b7356358edea7c9bd38be61eaf5dcc32f08dbc327ac93e16,True,2012,True,1a00d7bb000083de2078789cec7d0760,7.9547,little,4,0
arc-d1f7c72b8cc3eca8,mus-f3e5d054dfa48f19,41519,f3e5d054dfa48f19d6e17ecb5503a86fea75b130d094f6cd2e25008466715e8d,True,2012,True,1a002d5f0000007c3322789ced5d0960,7.9670,little,4,3805
arc-d1f7c72b8cc3eca8,mus-a5336510713638ed,42095,a5336510713638edf9c9bd53cebe7eae4b70eef9b356d035c3e9dbb1e7e45132,True,2012,True,1a00a65f0000ad8fcb18789ced5d0960,7.9711,little,4,3839
arc-d1f7c72b8cc3eca8,mus-43c11614815f485c,31867,43c11614815f485c26e8f2eda67a26b51711d04bddc0f6720a1d992d8c332e39,True,2008,True,1a00b0370000b2e78e39789ced9d0960,7.9458,little,4,2352
arc-d1f7c72b8cc3eca8,mus-7abf411f179b6a86,105431,7abf411f179b6a8692a437a4d6088732a20a93592f7a42a2e4caae0c75a84dec,True,2008,True,1a0010cd00007757c5f4789cecbd0760,7.8850,little,4,0
arc-d1f7c72b8cc3eca8,mus-ba51fd18ff5186a2,106257,ba51fd18ff5186a226aeea6b9235352c3c02d12c0b602beb3f86b09d5331b415,True,2008,True,1a0050cf000066e23d57789cecbd0760,7.8861,little,4,0
arc-d1f7c72b8cc3eca8,mus-0abd84c1f0ce76db,89589,0abd84c1f0ce76dbeef8098dc6d102c5810dd0a7a452d9365a84f553edb1fedb,True,2012,True,1a00bc960000e3d67235789cecbd0798,7.9232,little,4,6452
arc-d1f7c72b8cc3eca8,mus-f2f5f5a19da579f0,89595,f2f5f5a19da579f0830dda70f328dacdd456a7d9bf9644cef7c61a4aa3814a25,True,2012,True,1a00bf9600003de5a2a5789cecbd0798,7.9284,little,4,6452
arc-d1f7c72b8cc3eca8,mus-add7b1cab2665809,35422,add7b1cab26658095e068ba2f0e515964def06ceccd67568966010672f317a32,True,2007,True,001a000045aa099059fd789ced7d799c,7.9689,big,4,1514
arc-d1f7c72b8cc3eca8,mus-913952518c737d02,690938,913952518c737d02ff8c6f8a0e48133d5390835faf7eb17fe54a9c22b3cbeb64,True,2005,True,000f0003d3468bbb187e000400c43011,7.6823,none,0,0
arc-d1f7c72b8cc3eca8,mus-a00bc53554a1b75f,880638,a00bc53554a1b75f93ec1fe00bc84461e63aa5e8766679db21a7272ae43866da,True,2005,True,000f0004890a762fda82000400c43011,7.6720,none,0,0
arc-d1f7c72b8cc3eca8,mus-0f318713eba3368b,46298,0f318713eba3368b81299805490be352d5c6521766a5dcc06b054119c0f8e731,True,2012,True,1a00e36400009c390a77789ced7d0980,7.9741,little,4,4217
arc-d1f7c72b8cc3eca8,mus-0f318713eba3368b,46298,0f318713eba3368b81299805490be352d5c6521766a5dcc06b054119c0f8e731,True,2012,True,1a00e36400009c390a77789ced7d0980,7.9741,little,4,4217
arc-d1f7c72b8cc3eca8,mus-929f5526366187d1,79696,929f5526366187d1d21044011a714bd1f8d0a00c27b42a3e066a15b30e2fb4bd,True,2007,True,001a000083607def9e3b789cecbd079c,7.9390,big,4,0
arc-d1f7c72b8cc3eca8,mus-9feb7c0de9453761,35283,9feb7c0de945376102288d548074e1d03543d26a0896e539defe1cff08cfc365,True,2008,True,1a00693c00008f110dca789ced7d0978,7.9664,little,4,2198
arc-d1f7c72b8cc3eca8,mus-f39043d04440958d,39252,f39043d04440958d6d80251122535c1b6a109e155d0bd05c7006b19d3e054e51,True,2007,True,001a000043e8593ed5e8789ced7d0980,7.9609,big,4,1342
arc-d1f7c72b8cc3eca8,mus-823929d9084ca5e9,22724,823929d9084ca5e9cb0e31efda3de12dcd59e44f54c564626ec53d0e9438552e,True,2008,True,1a00f229000097e133c5789ced9d097c,7.9614,little,4,1425
arc-d1f7c72b8cc3eca8,mus-0878aa759018bfee,88564,0878aa759018bfeeca2034ac3da963b11e8f176c32a90cf77364475a0228b9ed,True,2005,True,000f00011b1787eae327000400c43011,7.4932,none,0,0
arc-d1f7c72b8cc3eca8,mus-4c7c1216fd017055,45638,4c7c1216fd017055436cc43b054d89da2e8cd355f3b8abecc9e7b20fde81e067,True,2012,True,1a008d610000de528db1789ced7d0960,7.9750,little,4,4002
arc-d1f7c72b8cc3eca8,mus-5fae5efe57799806,48088,5fae5efe577998069a59b050c6840ef86d66524e6eda9b933c5aa299172d8c9d,True,2012,True,1a001f6b0000b723cbc4789cec5d0960,7.9641,little,4,4041
arc-d1f7c72b8cc3eca8,mus-906cc1e3e03c8ac1,29556,906cc1e3e03c8ac19492c2ac01bc1c1a268cae3806a5f2bf7b0cfaf10459939b,True,2008,True,1a00742f0000b09c43ba789ced9d099c,7.9416,little,4,1875
arc-d1f7c72b8cc3eca8,mus-c077be162381f441,21318,c077be162381f441a8240d7bd6dea8637cb071cf6a670bcc54af8f499214e2df,True,2007,True,001a00002a820f772dd4789ced9d0b9c,7.9651,big,4,888
arc-d1f7c72b8cc3eca8,mus-5c2c3f9c5761e343,78751,5c2c3f9c5761e343414bdd06379d9332e95fce15699657754373a60d3487d50c,True,2012,True,1a0079a200002e1bad8f789cec7d0980,7.9353,little,4,6661
arc-d1f7c72b8cc3eca8,mus-5e485b8e314c17ff,78747,5e485b8e314c17ff1735f57ccadb2441b6d29779f6387bbbe3269dddfc067e2b,True,2012,True,1a0079a200002e1bad8f789cec7d0980,7.9353,little,4,6661
arc-d1f7c72b8cc3eca8,mus-68e7d1402c3e4898,31183,68e7d1402c3e4898042048d207d049d713fa13758be3579b67cc72dcf6766e96,True,2008,True,1a00803900006858b926789ced9d097c,7.9588,little,4,2142
arc-d1f7c72b8cc3eca8,mus-bd2bb1ec117837b6,29184,bd2bb1ec117837b689614b45d8d9ce3ef1d3848f63d57707238a99d6430bf7a4,True,2012,True,1a00423b000045a3b204789ced5d097c,7.9635,little,4,1959
arc-d1f7c72b8cc3eca8,mus-8eafedec57ecc2de,29181,8eafedec57ecc2de10d742cea77e781a0e237f6b8cf7b13289c4b78f9380bedf,True,2012,True,1a00423b000083ddffb9789ced5d097c,7.9638,little,4,1959
arc-d1f7c72b8cc3eca8,mus-84761f30804afb36,29186,84761f30804afb36be7fe4e24e47a31d8d9f729c1f392f0b3d46eb3cf6d49a4c,True,2012,True,1a00323b0000d917a543789ced5d097c,7.9671,little,4,1959
arc-d1f7c72b8cc3eca8,mus-eef1f5db298286cc,29175,eef1f5db298286cc0dd33dba04cc9dd93ac4cbcb01d30126284c8aa2f80ded54,True,2012,True,1a00323b0000d917a543789ced5d097c,7.9659,little,4,1958
arc-d1f7c72b8cc3eca8,mus-3b2091b13416872d,53268,3b2091b13416872ddc336b771f9caab9468a2724c3df384ef6e7c704c577ca58,True,2007,True,001a00005edf8ac0f305789cedbd099c,7.9518,big,4,0
arc-d1f7c72b8cc3eca8,mus-4e84a2bb849c036e,22502,4e84a2bb849c036e18daa20bd64734172c27c8fda2b98f630505758308e7b62d,True,2007,True,001a00002fbf15c90170789ced7d097c,7.9605,big,4,1075
arc-d1f7c72b8cc3eca8,mus-f01e83eaf2c11bb5,14339,f01e83eaf2c11bb548878ed72c4ecdd419eb51a1afc74d20b4a62c4cd3f9ab89,True,2008,True,1a00b31e00001f0c94f5789ced9d097c,7.9479,little,4,1013
arc-d1f7c72b8cc3eca8,mus-b6a33d5ab22def63,41439,b6a33d5ab22def63fbe4dd58375940b5c3474954b4a32d41c84ed0b7da706df7,True,2012,True,1a001d6000007e76c706789ced7d0960,7.9730,little,4,3938
arc-d1f7c72b8cc3eca8,mus-ee34739baba5caa2,41534,ee34739baba5caa212bbf13ea99968fc76f1415b43efacc4001a4189700d26cf,True,2012,True,1a002e6000001d4d23df789ced7d0960,7.9737,little,4,3942
arc-d1f7c72b8cc3eca8,mus-79508807a85639d1,39965,79508807a85639d101b378cc0d6eb7136520de5aec2dbc928f5ad9acb188c851,True,2012,True,1a00925f0000248a4ca8789ced7d0960,7.9687,little,4,3887
arc-d1f7c72b8cc3eca8,mus-7fb96286c8331679,41563,7fb96286c8331679c1c499382050b7715cba772f495699f4056d3242521e634d,True,2012,True,1a00a76100009bd712cf789ced5d0980,7.9688,little,4,4014
arc-d1f7c72b8cc3eca8,mus-26db3c4beb37306b,41490,26db3c4beb37306bb74c21192e6ebb07c42aeebaefb622e83f686266070f0543,True,2012,True,1a009e6100000e21c89c789ced5d0980,7.9703,little,4,4012
arc-d1f7c72b8cc3eca8,mus-c7460e53cfd66420,42237,c7460e53cfd66420247085ad398fc19069e477b3dfa98244b7102ec722b035a8,True,2012,True,1a008062000023858ae1789ced5d0980,7.9682,little,4,4060
arc-d1f7c72b8cc3eca8,mus-7179d469e2dbcd11,42514,7179d469e2dbcd11f38babb1ed1ad8cd7986e66b3861e10457d4310fbbc4bd77,True,2012,True,1a00e3620000b3814111789ced5d0980,7.9702,little,4,4087
arc-d1f7c72b8cc3eca8,mus-2492168388de9ce6,466304,2492168388de9ce638b2e1d972b5bccefb7f54283490971154301e26b0a19de1,True,2005,True,000f00024ef8cc2ee44c000400c43011,7.6016,none,0,0
arc-d1f7c72b8cc3eca8,mus-91ae592526902e40,636738,91ae592526902e408439afc8cd8c3a3f5c6c8f2e001c63f99c28c390c23ecd8f,True,2005,True,000f0002b5939c417f14000400c43011,7.6217,none,0,0
arc-d1f7c72b8cc3eca8,mus-a21dee695278c6ad,78128,a21dee695278c6ad4ae8c3526129abae30ee3c352093b04afce75d05818b9e21,True,2012,True,1a0030880000239f88bd789cecbd0798,7.9110,little,4,5665
arc-d1f7c72b8cc3eca8,mus-2d2c2a7a5e3d20ac,78127,2d2c2a7a5e3d20ac4d578994bf0b433a32505b47283d96289ddf9fffa270f060,True,2012,True,1a0030880000239f88bd789cecbd0798,7.9110,little,4,5665
arc-d1f7c72b8cc3eca8,mus-9b30f6a49747424d,57061,9b30f6a49747424d163114d9617e6e07884eaa0453279f00d6eeb489131080eb,True,2012,True,1a0064770000b0a55410789cec5d0980,7.9538,little,4,0
arc-d1f7c72b8cc3eca8,mus-d6d8b32b7b959167,57061,d6d8b32b7b95916747c3448efcc82096070ad6f545f4a7e465499aefec81ff9b,True,2012,True,1a0064770000b0a55410789cec5d0980,7.9538,little,4,0
arc-d1f7c72b8cc3eca8,mus-b5769d35050efb40,66750,b5769d35050efb404732a1a7281c9aea7c83df56f5c802bf0466ec1da70afa16,True,2012,True,1a009d8b0000ee6d9ff7789cec5d0960,7.9428,little,4,0
arc-d1f7c72b8cc3eca8,mus-75effcc5307a27b7,67404,75effcc5307a27b72fa2cf44d86fdd77cefe825ab401deee0bea26f4bdaaf2c0,True,2012,True,1a00938d00004eb1bd41789cec5d0960,7.9386,little,4,0
arc-d1f7c72b8cc3eca8,mus-cd95a11908bc4fff,42133,cd95a11908bc4fff95b56cf1c2f5da384b0de9f6e4892984cd66b739eaf91077,True,2007,True,001a00003ce247899eaf789ced7d0960,7.9672,big,4,1396
arc-d1f7c72b8cc3eca8,mus-f6036e33fb3f4fbd,14537,f6036e33fb3f4fbd64e1ff6e9eb426692a953c09add4ba7003b839f6db09c46d,True,2008,True,1a0065210000bb237b97789ced9d0b7c,7.9382,little,4,957
arc-d1f7c72b8cc3eca8,mus-4b5528a89911db4f,41315,4b5528a89911db4fdffeb09700b359a6d9511ddff6885fcf9328f325ea4e20ae,True,2012,True,1a00a2600000aa5b76c4789ced7d0960,7.9714,little,4,3965
arc-d1f7c72b8cc3eca8,mus-68c9c0cca3353a92,41316,68c9c0cca3353a92ae05d128a64469df73d80654a6592bb8eb8f61fa56451692,True,2012,True,1a00a3600000ec7627ce789ced7d0960,7.9731,little,4,3965
arc-d1f7c72b8cc3eca8,mus-a39a5b4e5826a1fd,75894,a39a5b4e5826a1fd1978c7eb864135618c8e5087cadbf8c4ab798a7681d81a01,True,2012,True,1a00ae8f000064e9a5e6789cec5d0960,7.9407,little,4,3470
arc-d1f7c72b8cc3eca8,mus-32528d53aeed76bb,75902,32528d53aeed76bb6cc202bfa68a3c23146df6e831bcd2eb16a8d2632616d108,True,2012,True,1a00b68f000026e9b568789cec5d0960,7.9408,little,4,3470
arc-d1f7c72b8cc3eca8,mus-4961e3b9aa601fa9,91594,4961e3b9aa601fa9c174e091ec75124e24b73b71376013d29e60aec8978d2686,True,2012,True,1a0029ba000068910c5a789cec5d0960,7.9330,little,4,0
arc-d1f7c72b8cc3eca8,mus-d3683189c6234b82,91614,d3683189c6234b829cbeb21efee0ef41dbd33dc4917e8f101e429cce8d45f8a8,True,2012,True,1a003aba0000677aa8ff789cec5d0960,7.9331,little,4,0
arc-d1f7c72b8cc3eca8,mus-a18168fecc7dc8c2,81108,a18168fecc7dc8c238bef5f4c55905ec28d0c95a93db7fd797db935bfc0c80e9,True,2012,True,1a00f6a200006946eeab789cec7d0780,7.9472,little,4,6812
arc-d1f7c72b8cc3eca8,mus-04e6f54cab1cc08b,81046,04e6f54cab1cc08b894d3c85128357976db3fb42b66744e89cbb90ae91555f9d,True,2012,True,1a00daa20000d0e62a03789cec7d0780,7.9442,little,4,6809
arc-d1f7c72b8cc3eca8,mus-958d5a7491c52ea1,21326,958d5a7491c52ea1845ae434931ab4771b6a7dfa63775bec0ff6a1ca388cc538,True,2007,True,001a00002a8258a44e78789ced9d0b9c,7.9673,big,4,888
arc-d1f7c72b8cc3eca8,mus-e70cb738cd73a3b1,17896,e70cb738cd73a3b1ec0f13d83422719064989f8b406ec73689319fd3b8693050,True,2008,True,1a003124000014d2e0ff789ced9d0b80,7.9001,little,4,1078
arc-d1f7c72b8cc3eca8,mus-604cb38a2d34e7a6,35951,604cb38a2d34e7a6b457694222c3fba65edcb55a206e6a7189e3598da3622121,True,2008,True,1a00333f0000cd543d21789ced9d0960,7.9490,little,4,2533
arc-d1f7c72b8cc3eca8,mus-37f1d0eef433e872,22478,37f1d0eef433e8728f29af9be7b3f3c18963ae17f60a34450890b0adad36e4eb,True,2007,True,001a00002fc1a44e790d789ced7d097c,7.9615,big,4,1072
arc-d1f7c72b8cc3eca8,mus-f98f2b536ec29b46,282396,f98f2b536ec29b460891dc7728bcdd98b384efa73d3af6014c29541caf689835,True,2005,True,000f0001a53bb779a03c000400c43011,7.6426,none,0,0
arc-d1f7c72b8cc3eca8,mus-acd16cb7ea3c2918,358679,acd16cb7ea3c29187d4960135983ebc5050afacd8580a01f6477b0c8bc92a935,True,2005,True,000f0001ecd3d4da53ab000400c43011,7.6577,none,0,0
arc-d1f7c72b8cc3eca8,mus-332cebd7fad14303,15654,332cebd7fad143031eb084b387f6369455f139869ba3a070ad7669eabbf47ccc,True,2008,True,1a005f20000009ca2a88789ced9d0b7c,7.9010,little,4,1058
arc-d1f7c72b8cc3eca8,mus-360115fd6f0ada35,40981,360115fd6f0ada3568354034bc763f6e339d5f304c54a6dde1774efb5be24edd,True,2012,True,1a00ba5e00008faa7c73789ced5d0760,7.9725,little,4,3892
arc-d1f7c72b8cc3eca8,mus-962876a156944439,41459,962876a15694443956ba291d104054e3ef3edba989da9da44ef877d6165da68f,True,2012,True,1a00ce5f000013162653789ced5d0760,7.9710,little,4,3965
arc-d1f7c72b8cc3eca8,mus-0017a0085e90cb28,41459,0017a0085e90cb2897c67f4a67552311c2a2eaf7d3dd66c1192a26a1379d3403,True,2012,True,1a00ce5f000013162653789ced5d0760,7.9710,little,4,3965
arc-d1f7c72b8cc3eca8,mus-ecf7cb8ca9856313,41530,ecf7cb8ca9856313e610d0506574983d9a144f9a66956012092ba225cbaa8e01,True,2012,True,1a00fb5e00002aec203d789ced5d0760,7.9681,little,4,3906
arc-d1f7c72b8cc3eca8,mus-7608050b0d223bf5,41527,7608050b0d223bf5d982056ee6ec9b376dfd49e611feab0f2795ae2395dd3644,True,2012,True,1a00fb5e00002aec203d789ced5d0760,7.9681,little,4,3906
arc-d1f7c72b8cc3eca8,mus-ea51fbab0829350f,47481,ea51fbab0829350f16d1799d782fabc8d8cbc9f3f25235d045f97466d139461d,True,2012,True,1a00bd6a0000ed840906789cec5d0780,7.9619,little,4,4530
arc-d1f7c72b8cc3eca8,mus-94604f2059ca0abe,47478,94604f2059ca0abe05510aeee0036dffa3c0cce9e0c364c94d20b370a2c9707b,True,2012,True,1a00bd6a0000ed840906789cec5d0780,7.9619,little,4,4530
arc-d1f7c72b8cc3eca8,mus-03a3d2e83fd00da7,133437,03a3d2e83fd00da7d6e27094c59946f6f8dae7fe4109c03127b03b4bd5f21924,True,2007,True,001a0000f43f4fc63012789cecbd799c,7.9489,big,4,0
arc-d1f7c72b8cc3eca8,mus-edf7a671da1f6cca,19115,edf7a671da1f6cca7e149341e8bad1de0756634bff3778376ed5ffd330a5b311,True,2008,True,1a0076250000ea229f69789ced9d0b7c,7.9588,little,4,1334
arc-d1f7c72b8cc3eca8,mus-a4357abb5afd500b,21667,a4357abb5afd500b45f3eea5d83f025ff1608727a49bf469956e49d395aee016,True,2008,True,1a00d4230000e08a8527789ced9d0998,7.9546,little,4,1257
arc-d1f7c72b8cc3eca8,mus-fbc8b30c42004573,17863,fbc8b30c420045736d03ea0940ae19e5f0c359ce3f77289c855d8fa59fc74dfe,True,2008,True,1a00fd260000dc442d43789ced7d0b60,7.9700,little,4,1148
arc-d1f7c72b8cc3eca8,mus-50e52b9c19f89116,93222,50e52b9c19f891160173dc652654884b2d9bb87c9e170b7b6f71bd15ce4d8297,True,2012,True,1a0091b10000a2488da3789cec5d097c,7.9527,little,4,3598
arc-d1f7c72b8cc3eca8,mus-9f57811bc33ef8d5,93222,9f57811bc33ef8d5546a18f72f5d2801e901289f9a14d3b75870b1c9550497b9,True,2012,True,1a0091b10000a2488da3789cec5d097c,7.9527,little,4,3598
arc-d1f7c72b8cc3eca8,mus-d85a9a9472761cd1,179657,d85a9a9472761cd1fcb880968127210fe2ef2e3adaa8957bad0b58eb31306f87,True,2005,True,000f000107fd1a8cedf9000400c43011,7.5802,none,0,0
arc-d1f7c72b8cc3eca8,mus-1e7f5cf217e98ed9,287486,1e7f5cf217e98ed910cd3bdcf48bb49f0a8ed2da49c742922615fd367ccd5e5c,True,2005,True,000f00015f05aaee1222000400c43011,7.5945,none,0,0
arc-d1f7c72b8cc3eca8,mus-da2293ec3d35e0dd,42407,da2293ec3d35e0dd96df027f5863d235648880633f7eea7b6aba42d4dec5372e,True,2007,True,001a0000533ffd6f27ba789ced7d0960,7.9608,big,4,1607
arc-d1f7c72b8cc3eca8,mus-3dc21820f7dacf6e,50331,3dc21820f7dacf6ea7d323f8f7134fa72d822049eb5c1693a5415f44c7f35fde,True,2012,True,1a00e770000080e40b87789cec5d0980,7.9667,little,4,4488
arc-d1f7c72b8cc3eca8,mus-3dc21820f7dacf6e,50331,3dc21820f7dacf6ea7d323f8f7134fa72d822049eb5c1693a5415f44c7f35fde,True,2012,True,1a00e770000080e40b87789cec5d0980,7.9667,little,4,4488
arc-d1f7c72b8cc3eca8,mus-0f665c961fecafe4,36906,0f665c961fecafe4e74d85f8023e71da90f82c84e0d88562c1102753b435c6a9,True,2007,True,001a00004017fdeda5a0789ced7d0798,7.9653,big,4,1279
arc-d1f7c72b8cc3eca8,mus-442212b8c4065bc9,48555,442212b8c4065bc9d4327a5497057107c2777cabbda939d7cf3a1b2526e6a982,True,2012,True,1a00a96c0000a584568e789cec7d0760,7.9627,little,4,4351
arc-d1f7c72b8cc3eca8,mus-442212b8c4065bc9,48555,442212b8c4065bc9d4327a5497057107c2777cabbda939d7cf3a1b2526e6a982,True,2012,True,1a00a96c0000a584568e789cec7d0760,7.9627,little,4,4351
arc-d1f7c72b8cc3eca8,mus-45acda09879a6058,132049,45acda09879a605858709be93cea87e0d27bc40af976152d3a97f55bf19e5683,True,2007,True,001a0000be8df2271379789cecbd0998,7.9508,big,4,0
arc-d1f7c72b8cc3eca8,mus-512ebe9bac578647,493719,512ebe9bac57864794544ed819e728fd9de0ff3a9a707d0c226aa7fcf859973d,True,97,False,000100027d9600312661000100000000,3.4546,none,0,0
arc-d1f7c72b8cc3eca8,mus-c529c7bd2b077410,16768,c529c7bd2b0774105542f84600cf20f44dd813f26ecea92edc596e36f0c6a19e,True,2008,True,1a0065230000c7681814789ced9d0980,7.9524,little,4,1122
arc-d1f7c72b8cc3eca8,mus-4d41a3a813e18b1b,42491,4d41a3a813e18b1b4c71e5db4356c6d1e537e9058549cea7307c69ac91551657,True,2012,True,1a005d6100000e5d8a7c789ced5d0760,7.9708,little,4,3999
arc-d1f7c72b8cc3eca8,mus-e6092385ec70d505,42248,e6092385ec70d5050f35b455c0091e382c262cebc8901898f952c7a18539a5bd,True,2012,True,1a003c6100009b744881789ced5d0760,7.9717,little,4,3988
arc-d1f7c72b8cc3eca8,mus-0d5f94f071eddbe1,23231,0d5f94f071eddbe13206275a321ed43bbf619f8a2580496542c502a8b941e1c5,True,2007,True,001a00002f2912e1ce94789ced7d097c,7.9651,big,4,958
arc-d1f7c72b8cc3eca8,mus-a739d99915097d62,64303,a739d99915097d62a3a10471b33e7214bddbe37e31e6f841efcc6fe9cc38a6d6,True,2012,True,1a00e97a000027e6d1aa789cec5d0980,7.9435,little,4,2795
arc-d1f7c72b8cc3eca8,mus-70300f87c03a787a,78086,70300f87c03a787a3a8b029a8da95efcb2626ca9acf6175e5e84d9524109ac6a,True,2012,True,1a0019980000ebb6311f789cec7d0960,7.9208,little,4,0
arc-d1f7c72b8cc3eca8,mus-f8e9168faf8ea823,78207,f8e9168faf8ea823a5369fe42f32ba3a1cec2f9eaafb43bdece641b62c3a299d,True,2012,True,1a006f980000ccca46c6789cec7d0960,7.9239,little,4,0
arc-d1f7c72b8cc3eca8,mus-8d4a01d116156e04,30562,8d4a01d116156e049077f8d68d9218282539e735a10ce5581cee6810266cffe9,True,2007,True,001a00003920bf745f8b789ced7d097c,7.9566,big,4,1278
arc-d1f7c72b8cc3eca8,mus-ab73f7abb2e5c880,176752,ab73f7abb2e5c8802a5c1855f7c3559653b8a13c7385e39a37ae5183b00e849a,True,2008,True,1a00b01c01008f89b7a8789cecdd777c,7.9027,little,4,0
arc-d1f7c72b8cc3eca8,mus-a1ea42cf21ad70c4,77457,a1ea42cf21ad70c421d35e41681e2e5734fa276ac53916c8ca3ee5de38f399e9,True,2012,True,1a0005a1000084cbc3da789cec5d0960,7.9459,little,4,3103
arc-d1f7c72b8cc3eca8,mus-c909f9e78a0d0359,77457,c909f9e78a0d0359e137fac1d794b096dee104bb1820a75efc5818435eb76222,True,2012,True,1a0005a1000084cbc3da789cec5d0960,7.9459,little,4,3103
arc-d1f7c72b8cc3eca8,mus-040c12547c7188ac,107419,040c12547c7188ac2f58a3cd986c8e8b67268cd9a14f5dc49ca3816b1482372d,True,2012,True,1a003beb0000234bbec8789cecbd0760,7.9526,little,4,0
arc-d1f7c72b8cc3eca8,mus-9241854d353fb01c,107702,9241854d353fb01cab8ff802e617de1381b39e89692d61258ff3108090433c5e,True,2012,True,1a003fec0000531a9ff9789cecbd0760,7.9485,little,4,0
arc-d1f7c72b8cc3eca8,mus-723f2a2070d11d06,20182,723f2a2070d11d0688996f92a6ad53a351823df2b58c7c9cb1279fa84149f8c4,True,2008,True,1a0075250000023741b7789ced9d097c,7.9502,little,4,1339
arc-d1f7c72b8cc3eca8,mus-94604f2059ca0abe,47478,94604f2059ca0abe05510aeee0036dffa3c0cce9e0c364c94d20b370a2c9707b,True,2012,True,1a00bd6a0000ed840906789cec5d0780,7.9619,little,4,4530
arc-d1f7c72b8cc3eca8,mus-94604f2059ca0abe,47478,94604f2059ca0abe05510aeee0036dffa3c0cce9e0c364c94d20b370a2c9707b,True,2012,True,1a00bd6a0000ed840906789cec5d0780,7.9619,little,4,4530
arc-d1f7c72b8cc3eca8,mus-5d5dda7544f3ed5f,41428,5d5dda7544f3ed5fb4b6bb6d50dfbed784fb4f0bf2eba0446967717dc8c1cda7,True,2012,True,1a004b62000055d36c1e789ced7d0960,7.9695,little,4,3979
arc-d1f7c72b8cc3eca8,mus-5d5dda7544f3ed5f,41428,5d5dda7544f3ed5fb4b6bb6d50dfbed784fb4f0bf2eba0446967717dc8c1cda7,True,2012,True,1a004b62000055d36c1e789ced7d0960,7.9695,little,4,3979
arc-d1f7c72b8cc3eca8,mus-318eec5c1298d971,562912,318eec5c1298d971a4403892c003f8449ca4915ff49f3f39606c7fdcf856af30,True,2007,True,001a0002c09c9afdd908789cecbd0998,7.9514,big,4,18034
arc-d1f7c72b8cc3eca8,mus-0a4d561ab79b3ea6,1064483,0a4d561ab79b3ea623254990fd4db5ad63e08a93d595542851116dce0eacdd8d,True,2005,True,000f00055398886ada2b000400c43011,7.6593,none,0,0
arc-d1f7c72b8cc3eca8,mus-9270da724511638e,23306,9270da724511638ef4bfd5beb8a77b98457ca33928d2ae2a8c141298e8f66f63,True,2007,True,001a00002f5ac41674f3789ced7d097c,7.9657,big,4,958
arc-d1f7c72b8cc3eca8,mus-e0fab0ce7a7001f2,12991,e0fab0ce7a7001f2f82bf57dffc09e121d36c8ce6b4b1e42833d544af671e415,True,2008,True,1a00c61e0000972cf1a9789ced9d0b7c,7.9396,little,4,947
arc-d1f7c72b8cc3eca8,mus-2b6fdc7fdecbf3d4,30538,2b6fdc7fdecbf3d45ae9b553f1e9a1533cc73a7c33d52463c935b4e8ab966828,True,2007,True,001a000038f4e91e644f789ced7d097c,7.9565,big,4,1278
arc-d1f7c72b8cc3eca8,mus-5ba9de0a238cfb07,61290,5ba9de0a238cfb07bdb94cf1fb3d85df370e85579675960dc738c7e2abc5eca2,True,2012,True,1a00617f0000719d7257789cec5d0960,7.9505,little,4,5242
arc-d1f7c72b8cc3eca8,mus-0260f026eea7ddc0,61293,0260f026eea7ddc0f454069808ebf5990b81b7d754dd41ad0d8677dff15f4318,True,2012,True,1a00617f0000719d7257789cec5d0960,7.9505,little,4,5242
arc-d1f7c72b8cc3eca8,mus-9dfcf2033b1511c4,125836,9dfcf2033b1511c42848db528349c8749a61f283dd36f650f466298cee0a1345,True,2012,True,1a0054c90000445cfa30789cec9d0760,7.9415,little,4,0
arc-d1f7c72b8cc3eca8,mus-9dfcf2033b1511c4,125836,9dfcf2033b1511c42848db528349c8749a61f283dd36f650f466298cee0a1345,True,2012,True,1a0054c90000445cfa30789cec9d0760,7.9415,little,4,0
arc-d1f7c72b8cc3eca8,mus-d9d647353f5fbd7e,178690,d9d647353f5fbd7ec55c56a22f8fc7828e635fe53a3fd11bfd63506314e29836,True,2012,True,1a008044010017950075789cec7d0980,7.9696,little,4,0
arc-d1f7c72b8cc3eca8,mus-8835201c9fb949b4,178813,8835201c9fb949b41ef13ed000b22f3bf3d867094a9ce1afc7e46f9031f1d695,True,2012,True,1a00ba450100c2d592db789cec7d0980,7.9592,little,4,0
arc-d1f7c72b8cc3eca8,mus-2ce4bf40430380c8,15939,2ce4bf40430380c8aea987cbdd7e94bec141bdd67e00de31e5b54aad1128c8ab,True,2007,True,001a0000208e11aa8472789ced9d097c,7.9531,big,4,798
arc-d1f7c72b8cc3eca8,mus-0d3bc2a319d6ede7,14538,0d3bc2a319d6ede70199d56e986ac449e8f8c6909713eb614e0bdfed7035c22e,True,2008,True,1a00a42100006e72c592789ced9d0b7c,7.9418,little,4,952
arc-d1f7c72b8cc3eca8,mus-f95c485bd1020f57,113868,f95c485bd1020f5745d513c7bea916e01ac3b63dff6d7146bbc8fe339eae6ba8,True,2012,True,1a003bb30000dfea5eb0789cec9d0780,7.9168,little,4,0
arc-d1f7c72b8cc3eca8,mus-f95c485bd1020f57,113868,f95c485bd1020f5745d513c7bea916e01ac3b63dff6d7146bbc8fe339eae6ba8,True,2012,True,1a003bb30000dfea5eb0789cec9d0780,7.9168,little,4,0
arc-d1f7c72b8cc3eca8,mus-54651e9a7fa3129a,43915,54651e9a7fa3129a1901267e51a20506977fca64394adfc0ffc49cc00d544e6b,True,2012,True,1a006d6500001939a28a789ced5d0980,7.9716,little,4,4072
arc-d1f7c72b8cc3eca8,mus-54651e9a7fa3129a,43915,54651e9a7fa3129a1901267e51a20506977fca64394adfc0ffc49cc00d544e6b,True,2012,True,1a006d6500001939a28a789ced5d0980,7.9716,little,4,4072
arc-d1f7c72b8cc3eca8,mus-317666b221bfad06,46376,317666b221bfad0614e897f1c79a1f4c076f5487344ba19a546b5646254cf248,True,2012,True,1a007368000068daea89789ced5d0960,7.9702,little,4,4274
arc-d1f7c72b8cc3eca8,mus-2e5bed4f00bbb426,45897,2e5bed4f00bbb4268fee34d90ac876affe4d8e4cc6da1905dd093c28ff5fc833,True,2012,True,1a00c766000018320661789ced5d0960,7.9744,little,4,4257
arc-d1f7c72b8cc3eca8,mus-93e8c6e05ebb39ac,43524,93e8c6e05ebb39acb966de5e4a9045f57b148cc41ce7da4bd6f1b5016870a652,True,2012,True,1a00f2610000ffa0a483789ced7d0760,7.9761,little,4,4013
arc-d1f7c72b8cc3eca8,mus-d92a0ec429dc4f19,43524,d92a0ec429dc4f19f60a3952734fa979c6c49096e8f5bc05bd68e0d11b80bac8,True,2012,True,1a00f2610000ffa0a483789ced7d0760,7.9761,little,4,4013
arc-d1f7c72b8cc3eca8,mus-d58f03c1c13a44b3,42087,d58f03c1c13a44b3ae45417f34f2183bcf69b72b7fc673f5ef25af0f3a01ef77,True,2012,True,1a00d76000005736a0d1789ced5d0980,7.9731,little,4,3957
arc-d1f7c72b8cc3eca8,mus-412aef94030c1c9e,42880,412aef94030c1c9e18dc022166cff082c3a33dec16988a541a4d683d31c38a56,True,2012,True,1a004a620000ad579cbf789ced7d0980,7.9705,little,4,3995
arc-d1f7c72b8cc3eca8,mus-e19f969ff17af993,57352,e19f969ff17af9936fbcf15892ee76ab12c1de2857bd0eab00ccee175f5848d8,True,2012,True,1a00ea72000015cdfeac789cec5d0960,7.9620,little,4,4822
arc-d1f7c72b8cc3eca8,mus-5d664aa096d1692b,57352,5d664aa096d1692bd6d342ee8bf5b5a6c41b4d8386c6701e5cff1054a2e015b8,True,2012,True,1a00ea72000015cdfeac789cec5d0960,7.9620,little,4,4822
arc-d1f7c72b8cc3eca8,mus-899076d7afab1d13,12967,899076d7afab1d132b10b24a86b3baa94808937a742906bc0f2a7273fc9073ce,True,2008,True,1a008e1e00002625e67d789ced9d0b9c,7.9336,little,4,908
arc-d1f7c72b8cc3eca8,mus-ec285f607f368af6,55874,ec285f607f368af6469f41a750542d4b3683e3330558126aba76083f0b9e6f7c,True,2007,True,001a00005e68031ff2ec789ced7d079c,7.9642,big,4,1743
arc-d1f7c72b8cc3eca8,mus-68087f16404d4ce1,16072,68087f16404d4ce1f78e5090a081329124f65173757c806553684f53b366c444,True,2007,True,001a00002290cd4f9938789ced7d0b9c,7.9556,big,4,790
arc-d1f7c72b8cc3eca8,mus-26fa206cb6a14ba6,14746,26fa206cb6a14ba679e18b0232e9c809bb5f237fc95775e68a899a557ec4f947,True,2008,True,1a005d210000ac0deaca789ced9d0960,7.9547,little,4,962
arc-d1f7c72b8cc3eca8,mus-ff4fad388a021036,17092,ff4fad388a02103600ab597d971e1d86ef6f99ec9b51e0cb860038c30af7b7e4,True,2007,True,001a0000250f843f66f0789ced5d0998,7.9603,big,4,819
arc-d1f7c72b8cc3eca8,mus-21082fb83bee4bc6,12901,21082fb83bee4bc6c09f9b2a3f099acdd3b9eb5fa133efce4d4d0eb787b30604,True,2008,True,1a006e1f0000995e00bb789ced9d099c,7.9488,little,4,947
arc-d1f7c72b8cc3eca8,mus-868ab87331129985,45346,868ab87331129985396618110a500fa4d614b6ee05593ce9d2f47ee5daabeb90,True,2012,True,1a00a95400006da596e9789ced9d079c,7.9422,little,4,3570
arc-d1f7c72b8cc3eca8,mus-45e779fd3d648114,45288,45e779fd3d648114d58ec338aa84db84d7c327a6a14d0f136e5ed79b80b1d28f,True,2012,True,1a00ae540000f3c18209789ced9d079c,7.9454,little,4,3569
arc-d1f7c72b8cc3eca8,mus-696b4fa6dc2ce8dd,41196,696b4fa6dc2ce8dd474be7e4d239df87acbe4837b717e5c0491a7a6480117cf4,True,2012,True,1a008c5e00003eef5535789ced7d0760,7.9681,little,4,3913
arc-d1f7c72b8cc3eca8,mus-9260882fde1625d4,42111,9260882fde1625d482709c18682516fb53a2b3ecda21b77dc1cbb0613cc1325e,True,2012,True,1a00e75e00002e52c8b7789ced7d0960,7.9740,little,4,3951
arc-d1f7c72b8cc3eca8,mus-88154ff49ed0e696,75389,88154ff49ed0e696fb34822293391eaf3dbcb862a94bc5e2207ee3e30b24f217,True,2012,True,1a00648f0000bdb4551d789cec5d0960,7.9402,little,4,3426
arc-d1f7c72b8cc3eca8,mus-d1f9745477958888,75389,d1f9745477958888dfbcd6591c0bb6fb3ec0113f2601e0a2a7b2d5be70e9e425,True,2012,True,1a00648f0000bdb4551d789cec5d0960,7.9402,little,4,3426
arc-d1f7c72b8cc3eca8,mus-3758ef970d57ddc3,15007,3758ef970d57ddc34c4f1d29e254433f5f49793a824153f7c6d54ac064e1b674,True,2007,True,001a00002229bca56aac789ced7d0b9c,7.9614,big,4,687
arc-d1f7c72b8cc3eca8,mus-9cf7c96d8d405de2,41402,9cf7c96d8d405de2ad851fb11d6cc021e6c2faa4c86f4d07516d674eff088460,True,2008,True,1a003e350000a7ca72fd789ced7d0d60,7.9579,little,4,6055
arc-d1f7c72b8cc3eca8,mus-3c65e3c1f4d76bc3,42082,3c65e3c1f4d76bc38c56924b8f0007dbd38112fba7e7f92eb5fb0f2f193fb1ed,True,2008,True,1a00fe350000b655c482789ced7d0b60,7.9589,little,4,6133
arc-d1f7c72b8cc3eca8,mus-33a2252259cb9b43,45388,33a2252259cb9b43f6ea8c82d67193036dbb5c94c7e004d99d7ae29ea84f1dbc,True,2012,True,1a0019680000b94ef6f4789ced5d0960,7.9644,little,4,4180
arc-d1f7c72b8cc3eca8,mus-33a2252259cb9b43,45388,33a2252259cb9b43f6ea8c82d67193036dbb5c94c7e004d99d7ae29ea84f1dbc,True,2012,True,1a0019680000b94ef6f4789ced5d0960,7.9644,little,4,4180
arc-d1f7c72b8cc3eca8,mus-acbd583517f2f4ea,26142,acbd583517f2f4ea8fe970ca3b85817c962b4f8dc5334b30d0e2d1ca6cc0d9ed,True,2005,True,000f00003df8cb19e900000400c43011,7.6482,none,0,0
arc-d1f7c72b8cc3eca8,mus-33a2252259cb9b43,45388,33a2252259cb9b43f6ea8c82d67193036dbb5c94c7e004d99d7ae29ea84f1dbc,True,2012,True,1a0019680000b94ef6f4789ced5d0960,7.9644,little,4,4180
arc-d1f7c72b8cc3eca8,mus-25b7bf1fe8016344,45314,25b7bf1fe801634455be9ba4879bc8ece7a3c29e11e930df4fc95f8f6ad57445,True,2012,True,1a00b06700000e68b675789ced5d0960,7.9647,little,4,4157
arc-d1f7c72b8cc3eca8,mus-ecebf2934e7ad307,48688,ecebf2934e7ad307ecb70654801f70710acd7a7ac3aabd79110bf87f5b445f95,True,2012,True,1a00446e0000e2250723789cec5d0980,7.9673,little,4,4389
arc-d1f7c72b8cc3eca8,mus-5b0b49804208656b,48689,5b0b49804208656b6d25978af818e3060e14fc6e26efa9d097c8ab0be5a841d2,True,2012,True,1a00456e0000ccc2bee3789cec5d0980,7.9672,little,4,4389
arc-d1f7c72b8cc3eca8,mus-01a444a9a9b81c08,48333,01a444a9a9b81c08eab9842a7dfb9e91779d5600d47b3618f0d3b1155a017e29,True,2012,True,1a00a46d0000a0f0205c789cec5d0980,7.9636,little,4,4389
arc-d1f7c72b8cc3eca8,mus-cc311f7c76ecfdb2,48354,cc311f7c76ecfdb214e8e0cf78bf1749f38d8fff22a8533844be9ab6955fee87,True,2012,True,1a00bb6d0000d4e8e910789cec5d0980,7.9639,little,4,4389
arc-d1f7c72b8cc3eca8,mus-5dc5af459a598436,48477,5dc5af459a59843674e68d5a85392338431148bcf53382c08e093ee607ec9086,True,2012,True,1a00a76d0000ac5bac79789cec5d0960,7.9632,little,4,4423
arc-d1f7c72b8cc3eca8,mus-2506bfbea30069c1,48319,2506bfbea30069c17681ac5845d78290de4cdd39730a0ef86dd2074a352f7d48,True,2012,True,1a00936d00007f820a78789cec5d0960,7.9618,little,4,4386
arc-d1f7c72b8cc3eca8,mus-2b4824d56ca6d4eb,48473,2b4824d56ca6d4eb0d80f800768cc75c802b40ff0603d4226c800f1835743fa9,True,2012,True,1a00e46d0000155a20e0789cec5d0960,7.9655,little,4,4401
arc-d1f7c72b8cc3eca8,mus-f0777e111a5ea471,172466,f0777e111a5ea471e7d17f554145c212ce259925030b53810ecd7f578b09494a,True,2007,True,001a00010e67c159e0af789cecbd77bc,7.9477,big,4,5530
arc-d1f7c72b8cc3eca8,mus-fddbaed36908823a,191831,fddbaed36908823a196b2aebe188de26190b428da143ca7551836ce6150d0667,True,2007,True,001a00013d4d226929e7789cecbd779c,7.9605,big,4,0
arc-d1f7c72b8cc3eca8,mus-f231a694f653028f,229487,f231a694f653028f18c301f348d4a56389a092c3a5624e6148bde2d06a53837f,True,2007,True,001a00011c17246b0a22789cec7d777c,7.9543,big,4,0
arc-d1f7c72b8cc3eca8,mus-cc7c4e5b5c5c55f0,41785,cc7c4e5b5c5c55f0279dc2f11545b6dfb61c4faac32d50e7862e41924ce09d0a,True,2012,True,1a0072610000269aa5ea789ced5d0960,7.9715,little,4,3959
arc-d1f7c72b8cc3eca8,mus-78784b74a07dc738,41337,78784b74a07dc738d50c08703d86e512e613925962f1e166068f9ef54a4d8c86,True,2012,True,1a0052610000a00f67bc789ced5d0960,7.9725,little,4,3951
arc-d1f7c72b8cc3eca8,mus-ef0c30c4c074dbab,51841,ef0c30c4c074dbabe60af153b5a7832426ea9cf9f9a0f2b6d3d5c54b6120512c,True,2012,True,1a00656d00002e264bbf789cec5d0780,7.9647,little,4,4651
arc-d1f7c72b8cc3eca8,mus-59d2896791c317c4,51687,59d2896791c317c4903a747d4a3250962ba54a54f2b5250e4a682aec386ed3f7,True,2012,True,1a00156d0000c887363e789cec5d0780,7.9674,little,4,4632
arc-d1f7c72b8cc3eca8,mus-37844fbb52c39ed6,10724,37844fbb52c39ed645231c678e1af627547c050ef2fc13784b8febadd0fb2198,True,2005,True,000f00001e21b7685836000400c43011,7.7267,none,0,0
arc-d1f7c72b8cc3eca8,mus-dd1e34438b93fd7b,57524,dd1e34438b93fd7b6f363e101642a01951e746ecad48176e77b864404d00619d,True,2007,True,001a00008c36b21744d4789cec7d0798,7.9094,big,4,4799
arc-d1f7c72b8cc3eca8,mus-3133bceb887cee07,7889,3133bceb887cee0700b0eb154fc83712ce12aa798e805b74abde9b6f02371153,True,2005,True,000f0000177608686289000400c43011,7.7099,none,0,0
arc-d1f7c72b8cc3eca8,mus-988df6c459ad1506,384844,988df6c459ad15067ba6831aa241463b4b42a89ea71258859f26ccef559173ae,True,2005,True,000f0003503723f6b6ee000400c43011,7.6266,none,0,0
arc-d1f7c72b8cc3eca8,mus-da98a926a3f74e62,40671,da98a926a3f74e621dadcc098956fc171a22cbc31915d375e21021c5cded3540,True,2012,True,1a004f5e00008f61e482789ced5d0760,7.9729,little,4,3878
arc-d1f7c72b8cc3eca8,mus-70c10d9138c70ece,40676,70c10d9138c70eced1c1603363e649fee30c4bb4c93051a1f4657da08e9282b9,True,2012,True,1a004f5e0000745565f7789ced5d0760,7.9724,little,4,3878
arc-d1f7c72b8cc3eca8,mus-7024b31d5f60e8ce,55605,7024b31d5f60e8ce5ba57cf31994e515c349304e535c80fe5694caf56822916f,True,2007,True,001a00008701b1649ee9789cecbd0798,7.8951,big,4,4763
arc-d1f7c72b8cc3eca8,mus-82aae7baaccd73fa,314244,82aae7baaccd73faf201241972ac381d3980779a71d0caf17fa0f0d7212cc44a,True,2000,False,000100024b9600312661000100000000,3.5070,none,0,0
arc-d1f7c72b8cc3eca8,mus-371324f8f697b285,274573,371324f8f697b28588fd67d844e7c97013b3b94ca7cdcea228f61d3653e86245,True,2000,False,00010002214600312661000100000000,3.5669,none,0,0
arc-d1f7c72b8cc3eca8,mus-a17ae4c06824bb43,241727,a17ae4c06824bb43d38b82f2dea2063764323c5fd92acc139879d428bc4f7018,True,2007,True,001a0001fb11ca92fdb8789cec7d099c,7.9639,big,4,17561
arc-d1f7c72b8cc3eca8,mus-2424dc108ca9d7ac,223604,2424dc108ca9d7ac5ac3e7fd90324ef3527df801287b1326313b7df558a2e320,True,2000,False,00010001a87600312661000100000000,3.5631,none,0,0
arc-d1f7c72b8cc3eca8,mus-038da80eed8484a9,238263,038da80eed8484a97a4a74943fd193cc797dee55ba2357ddac4e3ada6f288ea5,True,2007,True,001a0001f7679bfcc1e6789cec7d0778,7.9676,big,4,17448
arc-d1f7c72b8cc3eca8,mus-d33fc17693aebe32,204312,d33fc17693aebe32ad83c5430a262073a6c9909b1a69102c40e8974603b7dff8,True,2000,False,000100018a0600312661000100000000,3.5379,none,0,0
arc-d1f7c72b8cc3eca8,mus-71c81a1d3db777ad,210494,71c81a1d3db777ad93ce50324d3d2d33b44c86ba1a90b63564d39a7d81817733,True,2005,True,000f00029bf70cfa0c09000400c43011,7.5592,none,0,0
arc-d1f7c72b8cc3eca8,mus-9a8ef1a9180fd86c,205138,9a8ef1a9180fd86c6770f3d9c7fb6f283a977a7b67201ec024730810c17c2f45,True,2007,True,001a0001ba497728e0ce789cec7d099c,7.9535,big,4,15893
arc-d1f7c72b8cc3eca8,mus-d81c4a7bc607c73c,13062,d81c4a7bc607c73cb8d261841750e32ef122395481a18cf5a174b7428bbc6c4b,True,2008,True,1a00291d0000c2c8d1f4789ced9d0b7c,7.9322,little,4,866
arc-d1f7c72b8cc3eca8,mus-e58b25af303ad153,21623,e58b25af303ad15329b1f9a1ebfcc32dc642eb1a41379ef5b3ebccaf3ac2d600,True,2008,True,1a007e2a0000c8245748789ced9d0960,7.9521,little,4,1347
arc-d1f7c72b8cc3eca8,mus-38669fbe07f7ff3d,7018,38669fbe07f7ff3d43a3df23fb252821206fd579e90f1201e7a6e69d7a3c7467,True,2003,True,000f00001550cd1ba9b6000400c43011,7.7022,none,0,0
arc-d1f7c72b8cc3eca8,mus-84c282900a674728,22811,84c282900a6747289b2f5db88db9a85ef58a814fe3fa183263367b882ebff50b,True,2000,False,00010000489600312661000100000000,3.3821,none,0,0
arc-d1f7c72b8cc3eca8,mus-0a0d11c712ba5179,22001,0a0d11c712ba5179b251cd4b7db3ddbb2b12b4f20e3dfa153bf712b78be9414c,True,2000,False,00010000479600312661000100000000,3.3648,none,0,0
arc-d1f7c72b8cc3eca8,mus-903f7f5ea5f6f2f9,21051,903f7f5ea5f6f2f933775922a185af607b3fe5faf139cb4331592fc19c95b8b2,True,2000,False,00010000469600312661000100000000,3.3495,none,0,0
arc-d1f7c72b8cc3eca8,mus-0dfe7c7ad92293af,20179,0dfe7c7ad92293af6aa69920e3d3a4158f9213ad43eab7e46370a5bb555efcfc,True,2000,False,0001000045f600312661000100000000,3.3199,none,0,0
arc-d1f7c72b8cc3eca8,mus-067226aa78333eed,22017,067226aa78333eed4ac80e9ba6cae9ad6d28b8b951b671897d0d3c7c603e8ca5,True,2000,False,0001000049a600312661000100000000,3.3409,none,0,0
arc-d1f7c72b8cc3eca8,mus-88875a8e2d5aabb7,20627,88875a8e2d5aabb78b8ebd76f1c07c3b283f6948d897c470f63acbd5502398f1,True,2000,False,0001000046d600312661000100000000,3.3395,none,0,0
arc-d1f7c72b8cc3eca8,mus-b6d32576e627be2d,20757,b6d32576e627be2dd61c843d2455cd6f235decef08e187d0edbe920e937a61fa,True,2000,False,00010000457600312661000100000000,3.3124,none,0,0
arc-d1f7c72b8cc3eca8,mus-e7efbfcd57deb74a,8024,e7efbfcd57deb74a62cc25609c5a68dea85c352735cbd1d120a047f39a4eafe9,True,2007,True,001a000017dbf83a78a1789ced5d7b70,7.9651,big,4,505
arc-d1f7c72b8cc3eca8,mus-a408a4b85028ca7d,119516,a408a4b85028ca7d97eda55aadfe8c56a46206b6c47cffeb50e66b6a2714464e,True,2000,False,00010000cf5600312661000100000000,3.8957,none,0,0
arc-d1f7c72b8cc3eca8,mus-df854a0619941887,88811,df854a0619941887aa7f3fecf5abd40e523d808e44b6a2de2fb43a608d88e8e5,True,2012,True,1a0009a600001063005d789cec5d0960,7.9466,little,4,3933
arc-d1f7c72b8cc3eca8,mus-2a0639a8f3cf4781,88811,2a0639a8f3cf47811390f658cb82f9c98fca7b32947f40107e6e95e17bc86f13,True,2012,True,1a0009a600001063005d789cec5d0960,7.9466,little,4,3933
arc-d1f7c72b8cc3eca8,mus-0a6fc83ce178bb33,39123,0a6fc83ce178bb3389c237a4d61b6c984690ba8e467a111663371e7bab3b4b89,True,2012,True,1a00ba5c00000c655e82789ced7d0760,7.9710,little,4,3796
arc-d1f7c72b8cc3eca8,mus-16b33be8831383ca,39117,16b33be8831383ca63cedcaf80ab729770628947e4f4558b10aceb3cbf77603c,True,2012,True,1a00b85c0000d4a87209789ced7d0760,7.9683,little,4,3796
arc-d1f7c72b8cc3eca8,mus-7fd30830fc472400,41848,7fd30830fc47240075a212637190a9b63c9e09314ac3b30f69a687e6388a087c,True,2012,True,1a007e610000d5be68e4789ced5d0980,7.9699,little,4,3990
arc-d1f7c72b8cc3eca8,mus-f875ae10c1ae095c,41876,f875ae10c1ae095c1cac733c555bcbec202280934a435a73756db872525a2670,True,2012,True,1a00806100006768da2e789ced5d0980,7.9712,little,4,3990
arc-d1f7c72b8cc3eca8,mus-7e4cea30dcdfe648,46770,7e4cea30dcdfe6487061c28622338d04331c266a7c9a1879e0bce9a7583d8b9e,True,2012,True,1a00366e000011027f74789cec7d0760,7.9586,little,4,0
arc-d1f7c72b8cc3eca8,mus-7347b02fd7df0576,46676,7347b02fd7df057664245e372aef28cf24c2dce1659cef4bd4db67d008dbe287,True,2012,True,1a00206e000082c5dd32789cec7d0760,7.9594,little,4,1965
arc-d1f7c72b8cc3eca8,mus-44e41d73e7b099a1,51642,44e41d73e7b099a13b035df37cb3340027b2c54d5dac4acb36a377fcf82615ca,True,2012,True,1a00ec7200000c4a7c52789cec7d0760,7.9323,little,4,0
arc-d1f7c72b8cc3eca8,mus-02921413d506627b,46780,02921413d506627b8385831de99add4e9142c0d0bcd85d7e9233349d147e7bdb,True,2012,True,1a00616e00005640664b789cec7d0760,7.9565,little,4,1966
arc-d1f7c72b8cc3eca8,mus-2bb40581981368d9,66145,2bb40581981368d9e7e44d44d8fcd3b7a87295d2b968b4d2b8de30a0b651afd2,True,2012,True,1a005a7c00007aeab47b789cec5d0980,7.9402,little,4,5590
arc-d1f7c72b8cc3eca8,mus-19c8fc67137e28cb,66037,19c8fc67137e28cbf961300f4cbc76e9872f7779041681b3eab9cdd8f9559757,True,2012,True,1a004a7c00004cd11441789cec5d0980,7.9394,little,4,5586
arc-d1f7c72b8cc3eca8,mus-72cb4f834031341f,45026,72cb4f834031341f448bdaadf248311cceae4cad6155c827aa8465f51988b115,True,2012,True,1a0046650000704c0070789ced5d0780,7.9712,little,4,4215
arc-d1f7c72b8cc3eca8,mus-58aeef2ea2329ee4,45026,58aeef2ea2329ee4ea926f9c2ff5acb9ab01e6094a6a082a33ad25f35fa80111,True,2012,True,1a0046650000704c0070789ced5d0780,7.9712,little,4,4215
arc-d1f7c72b8cc3eca8,mus-b994e9e13200dfa8,40560,b994e9e13200dfa8e7299ad1337c0c16e3b8481c069df1ac3c1c4c08f8032fdf,True,2012,True,1a00e95e0000b75b88e2789ced7d0760,7.9711,little,4,3880
arc-d1f7c72b8cc3eca8,mus-7444530b138f2cb2,194491,7444530b138f2cb25ff0867397201cb795a85c6b9d9956cab12bb51c3217d903,True,2012,True,1a00b9bc0100da70bc1b789cec7d0bdc,7.9674,little,4,0
arc-d1f7c72b8cc3eca8,mus-11555af4e3f98177,194491,11555af4e3f981774840bb741a9fc5d628e182c739a64cccef844ba462a7fd59,True,2012,True,1a00b9bc0100b2d16388789cec7d0bdc,7.9674,little,4,0
arc-d1f7c72b8cc3eca8,mus-cc5c8a4e8734da35,18151,cc5c8a4e8734da3594ee3d177e30f8a556a5bae86c1633594bf5ca07e5e1ca72,True,2008,True,1a00902700000d8230c4789ced7d0b7c,7.9519,little,4,1243
arc-d1f7c72b8cc3eca8,mus-26fa7fab357b3902,8359,26fa7fab357b39023a0dc8247a1806fdba71fc03417747dbda82347c6d504102,True,2005,True,000f00001896906477fc000400c43011,7.6991,none,0,0
arc-d1f7c72b8cc3eca8,mus-10c517a4bdb7aed8,626208,10c517a4bdb7aed83bbbe69d55b6a9da35217346c4314d59517831cddbcccacf,True,2012,True,1a00957304004d1f044a789cecbd0760,7.9744,little,4,0
arc-d1f7c72b8cc3eca8,mus-82433e39c296d987,626255,82433e39c296d987e144e89e8c051846fdbc61c63559b2cd0fbaf5fb50cd24f9,True,2012,True,1a00a7730400e52b8c4b789cecbd0760,7.9744,little,4,0
arc-d1f7c72b8cc3eca8,mus-16b82c87bd70ec73,95682,16b82c87bd70ec73dcd5137818b17db2b7b445a9ae733a9ef1a8a564d9dbef0e,True,2008,True,1a00497400006f537cb7789cec9d0778,7.8179,little,4,7017
arc-d1f7c72b8cc3eca8,mus-cf95fc17f37d84ae,22018,cf95fc17f37d84ae233486ed5064e5b189a7f72b3be2f0ce0600e7017e85478c,True,2008,True,1a00771e000048599438789ced9d0b7c,7.9588,little,4,1569
arc-d1f7c72b8cc3eca8,mus-dabad774a8db1469,19779,dabad774a8db1469f104054631279b8ed6d0a3eb5fd6ac7d726124d86bd279ae,True,2007,True,001a000021613b758805789ced9d797c,7.9525,big,4,801
arc-d1f7c72b8cc3eca8,mus-78bf2ec9bf125741,40837,78bf2ec9bf125741dca0d332d7726b926b8863bd8aed81acce1359d59a9be2c8,True,2012,True,1a00295e000007863d4d789ced7d0960,7.9707,little,4,3837
arc-d1f7c72b8cc3eca8,mus-78bf2ec9bf125741,40837,78bf2ec9bf125741dca0d332d7726b926b8863bd8aed81acce1359d59a9be2c8,True,2012,True,1a00295e000007863d4d789ced7d0960,7.9707,little,4,3837
arc-d1f7c72b8cc3eca8,mus-49dc0711744083fc,117169,49dc0711744083fc197e6c5b7b4724673b4f37a8911a5467c99319f341a91624,True,2008,True,1a00781c010077a9d831789cec9d7b80,7.9224,little,4,8671
arc-d1f7c72b8cc3eca8,mus-23ff928ba17c1ead,434987,23ff928ba17c1eadb5f1af78349b30e30f1eedab17d806da38a8af4e83218a36,True,2000,False,00010003181600302661000d00000000,3.5802,none,0,0
arc-d1f7c72b8cc3eca8,mus-c8306d60f5eacc27,51121,c8306d60f5eacc27b41cd524eebdaeb40a41afc32a76bc544ccc3b8d43a5afd0,True,2008,True,1a00f35900001409b1c1789ced9d0778,7.9341,little,4,4776
arc-d1f7c72b8cc3eca8,mus-e95723be7b41bc22,39707,e95723be7b41bc228615d2f1782e2e4b89ccad1718d7d09c6db761bb69ff2af0,True,2012,True,1a00785d0000ea692788789ced5d0960,7.9696,little,4,3821
arc-d1f7c72b8cc3eca8,mus-513f9cb5a812dcba,39946,513f9cb5a812dcbae56a0cbb70847a78c35fec5f095629d2890038612dbde21b,True,2012,True,1a00445e000005f2ab3b789ced5d0960,7.9691,little,4,3831
arc-d1f7c72b8cc3eca8,mus-d68b9c1c97020fe0,41927,d68b9c1c97020fe0ed654fac0249ecd6e9af89fab7f4d9a35b6352dc86ccfc8a,True,2007,True,001a0000660100b47673789cecbd797c,7.9694,big,4,1989
arc-d1f7c72b8cc3eca8,mus-55c7e42d307df3f3,30139,55c7e42d307df3f312ba43c4ce90b075af24ca2082685cda050d165c374232cc,True,2007,True,001a00004a246a874594789ced7d799c,7.9544,big,4,1384
arc-d1f7c72b8cc3eca8,mus-de154a1dab763147,30299,de154a1dab763147dbbeda0778b67c272b98c4655b5d2894f94389edeb746b1b,True,2007,True,001a0000483dea2a93a8789ced7d0b7c,7.9613,big,4,1420
arc-d1f7c72b8cc3eca8,mus-d19228961ec8e046,7495,d19228961ec8e0469cb1ed54f22e8cd885c27877b57852e69e1c14ea9435e746,True,2008,True,1a001f170000f0f40390789ced5d7f74,7.9625,little,4,498
arc-d1f7c72b8cc3eca8,mus-4ae7f8811aabce21,327972,4ae7f8811aabce21fe4e7aa2c621473552dfe7c6492ccc9a8d266502235ca6d7,True,2000,False,0001000274a600312661000100000000,3.4785,none,0,0
arc-d1f7c72b8cc3eca8,mus-ccfa627bc0eca595,309036,ccfa627bc0eca595f094c9f697fab63c55262882e5c64a18e50899da49c88eb5,True,2000,False,000100024bd600312661000100000000,3.4205,none,0,0
arc-d1f7c72b8cc3eca8,mus-9683194f210e91b9,93398,9683194f210e91b9d6e4aaafc3d8414394fc4082ae4645ae44deb12c46c6e9b0,True,2008,True,1a00d6b000005d2a2b72789cec9d0794,7.9586,little,4,7989
arc-d1f7c72b8cc3eca8,mus-d7999f662625753b,50237,d7999f662625753bc5b9df37e64f9979ef127fc78f05aa6df1227cd12c144063,True,2008,True,1a001c600000b14d7d59789cecbd077c,7.9321,little,4,4483
arc-d1f7c72b8cc3eca8,mus-22c4895fa2c364c5,260155,22c4895fa2c364c5e5602d88e4d1f7c82e6c58b252e63de6c5cd6282bc8de040,True,2007,True,001a0002138655ffe940789cecbd079c,7.9659,big,4,18027
arc-d1f7c72b8cc3eca8,mus-fddb9684ea43a8c0,258635,fddb9684ea43a8c0347591d6d07943e294e735401ca1b9a9e5dedf7f4773fbf3,True,2000,False,00010001e76600312661000100000000,3.6586,none,0,0
arc-d1f7c72b8cc3eca8,mus-3b0a6caea5711fb1,255283,3b0a6caea5711fb148519498a5646007451c6b4e9efbf079ba9c5581ca9e9fdf,True,2007,True,001a00020e62d8f3d8bf789cec7d079c,7.9649,big,4,17880
arc-d1f7c72b8cc3eca8,mus-2e96414bc7cd920e,232939,2e96414bc7cd920e88a57fffafc7accb5d3f1327caa43c38bce118418732badd,True,2000,False,00010001b14600312661000100000000,3.6063,none,0,0
arc-d1f7c72b8cc3eca8,mus-2b4cafaea3797075,64680,2b4cafaea379707518bb8c586721753e715b6698d94fe92893fe163a5cc1fff9,True,2007,True,001a000094330d41b40c789cec7d079c,7.9290,big,4,4865
arc-d1f7c72b8cc3eca8,mus-b92b35682df5fc80,34038,b92b35682df5fc80abae2c02d2bfcde84c609323263b5a2a932ae9ed75108671,True,2005,True,000f00005b6fff2dbc30000400c43011,7.6261,none,0,0
arc-d1f7c72b8cc3eca8,mus-a3cc8264d224a61c,59918,a3cc8264d224a61c5627026a39e99ba41c9f0d89fac2762972abb10f084ee7cc,True,2007,True,001a00008da863c80731789cec7d0798,7.9231,big,4,4804
arc-d1f7c72b8cc3eca8,mus-187d60ad66c88849,234165,187d60ad66c8884918a635681755963e8a0b58dad977aaf424ab65f5ad72242d,True,2007,True,001a0001eb13df8d42da789cec7d09bc,7.9662,big,4,16888
arc-d1f7c72b8cc3eca8,mus-d7622644ea363cd1,53738,d7622644ea363cd19ec6a6dd0462d187b07ed52a676d62767829e471709f962c,True,2007,True,001a0000816218211fbc789cec7d0798,7.8802,big,4,4685
arc-d1f7c72b8cc3eca8,mus-03a1ef54bf5722c0,223971,03a1ef54bf5722c01636592d5d1cf8dcea99ecd1398b22a9c1c41d1c27b26797,True,2007,True,001a0001db32754c68b5789cecbd0778,7.9644,big,4,16348
arc-d1f7c72b8cc3eca8,mus-0d68cb11c84f23bc,6907,0d68cb11c84f23bc29c67ff2bd9a7e8c55cd525d897625611d8184a9ddc32e37,True,2003,True,000f0000158aa071a33e000400c43011,7.6816,none,0,0
arc-d1f7c72b8cc3eca8,mus-14092f4723654ee1,3741,14092f4723654ee14108ce08c80a6e093035a7cf561fa14c8cd27d2324b47d4b,True,2005,True,000f00000ac8620159a7000400c43061,7.6226,none,0,0
arc-d1f7c72b8cc3eca8,mus-3328146a837dac17,7534,3328146a837dac1776bec308bfe5a41f70ba439165b6de52216afc9f4eaf8be9,True,2007,True,001a000017162a2419aa789ced5d7b74,7.9640,big,4,490
arc-d1f7c72b8cc3eca8,mus-85b8915aaf032edd,50915,85b8915aaf032eddbaf98c54bc0b7e3bae9826a6652f6296bd0ada71b9ee0c85,True,2007,True,001a00007955061927df789cec7d0b9c,7.9522,big,4,0
arc-d1f7c72b8cc3eca8,mus-1ab24d8a1f0d6b89,53918,1ab24d8a1f0d6b89d6deb437029493008b4d121eca8e8684a7ad3eebf2682b16,True,2007,True,001a00007b5c338de0dd789cec5d0b9c,7.9381,big,4,0
arc-d1f7c72b8cc3eca8,mus-b62371f9711229fe,41962,b62371f9711229fe2f5e59fedad31da4aa470ed6660c48b5c386bc3a5c22572e,True,2012,True,1a00f35e0000d920b448789ced7d0960,7.9690,little,4,3911
arc-d1f7c72b8cc3eca8,mus-6d1d8728557abd41,41962,6d1d8728557abd41ec303f8a8812e4e749566438c0bc88641ae0f8163ac49aea,True,2012,True,1a00f35e0000d920b448789ced7d0960,7.9690,little,4,3911
arc-d1f7c72b8cc3eca8,mus-97c8196c61c85e86,45023,97c8196c61c85e86c5e9a1212adf5eff37a4475b8f435a7406872dec966e5b43,True,2012,True,1a00776200006fef0384789ced5d0960,7.9688,little,4,4130
arc-d1f7c72b8cc3eca8,mus-97c8196c61c85e86,45023,97c8196c61c85e86c5e9a1212adf5eff37a4475b8f435a7406872dec966e5b43,True,2012,True,1a00776200006fef0384789ced5d0960,7.9688,little,4,4130
arc-d1f7c72b8cc3eca8,mus-ae42bcb43771fac1,22699,ae42bcb43771fac10177bc4961ae25d1dea2dedbfe26bfadc2401aa167fac230,True,2000,False,0001000046a600312661000100000000,3.3596,none,0,0
arc-d1f7c72b8cc3eca8,mus-3d93e05a8d6c412c,7319,3d93e05a8d6c412c2dfc8d0854101b3ddb71eec2282fbdb992f389ac01fba441,True,2005,True,000f0000163e8caa4dc7000400c43011,7.7034,none,0,0
arc-d1f7c72b8cc3eca8,mus-f110724056273840,41052,f1107240562738402556d1739cf2fad428872e2dd617289431201d25df0f73ae,True,2012,True,1a00ae5e0000e923485f789ced5d0960,7.9717,little,4,3872
arc-d1f7c72b8cc3eca8,mus-22800d56534a9a7a,41052,22800d56534a9a7afb6cde9fd4d8cd00a7897589ceb16b3720969355c37742ef,True,2012,True,1a00ae5e00000482a62a789ced5d0960,7.9718,little,4,3872
arc-d1f7c72b8cc3eca8,mus-59142bebc283c4d0,17745,59142bebc283c4d08ec26f4ac93b22e74e0a55921c0934e60d77c1843aaf69ab,True,2007,True,001a00002639899952da789ced7d7998,7.9579,big,4,757
arc-d1f7c72b8cc3eca8,mus-c35307883fd79f10,181863,c35307883fd79f100a8cd6e2d6db0c6fd08f191931444b6b056b52762fb54aac,True,2012,True,1a005e620100cfb4f2c6789cec3d09bc,7.9723,little,4,0
arc-d1f7c72b8cc3eca8,mus-1e054cf74c68c92e,181863,1e054cf74c68c92e66c20680697360b5a10660680302a732d1ff8e5055ce6562,True,2012,True,1a005e6201000a54e688789cec3d09bc,7.9723,little,4,0
arc-d1f7c72b8cc3eca8,mus-692339a6cb2278f0,134263,692339a6cb2278f072284c6fa9ecd7829ab3d28d5072a1a6add5e45567c7e1e0,True,2012,True,1a00a2000100b298356c789cecbd077c,7.9660,little,4,0
arc-d1f7c72b8cc3eca8,mus-1536ead1b431322a,44121,1536ead1b431322a97d24701cc079cc4b5526b1c888e749a6ddf7a63d71e24b6,True,2012,True,1a003362000027b8f056789ced7d0960,7.9699,little,4,4047
arc-d1f7c72b8cc3eca8,mus-92ce48fd8bc60b4d,44586,92ce48fd8bc60b4d87ae32f28087e282b747fef8676460d01ec88b4fd14a8735,True,2012,True,1a006662000027bfe44c789ced7d0960,7.9714,little,4,4065
arc-d1f7c72b8cc3eca8,mus-681b4e5f0d413449,22075,681b4e5f0d41344955c643990bfa74c32ed432bfdb2b2dfe8948062966ccdc50,True,2008,True,1a00982500007c2aa10c789ced9d0978,7.9507,little,4,1359
arc-d1f7c72b8cc3eca8,mus-c980e60cdfb383e9,20144,c980e60cdfb383e90380eb31a362cd5856ab673f07d1cf3f008f93171ee709c3,True,2007,True,001a00002bbb44f5e8be789ced7d0b98,7.9669,big,4,811
arc-d1f7c72b8cc3eca8,mus-4a7b97cadb13e8a5,217663,4a7b97cadb13e8a5a642b4de52f895248dd1c5434fad5dfadd90f09b37bd72b1,True,2007,True,001a0001cd44a6c36d85789cec7d0798,7.9652,big,4,16260
arc-d1f7c72b8cc3eca8,mus-575c1f538d60d814,684682,575c1f538d60d814eec265fdcb35fb8ca140f362d2e48f525cc1ab81a7994196,True,2005,True,000f0003c87b54852b18000400c43011,7.6782,none,0,0
arc-d1f7c72b8cc3eca8,mus-393adde34b217cea,48202,393adde34b217ceacd709442f9095d794b33c7c7eab439e9bfa552a906cdb58c,True,2012,True,1a00ab700000fbe76cfe789cec5d0960,7.9513,little,4,4581
arc-d1f7c72b8cc3eca8,mus-837ee816e9d8b80a,48322,837ee816e9d8b80ad06a2f1fdfb472bad72cac00b1495d5142f34ebb83475017,True,2012,True,1a0017710000ca21c8b8789cec5d0960,7.9554,little,4,4590
arc-d1f7c72b8cc3eca8,mus-3344a9e333681350,46542,3344a9e33368135012251fedf1d1ef2b21f663d4a1212dd2e37a10f4a1d73452,True,2012,True,1a002f70000060172339789cec7d0960,7.9473,little,4,4702
arc-d1f7c72b8cc3eca8,mus-c2f02a04b9c9b518,46765,c2f02a04b9c9b518cfd67905696680222d20b4abd9b54d2bc5cef4a0c0852f0a,True,2012,True,1a001f700000ced2b9bf789cec7d0980,7.9509,little,4,4709
arc-d1f7c72b8cc3eca8,mus-5b0b49804208656b,48689,5b0b49804208656b6d25978af818e3060e14fc6e26efa9d097c8ab0be5a841d2,True,2012,True,1a00456e0000ccc2bee3789cec5d0980,7.9672,little,4,4389
arc-d1f7c72b8cc3eca8,mus-c83692b3f6d15c56,22642,c83692b3f6d15c5608122b20477a45165ee720f2ff8b3c9f9657b31cf8d0f992,True,2007,True,001a000027e9ec56cb25789ced9d099c,7.9521,big,4,1003
arc-d1f7c72b8cc3eca8,mus-49dfccbb8fcd35ac,10665,49dfccbb8fcd35ac68aa1b626dc89f757d198e57beab9673763db2b3b867cb68,True,2006,True,001a0000193c51719c97789ced5d7f94,7.9331,big,4,682
arc-d1f7c72b8cc3eca8,mus-70123f5f4ddb0148,39304,70123f5f4ddb01485d6c7bec2643d80b88135cb2c40f29fa841b1b7b5a8c762a,True,2012,True,1a00865d0000b42973d4789ced5d0960,7.9702,little,4,3807
arc-d1f7c72b8cc3eca8,mus-b846b3ca4c434a26,41802,b846b3ca4c434a268f8ff805095eec82ff176237e44bf88b8119a01f1b05a182,True,2012,True,1a00e96100006e5a4767789ced7d0960,7.9691,little,4,3953
arc-d1f7c72b8cc3eca8,mus-e1863ddf070af591,41826,e1863ddf070af591548b53868aad5659a104dc6a70cae68d4fbc6883de9acc23,True,2012,True,1a0001620000afd33ccb789ced7d0960,7.9712,little,4,3955
arc-d1f7c72b8cc3eca8,mus-bcde186bdde98c39,45188,bcde186bdde98c393a7754824fec2a74412830679c94025d46d461b241e87ef3,True,2012,True,1a009a620000657b005f789ced5d0980,7.9688,little,4,4078
arc-d1f7c72b8cc3eca8,mus-962488020cf07de6,45188,962488020cf07de68fa853afdc206f181c41cb63e466662b4b7043e3f742283a,True,2012,True,1a009a620000657b005f789ced5d0980,7.9688,little,4,4078
arc-d1f7c72b8cc3eca8,mus-9c9eecb8cdeaa3ab,30266,9c9eecb8cdeaa3ab5f4be1db13b67cc0debac71e37d0aeb24c0efdffb96fcdfd,True,2007,True,001a00003db7137cbb0d789ced9d099c,7.9382,big,4,2135
arc-d1f7c72b8cc3eca8,mus-1dd55268c61df4af,243726,1dd55268c61df4afd9e4eedc128792db5f9490b051cbf1401f464a0f9c3b9486,True,2007,True,001a0001cbf7daea324d789cecbd09bc,7.9671,big,4,0
arc-d1f7c72b8cc3eca8,mus-8b5765d6f93b0490,239415,8b5765d6f93b0490ae75ea5b57938fe73f1fef51cae8ba70347919ead67dfab9,True,2007,True,001a0001bfccc2adb07f789cec7d09bc,7.9633,big,4,0
arc-d1f7c72b8cc3eca8,mus-355a9cc4df8c3942,53346,355a9cc4df8c39422cd588cf134ddef9b891753c0d08f9c6dd34e555d41f5217,True,2005,True,000f00007e555f88d549000400c43011,7.6129,none,0,0
arc-d1f7c72b8cc3eca8,mus-b8af71ccdd92d3d0,55227,b8af71ccdd92d3d07d0e5094f3a9a2b95dd23e72ba556cbb569f01d67f4225b6,True,2008,True,1a004c6000006d5ea7b3789cec9d777c,7.9247,little,4,4556
arc-d1f7c72b8cc3eca8,mus-a4202c5f6fb2b01e,262375,a4202c5f6fb2b01eb84b6b0b682352e84c9d9ddf3299890605c8d4d54d1e81de,True,2007,True,001a0002175445e15d8c789cec7d0bbc,7.9708,big,4,17996
arc-d1f7c72b8cc3eca8,mus-e38028b54c505a83,253745,e38028b54c505a838d2d05711a44b73aa4c0e678b99dd206dca1585cf04195ea,True,2007,True,001a00020abd108dd2e4789cec7d0b9c,7.9652,big,4,17711
arc-d1f7c72b8cc3eca8,mus-bf30ae4d44f9693e,493852,bf30ae4d44f9693ebebf8c4809360f0975d6a359cd45d53c3ac611ba3be8c050,True,2000,False,00010003d7d600312661000100000000,3.7933,none,0,0
arc-d1f7c72b8cc3eca8,mus-acdc3007749fffeb,214397,acdc3007749fffeb2e4df5ba2042e39e8ba785b65519b63538ac27e02b5bc67d,True,2005,True,000f000296fe2a7277b8000400c43011,7.5907,none,0,0
arc-d1f7c72b8cc3eca8,mus-b48c422deb82105e,180894,b48c422deb82105ea706acdbf90720fa1f8fa1deb8948ca5e7ee875fb31a4dec,True,2005,True,000f000108a14d20305b000400c43011,7.5727,none,0,0
arc-d1f7c72b8cc3eca8,mus-914a0b7fe576d29f,3156,914a0b7fe576d29fd2d18c4c0f16a10a8dbe2aafea8b0ed3493872ae0a8fccda,True,2006,True,000f00000968053bda3b0004fef98311,7.5815,none,0,0
arc-d1f7c72b8cc3eca8,mus-037ad01d5064ed57,44199,037ad01d5064ed57d36ea30923c33b6b54635a7bbc4e89153761dcb925d6cec8,True,2012,True,1a00f268000027cea19d789ced5d0960,7.9573,little,4,4445
arc-d1f7c72b8cc3eca8,mus-ae92c57d090a4620,44198,ae92c57d090a4620342679bbd2cbba5f68ed1233fbd3727ef6b57e13e62136da,True,2012,True,1a00f16800002067caba789ced5d0960,7.9572,little,4,4445
arc-d1f7c72b8cc3eca8,mus-234328b7517090bb,52010,234328b7517090bb35fc2da13a7a28f9a0997c47c21d95dab3cd6067b9aae9fe,True,2012,True,1a00806d0000dcf1d2b0789cec5d0960,7.9603,little,4,4596
arc-d1f7c72b8cc3eca8,mus-d33a89c8a204d138,51975,d33a89c8a204d138a9d75ca786183ebc44853554b27d76bd9d7d253f21e6f43f,True,2012,True,1a00806d00003d568038789cec5d0960,7.9630,little,4,4596
arc-d1f7c72b8cc3eca8,mus-a053fe81511354e7,79612,a053fe81511354e7518ce034744cd5c843346817e2aeb3d6a29504880bd0307f,True,2012,True,1a00399100005830aa58789cec5d0960,7.9536,little,4,0
arc-d1f7c72b8cc3eca8,mus-a053fe81511354e7,79612,a053fe81511354e7518ce034744cd5c843346817e2aeb3d6a29504880bd0307f,True,2012,True,1a00399100005830aa58789cec5d0960,7.9536,little,4,0
arc-d1f7c72b8cc3eca8,mus-a5360295a94b1ac8,67516,a5360295a94b1ac863b94d9e6acf8c0949571a4536deee894b432c42573ad374,True,2012,True,1a0071820000fc7fc6b3789cec5d0760,7.9493,little,4,0
arc-d1f7c72b8cc3eca8,mus-506ffba9115a9b77,40332,506ffba9115a9b77ca209589e8f3c66c7d8aa49e961f580a2a3ba767f271351c,True,2012,True,1a00925f000038174a37789ced7d0960,7.9716,little,4,3889
arc-d1f7c72b8cc3eca8,mus-75e19724686a0048,40198,75e19724686a004893dcf0e0d2411f76b5dcb2a934a29eaca2adac98bc87b469,True,2012,True,1a00525f00002409bd7d789ced7d0960,7.9737,little,4,3878
arc-d1f7c72b8cc3eca8,mus-01248d702a8a1bb5,28893,01248d702a8a1bb571375e704a28cbd4f26d14c316cd570c8e31d977f3647c33,True,2008,True,1a00632e0000634b5d22789ced9d097c,7.9527,little,4,1851
arc-d1f7c72b8cc3eca8,mus-b8ec5c692319271d,81108,b8ec5c692319271d0c07f1cfa8c864d436edfa740030b433e1e299add06fa0a5,True,2012,True,1a00f6a200006946eeab789cec7d0780,7.9472,little,4,6812
arc-d1f7c72b8cc3eca8,mus-b8ec5c692319271d,81108,b8ec5c692319271d0c07f1cfa8c864d436edfa740030b433e1e299add06fa0a5,True,2012,True,1a00f6a200006946eeab789cec7d0780,7.9472,little,4,6812
arc-d1f7c72b8cc3eca8,mus-5be5c4709c415ffd,20971,5be5c4709c415ffd2d5bd2354aa29e090bc42b8b4fbd10308fcb0f760f34c1c2,True,2000,False,00010000484600312661000100000000,3.3523,none,0,0
arc-d1f7c72b8cc3eca8,mus-a6647015846e0648,8519,a6647015846e06488e73e35cb2b67f7cd6b50fe282d0257e5933e38cd280b891,True,2005,True,000f000018eb9ca99bf9000400c43011,7.6947,none,0,0
arc-d1f7c72b8cc3eca8,mus-85a70aebe26966c3,328401,85a70aebe26966c3907a849799c781b2b4146d6108ee938900fa9df65fb651de,True,2005,True,000f0002fea54fbf7266000400c43011,7.6383,none,0,0
arc-d1f7c72b8cc3eca8,mus-19d50a4d6d132191,15405,19d50a4d6d132191c89f0749adc631317cf7969ed696ebf8b4cdeaca61254ee6,True,2007,True,001a00001d1592b3987b789ced9d0b7c,7.9567,big,4,694
arc-d1f7c72b8cc3eca8,mus-07be8bcd1dbc25ef,48861,07be8bcd1dbc25efa0aac281b019e7ef90df5190fbd1ca134a01b87b3d0f8a12,True,2012,True,1a00e1750000c85b95a8789cec5d0960,7.9618,little,4,1790
arc-d1f7c72b8cc3eca8,mus-da3e8115827ef93f,57906,da3e8115827ef93faa8876dd7cd19ea91302ed8646ef14ef082fbc8d36650dbb,True,2012,True,1a00087200001510a535789cec5d0960,7.9491,little,4,4967
arc-d1f7c72b8cc3eca8,mus-da3e8115827ef93f,57906,da3e8115827ef93faa8876dd7cd19ea91302ed8646ef14ef082fbc8d36650dbb,True,2012,True,1a00087200001510a535789cec5d0960,7.9491,little,4,4967
arc-d1f7c72b8cc3eca8,mus-92e1bec4bf2e00e0,57906,92e1bec4bf2e00e0289b2a01e3885bc657bc71f0a802b8bfa8cb951ca5c4e929,True,2012,True,1a00087200001510a535789cec5d0960,7.9491,little,4,4967
arc-d1f7c72b8cc3eca8,mus-27eb9f4012abd824,246238,27eb9f4012abd824c5dca4b14088480c37d3677ea03adad8e6fbe6400bd12578,True,2000,False,00010002d26600312661000100000000,3.7912,none,0,0
arc-d1f7c72b8cc3eca8,mus-c5b183149118d53c,257077,c5b183149118d53c07ead163e4659afd1c92ec55fd17bb69db2794105d0325db,True,2000,False,00010002e34600312661000100000000,3.8767,none,0,0
arc-d1f7c72b8cc3eca8,mus-728d82868774f332,258010,728d82868774f332a21c8a0ebf6640fee7f6575321b968f14ebd0686e1bd7b99,True,2000,False,00010002e25600312661000100000000,3.8987,none,0,0
arc-d1f7c72b8cc3eca8,mus-2b58b1e3848e66c7,237191,2b58b1e3848e66c706c6f7647c5b1d22a0390ed23065efbeccd94b1100cafa65,True,2000,False,00010002c21600312661000100000000,3.8026,none,0,0
arc-d1f7c72b8cc3eca8,mus-1b3edce51e0d5367,244730,1b3edce51e0d5367f5e398de17752cea40cf9215e131bfa8f66cd3b665e38d8f,True,2000,False,00010002cb4600312661000100000000,3.8247,none,0,0
arc-d1f7c72b8cc3eca8,mus-c9809631b0adccaa,244155,c9809631b0adccaacc0c47298a1fae810aca278f3053da3d37713e82fbbdb742,True,2000,False,00010002cc2600312661000100000000,3.8089,none,0,0
arc-d1f7c72b8cc3eca8,mus-e3035e7611165300,250158,e3035e76111653004bc4c4addd5680ec036c998a085bb539551c17a1b4a9725b,True,2000,False,00010002d20600312661000100000000,3.8371,none,0,0
arc-d1f7c72b8cc3eca8,mus-ef61e7cac30f3a65,60671,ef61e7cac30f3a65d48783721da823ec455eb0f212f7adf6c66a0111e689c3d2,True,2012,True,1a003db50000f18ff7c6789cecbd0798,7.8831,little,4,6198
arc-d1f7c72b8cc3eca8,mus-c0147cfd9129e63e,236487,c0147cfd9129e63ef79b4bee2245f7d95a0cb7671e3bd7a2334c818fb2cf032e,True,2000,False,00010002bf7600312661000100000000,3.7689,none,0,0
arc-d1f7c72b8cc3eca8,mus-40f9977a1813a634,22688,40f9977a1813a634752cbcc37569c2309a3468066716d19f146c54656e463965,True,2008,True,1a00b9380000e89ab647789ced7d7b7c,7.9685,little,4,1742
arc-d1f7c72b8cc3eca8,mus-348ccc66a92e3a72,31339,348ccc66a92e3a725790fd6d82bc8d0f8ef65fba595512e903307df54d27f2d5,True,2012,True,1a00df4c0000afe4e34a789cedbd097c,7.9602,little,4,2542
arc-d1f7c72b8cc3eca8,mus-61eb1f956765b628,31346,61eb1f956765b628b7aa629e3af02adc9c0708b8490a941b5508019f1a1f0ea3,True,2012,True,1a00e64c0000ab25cec9789cedbd097c,7.9616,little,4,2543
arc-d1f7c72b8cc3eca8,mus-852c8f887cc50238,57437,852c8f887cc502385ed15ad97357d3cf9ff2fa2165530606be8f21bbfd3dbb2c,True,2007,True,001a00008baf8bdff519789cec7d07b8,7.9010,big,4,4857
arc-d1f7c72b8cc3eca8,mus-d3212f18e0623045,200086,d3212f18e0623045cf724b4763c002ef234f9e0a6f3f52dd2675f1f7120bdd00,True,2000,False,00010001802600312661000100000000,3.5413,none,0,0
arc-d1f7c72b8cc3eca8,mus-58cf1e51511acf83,118641,58cf1e51511acf83aabe56425535bf2c0c6e77c11c964e99434abfb044e036be,True,2006,True,000f000102e44fa52a4a0004fef98311,7.6641,none,0,0
arc-d1f7c72b8cc3eca8,mus-3cd9d65466792006,194526,3cd9d65466792006b50a7dd13920b14fe23eb5456931da3d8bf39a5e101baf34,True,2000,False,000100017ab600312661000100000000,3.5019,none,0,0
arc-d1f7c72b8cc3eca8,mus-06d444624dea8a7e,234251,06d444624dea8a7e97f3e55d205ce2ea98fab7dc7ad5dd888ecccff501df704e,True,2007,True,001a0001ef7b0bfae690789cec3d799c,7.9668,big,4,17428
arc-d1f7c72b8cc3eca8,mus-c2c596805fa3eb12,227103,c2c596805fa3eb12feceb2f17c3c3d3214d44b3cbbb316af6330bae5649af9e1,True,2007,True,001a0001e5af81aa65c8789cec7d777c,7.9664,big,4,17161
arc-d1f7c72b8cc3eca8,mus-21f781fc3a2cc76f,14619,21f781fc3a2cc76f45370ad2e2853b5011163db9c97a275515e439deb27e6185,True,2005,True,000f000026dd05e8233b000400c43011,7.7324,none,0,0
arc-d1f7c72b8cc3eca8,mus-b173371154798a99,207638,b173371154798a9929105c4f604cacb0ce54b6cfc5e4c8ff6233f5a4e9555175,True,2008,True,1a00ff410100073e40f3789cecbd7780,7.9384,little,4,20953
arc-d1f7c72b8cc3eca8,mus-600b33f58350599c,101404,600b33f58350599c03d487d3b44da8ce632a165632e164080d496947fd950787,True,2008,True,1a002e9b00009de71b82789cec9d079c,7.8935,little,4,9523
arc-d1f7c72b8cc3eca8,mus-c008aa57a2867faa,184984,c008aa57a2867faa2222a0b18181dc18338c5bf70ec925fb4a2638115b8f0fd7,True,2008,True,1a0004f9000064772abf789cecdd7778,7.8890,little,4,19521
arc-d1f7c72b8cc3eca8,mus-4aed4f69e39c3296,41635,4aed4f69e39c3296155d1ac1bbd4ff03686b34a258c120a8bf9cb7ab92de0894,True,2012,True,1a00185e000012b29972789ced7d0960,7.9656,little,4,3895
arc-d1f7c72b8cc3eca8,mus-4aed4f69e39c3296,41635,4aed4f69e39c3296155d1ac1bbd4ff03686b34a258c120a8bf9cb7ab92de0894,True,2012,True,1a00185e000012b29972789ced7d0960,7.9656,little,4,3895
arc-d1f7c72b8cc3eca8,mus-1d086c94930731f4,15749,1d086c94930731f42bcaa3e75563d0cbbebb47de08869af21f2e07dce460a6c2,True,2007,True,001a0000206c0f73d46e789ced9d0b7c,7.9487,big,4,796
arc-d1f7c72b8cc3eca8,mus-9a3c86a774f7ed13,312884,9a3c86a774f7ed136bc6e514322094a8f08b6984d5dd3171869f912be1876099,True,2008,True,1a0088ba010093244695789cec9d779c,7.9243,little,4,31701
arc-d1f7c72b8cc3eca8,mus-ae9102ac4cf0f9fc,85903,ae9102ac4cf0f9fc575d1dabcce9b33aeb4f2fecd3b10bea5a2945cd5664d83c,True,2012,True,1a0096a2000002cc999e789cec9d0960,7.9226,little,4,0
arc-d1f7c72b8cc3eca8,mus-d93331463c0c2c76,88054,d93331463c0c2c76cf22d2a39e494074d6444cdf7837dee30d72d3dd3b57c5e7,True,2012,True,1a00e3aa000032cf0e0c789cec9d0960,7.9135,little,4,0
arc-d1f7c72b8cc3eca8,mus-2bfe94b23a125922,44965,2bfe94b23a125922c63d6ab368717ec2bdfdba525eaa2edfba12b1fa09d6a3ef,True,2012,True,1a0096630000f92d8a71789ced7d0960,7.9707,little,4,4154
arc-d1f7c72b8cc3eca8,mus-f6a041a6616fcea8,44983,f6a041a6616fcea8860f845c8f94dddd1cbb9277edd3eb23f297b206dce02936,True,2012,True,1a00a863000000477739789ced7d0960,7.9659,little,4,4156
arc-d1f7c72b8cc3eca8,mus-691a1fa8c963f0be,7431,691a1fa8c963f0bee66f3f5a6ec8a10b76c70cf964e823e1f8ac84b6557a09a0,True,2005,True,000f0000167fc09cc2a9000400c43011,7.6952,none,0,0
arc-d1f7c72b8cc3eca8,mus-42f4139c18286e12,39337,42f4139c18286e12c61b810ecaa026e5925db180e526c5a964e6a12e36b0e44e,True,2012,True,1a00a75d0000d712d1c0789ced5d0960,7.9688,little,4,3807
arc-d1f7c72b8cc3eca8,mus-57eb6340971640e8,45685,57eb6340971640e8530952adb387f1ef474a43d1d79d8ec3fa0e4144d14869f5,True,2012,True,1a00f66c00008ba225a5789cec5d0960,7.9634,little,4,4353
arc-d1f7c72b8cc3eca8,mus-19d388b8fc564587,19873,19d388b8fc564587d84be7302f4016dabf5dcd0b07656179fed8da1e78ab33ce,True,2000,False,00010000469600312661000100000000,3.3231,none,0,0
arc-d1f7c72b8cc3eca8,mus-4989113ea6b546a8,11533,4989113ea6b546a8a939bd4c1ac0fe950463715a45b5a2f38c19a9d9a475a06e,True,2012,True,1a00281e00008e44f8ad789ced5d0b74,7.9402,little,4,815
arc-d1f7c72b8cc3eca8,mus-8a7ad0b21831e38e,6896,8a7ad0b21831e38e8f5113973ea8a35e49d91a26cd07f14c0c6406c8593a4f86,True,2003,True,000f000015a3e88a0c60000400c43011,7.6842,none,0,0
arc-d1f7c72b8cc3eca8,mus-7fb256ec2cbbe79a,25823,7fb256ec2cbbe79ac1d586af473183422bfe6d672609fee37b71cd1a8f558793,True,2000,False,000100004ba600312661000100000000,3.3430,none,0,0
arc-d1f7c72b8cc3eca8,mus-70b814bd11752699,141168,70b814bd11752699cc5462c4f93cd8493e345e0f12489ca8669c7b319ea545ef,True,2012,True,1a0043db00003470fdb5789cec5d099c,7.9549,little,4,4837
arc-d1f7c72b8cc3eca8,mus-7f20da885d957e8e,141176,7f20da885d957e8e2b580785e39b6e08f47a688543ee68cfbbe77fc1f709404a,True,2012,True,1a004bdb0000a4e9a4cb789cec5d099c,7.9560,little,4,4837
arc-d1f7c72b8cc3eca8,mus-c62a13f94b8efcbd,179147,c62a13f94b8efcbdcdb8b5bec549d74d614302fb86a5d7d7fbf6be7f92e55497,True,2012,True,1a00a2200100d6790626789cec7d07bc,7.9659,little,4,6533
arc-d1f7c72b8cc3eca8,mus-69e84204ce3087a9,179147,69e84204ce3087a9676b8288ee504ae1ac815d9a2876157a4c75235890f4d3a0,True,2012,True,1a00a220010059cb0c94789cec7d07bc,7.9659,little,4,6533
arc-d1f7c72b8cc3eca8,mus-556778171ecc3fb7,204031,556778171ecc3fb7f41e12953283b925b6ce9a240ea0c25277ef5e43d82b09bc,True,2012,True,1a00c3390100cfee6027789cec7d079c,7.9688,little,4,8030
arc-d1f7c72b8cc3eca8,mus-89e8d1d211a282f7,203024,89e8d1d211a282f70d1ec5b15fd515ba567ee61508f577b1ef360219ef2bc5ef,True,2012,True,1a000f3901008aa17b78789cec7d079c,7.9688,little,4,8030
arc-d1f7c72b8cc3eca8,mus-4047eb09d6e13faa,175180,4047eb09d6e13faae332e1bbf541e366c5014a8114b2012acdbc9114af092749,True,2012,True,1a000ecf00003b82fda6789cecdd777c,7.8730,little,4,13530
arc-d1f7c72b8cc3eca8,mus-3a103fe6567d38ff,175249,3a103fe6567d38ff3abf78a70cbaac60e332a269b288cf1583993b4e59dca8e8,True,2012,True,1a0045cf000010d5b5cb789cecdd777c,7.8776,little,4,13536
arc-d1f7c72b8cc3eca8,mus-95172ac53945f49e,204012,95172ac53945f49eca6b0ecd25b5bb99c05ed7ae09e1c9a5f981c0a520599037,True,2012,True,1a00d5360100459c9233789cec5d099c,7.9673,little,4,0
arc-d1f7c72b8cc3eca8,mus-056a772cc24cf2fa,203909,056a772cc24cf2fab51cbccffe393f77ea28aaef2f51901955508bed20226006,True,2012,True,1a007f3601000dd4bbe0789cec5d099c,7.9673,little,4,0
arc-d1f7c72b8cc3eca8,mus-eca76dfcd39170f1,214575,eca76dfcd39170f158d6cb624584e3777c3e1b1ba1a354390f90804a8671bd2a,True,2005,True,000f000281dd48964fe1000400c43011,7.5849,none,0,0
arc-d1f7c72b8cc3eca8,mus-3318a705e5c14b6a,8412,3318a705e5c14b6af47c03c77c181ecc8bc0f3f4712f1b0e1251d790bdfedc4f,True,2006,True,001a000017fb72d26f87789ced5d7b74,7.9515,big,4,0
arc-d1f7c72b8cc3eca8,mus-b11925f4a1002834,258387,b11925f4a1002834ce778a9d778748f9fdb0263414c438fcc4fd7466a57257a6,True,2012,True,1a00e10a0200ae31a458789cec7d0798,7.9733,little,4,0
arc-d1f7c72b8cc3eca8,mus-47e8409e051f78e2,258361,47e8409e051f78e254031cd8b17da533afc326e93df118d64a2e051a7be2bcb4,True,2012,True,1a00d90a02003d2911ff789cec7d0798,7.9717,little,4,0
arc-d1f7c72b8cc3eca8,mus-dadf04ffb26c055e,253666,dadf04ffb26c055ea2c9814e97bfcc3cd2877d761da390345c119594a6c87809,True,2012,True,1a00810002008d5dbb04789cec7d0778,7.9730,little,4,0
arc-d1f7c72b8cc3eca8,mus-bffada75287d9b35,56542,bffada75287d9b358e4566ba98968d1aa4b627da71fb0dcfa46f76f180df6913,True,2005,True,000f00006682f22d3813000400c43011,7.5865,none,0,0
arc-d1f7c72b8cc3eca8,mus-e80e980620380b09,20831,e80e980620380b094fc5055bce4a4c3526e33dfa4cc27b764d0b4db614b0195a,True,2008,True,1a00dc29000040d72624789ced9d0960,7.9555,little,4,1312
arc-d1f7c72b8cc3eca8,mus-51fe175f9a1b659b,32202,51fe175f9a1b659b6442fa2a5e3b9c3eeaca20769f70a8757b1814936be1fb30,True,2008,True,1a003c1f0000d4c51ae9789ced9d0980,7.9561,little,4,1955
arc-d1f7c72b8cc3eca8,mus-9f749278dd0a7c7c,1894791,9f749278dd0a7c7c7e372b657b2f94d8ddc7157ce978836e8d5835692efced81,True,2012,True,1a00d06e0c0059670eb4789cec7d0978,7.9748,little,4,0
arc-d1f7c72b8cc3eca8,mus-563e8616692252fe,1868426,563e8616692252fe889778393fb32991a29cfd596c35cb4ee1d5051af23c17c7,True,2012,True,1a00d7070c00ce399d0d789cecbd7b9c,7.9739,little,4,0
arc-d1f7c72b8cc3eca8,mus-7a6841dc07ca05c1,1894779,7a6841dc07ca05c1995218eed69518a65978612a4388ef206c659d6c98218516,True,2012,True,1a00b96e0c00be00f331789cec7d0978,7.9750,little,4,0
arc-d1f7c72b8cc3eca8,mus-f84268bfa9798e42,13719,f84268bfa9798e42e4aa186c3902d26d7e3b91818c614965e4f9229093988cd6,True,2008,True,1a00ae20000009c9a414789ced9d097c,7.9598,little,4,1017
arc-d1f7c72b8cc3eca8,mus-97abbee196b28ded,9229,97abbee196b28ded51c98d2d407aa0858631a1e73531a0cfda8e7f5ce95f9f22,True,2005,True,000f00001ab37cd4fb6a000400c43011,7.7229,none,0,0
arc-d1f7c72b8cc3eca8,mus-74bf063378d2518b,27107,74bf063378d2518b2fed08e53bea1167f645b4fb306e1192f91f135c476daf74,True,2008,True,1a002f2400003afd3560789ced9d0980,7.8938,little,4,1538
arc-d1f7c72b8cc3eca8,mus-eb12f91f82f8994d,38434,eb12f91f82f8994d9cab6f1b7d1c5769696ba36045c2e1f078cfe5e918a6f199,True,2008,True,1a00fa3d0000a5fdd80f789ced9d0960,7.9498,little,4,2506
arc-d1f7c72b8cc3eca8,mus-e03b16a222c5c3ca,3190,e03b16a222c5c3ca15e281370c58e704841506c08a98f828398d6bf8185ecfe1,True,2007,True,001a000008dfb6ae0eda789ced5a6b6c,7.9155,big,4,166
arc-d1f7c72b8cc3eca8,mus-a014c2001dd1b015,39858,a014c2001dd1b01582e697291a8cdf723cfa0da67cf02a4677918b5bcc01853b,True,2012,True,1a00535e0000529bc485789ced7d0760,7.9691,little,4,3833
arc-d1f7c72b8cc3eca8,mus-3238ab622ed2f4c0,7257,3238ab622ed2f4c02fb09a126987941a3b7ca6041bbbd70daf7b39bb398e6868,True,2005,False,000f00001656b574a3b4000400c43011,7.6972,none,0,0
arc-d1f7c72b8cc3eca8,mus-c6a7bc0f89e435bb,39070,c6a7bc0f89e435bbbe18351e037bd0ace12988048887565f129864031c79b9f7,True,2012,False,1a00a85c0000bc10974f789ced7d0760,7.9724,little,4,3795
arc-d1f7c72b8cc3eca8,mus-d72a5ce772955565,6467,d72a5ce7729555655dc3f21eb52671a4196a1d7b62bb5e93d6e02fbba1a46b9a,True,2002,False,000f000013f6843fac94000400c43011,7.6844,none,0,0
arc-d1f7c72b8cc3eca8,mus-30e7b79f82b58ab5,11349,30e7b79f82b58ab56fa5c24dc9576ecee92053ebd9aaf6e5883ec380d9a6784e,True,2002,False,000f00001c9f468fbafc000400c43011,7.5899,none,0,0
arc-d1f7c72b8cc3eca8,mus-adc7f8b8781429fd,287941,adc7f8b8781429fde947b4e7480321acbb0006d274bde0cf197acd3a021ec647,True,2008,True,1a00ba9f0100e029ce6a789cecbd077c,7.9567,little,4,24274
arc-d1f7c72b8cc3eca8,mus-ee515caa68fdf6e2,325749,ee515caa68fdf6e250354b3b69aea9f6de73ff930074710ec0b8c00eba0e5f33,True,2008,True,1a007ad90100521ddc77789cecbd077c,7.9655,little,4,27150
arc-d1f7c72b8cc3eca8,mus-6640ca63c5947d53,44121,6640ca63c5947d5352e8f545f617728d9bfa63abc6943446df6cce3f6cd258fd,True,2012,True,1a007b6300005ab53c1d789ced5d0760,7.9658,little,4,1930
arc-d1f7c72b8cc3eca8,mus-63860243ae57044c,44353,63860243ae57044caaea24d0c4029fc89828bf899abf38f51f4e6ee896fdc306,True,2008,True,1a00c45b000035a993b4789ced7d0b60,7.9550,little,4,5185
arc-d1f7c72b8cc3eca8,mus-81fdb0c9dd2fa530,32174,81fdb0c9dd2fa53041c1baa0929418552fe51138d319a8ce92ab830a2bcf99aa,True,2012,True,1a00bf4000003a89cc5a789ced7d0b60,7.9523,little,4,3497
arc-d1f7c72b8cc3eca8,mus-01872226d02ef08f,31885,01872226d02ef08fb9b72553a8c94d0094015899f38bdcaf61f479796d7d99dd,True,2012,True,1a00224000000e30181e789ced7d0980,7.9551,little,4,3469
arc-d1f7c72b8cc3eca8,mus-68fca70675355e1a,39130,68fca70675355e1a0637cbd8a2deca4aeb5104f497d70d8263277237ce1f9508,True,2012,True,1a00cf5c00009e04a88d789ced7d0760,7.9709,little,4,3798
arc-d1f7c72b8cc3eca8,mus-68fca70675355e1a,39130,68fca70675355e1a0637cbd8a2deca4aeb5104f497d70d8263277237ce1f9508,True,2012,True,1a00cf5c00009e04a88d789ced7d0760,7.9709,little,4,3798
arc-d1f7c72b8cc3eca8,mus-62ad7375d35a56a4,78747,62ad7375d35a56a412e9a48999537c17f40564d908f2e527235ba6909c352b1a,True,2012,True,1a0079a200002e1bad8f789cec7d0980,7.9353,little,4,6661
arc-d1f7c72b8cc3eca8,mus-5e485b8e314c17ff,78747,5e485b8e314c17ff1735f57ccadb2441b6d29779f6387bbbe3269dddfc067e2b,True,2012,True,1a0079a200002e1bad8f789cec7d0980,7.9353,little,4,6661
arc-d1f7c72b8cc3eca8,mus-32dae4b9dfd60cf7,41706,32dae4b9dfd60cf7d6703253456f72a9ea0daa725c32f585c77971908b243621,True,2012,True,1a00726100007a441b24789ced5d0780,7.9674,little,4,3977
arc-d1f7c72b8cc3eca8,mus-0f5f8be28cb797e0,41706,0f5f8be28cb797e0cdee3cf1c498ec45547b488896cfb65994ea55eabb19468b,True,2012,True,1a00726100007a441b24789ced5d0780,7.9674,little,4,3977
arc-d1f7c72b8cc3eca8,mus-a57d4097fcd135db,41665,a57d4097fcd135db19acce72901cba162b4946bf42718244572914a6872f226f,True,2012,True,1a00a46100009e53b3c3789ced5d0780,7.9722,little,4,3995
arc-d1f7c72b8cc3eca8,mus-96b5a5e84ad8a35b,41665,96b5a5e84ad8a35b1770314cff3ff24acb0bbb3426d98492407ca2bd522060e5,True,2012,True,1a00a46100008bb6fec0789ced5d0780,7.9729,little,4,3995
arc-d1f7c72b8cc3eca8,mus-83a8934d1dbe51c7,41851,83a8934d1dbe51c7b082d0b65bfcec6b60f0ee935d28c4900a957eb75ea71a3a,True,2012,True,1a00f8610000a3f7f29f789ced5d0760,7.9715,little,4,4012
arc-d1f7c72b8cc3eca8,mus-fd78fb89b966ae00,41851,fd78fb89b966ae00925d6e5f45c65b25cddcf53eb5d210f514e5e978fe72f1e0,True,2012,True,1a00f8610000a3f7f29f789ced5d0760,7.9715,little,4,4012
arc-d1f7c72b8cc3eca8,mus-9fdd7b0005cc5a54,41653,9fdd7b0005cc5a5462767426f533d6599bb084e7f829646e5b7a604186945dae,True,2012,True,1a00a5610000327cac1e789ced5d0760,7.9718,little,4,3995
arc-d1f7c72b8cc3eca8,mus-96b5a5e84ad8a35b,41665,96b5a5e84ad8a35b1770314cff3ff24acb0bbb3426d98492407ca2bd522060e5,True,2012,True,1a00a46100008bb6fec0789ced5d0780,7.9729,little,4,3995
arc-d1f7c72b8cc3eca8,mus-7e3ae6e56c54d145,21651,7e3ae6e56c54d145b95476b52736011185c1c9182e64cc4aae9fcf2f293b605b,True,2007,True,001a00002d3b80d529cf789ced9d097c,7.9539,big,4,1085
arc-d1f7c72b8cc3eca8,mus-c114f59d326eaaa3,65128,c114f59d326eaaa33c0efb9e4dcdc37860be29068392038dfbf7faab5e70bdca,True,2003,True,000f00004d85ad6b5b13000400c43011,7.6620,none,0,0
arc-d1f7c72b8cc3eca8,mus-7ee31d3f8a8a8d36,50299,7ee31d3f8a8a8d360c708d55e8e11e1d3236b221ae980c09f16bc5e6f45c4bda,True,2007,True,001a00005a4e552972e6789cedbd099c,7.9466,big,4,0
arc-d1f7c72b8cc3eca8,mus-f82507d2ae24e5e1,29978,f82507d2ae24e5e1c0c0d55b4d255db0b20ddea6388fe0d201a61ba462f19b5f,True,2007,True,001a00003aa69b76b6ac789ced9d0d9c,7.9564,big,4,0
arc-d1f7c72b8cc3eca8,mus-2337de0581570b20,90851,2337de0581570b20102ad5b8d5e6c5b4d2412a3b0ba9feb764038e98f6776e5b,True,2000,False,00010000b15600312661000100000000,3.5685,none,0,0
arc-d1f7c72b8cc3eca8,mus-0803ed9ff26cdbf2,40509,0803ed9ff26cdbf279811989aa68dffc53738e502a7b3aa9dfb7e0d3ed64aaf8,True,2012,True,1a00f25f000010595b80789ced5d0960,7.9687,little,4,3791
arc-d1f7c72b8cc3eca8,mus-c02977c403942321,18181,c02977c4039423217ed1e37246e49dc8eec0673de5eeaa948f62b5c3aefe5a17,True,2007,True,001a000026033e789c88789ced9d0d7c,7.9590,big,4,925
arc-d1f7c72b8cc3eca8,mus-fc731138a978c207,7323,fc731138a978c2073a8685ded4e72c22ef20b1577acb40db313c5c3dd5c75e2b,True,2006,True,000f000016a9af2686d40004fef98311,7.6901,none,0,0
arc-d1f7c72b8cc3eca8,mus-776a981d136668d5,304870,776a981d136668d58567c6288f9f97bb5c26ea0bc9cafd0ed8de0a1679a07f21,True,2012,True,1a00ec9d0100c0b0a2bc789cec7d79a0,7.9593,little,4,25878
arc-d1f7c72b8cc3eca8,mus-3e8a24cc0066b5d3,304870,3e8a24cc0066b5d376dcf5fb31782029751da1c6290f8741ec7d3110fc484e73,True,2012,True,1a00ec9d0100c0b0a2bc789cec7d79a0,7.9593,little,4,25878
arc-d1f7c72b8cc3eca8,mus-12c86c6ee662df29,78830,12c86c6ee662df29c34cf32b9798eacb4a78401226743e1bb7d351bee1461a68,True,2012,True,1a001a8f0000a71bbfd4789cec9d09bc,7.8884,little,4,8873
arc-d1f7c72b8cc3eca8,mus-b2f6527b49d83725,94215,b2f6527b49d83725900ffe5d41c9dbcaea68129c6f02401e661dafefe5cc5cd5,True,2012,True,1a006ca7000032f5448e789cec9d0798,7.9305,little,4,10026
arc-d1f7c72b8cc3eca8,mus-ebcbc7df90aa8e9b,94196,ebcbc7df90aa8e9bd8494a081e7a39a07061ea49ed4c1c56e55ec911bdb90c77,True,2012,True,1a0065a7000085b11c79789cec9d0798,7.9305,little,4,10026
arc-d1f7c72b8cc3eca8,mus-3dd746a6f53d983a,69526,3dd746a6f53d983a1d62448d609d069322bf7aadae8b4c1a1634169839eb4895,True,2012,True,1a003a7b0000747fa009789cecbd09bc,7.8819,little,4,7937
arc-d1f7c72b8cc3eca8,mus-3dd746a6f53d983a,69526,3dd746a6f53d983a1d62448d609d069322bf7aadae8b4c1a1634169839eb4895,True,2012,True,1a003a7b0000747fa009789cecbd09bc,7.8819,little,4,7937
arc-d1f7c72b8cc3eca8,mus-541beac842ec7a76,65347,541beac842ec7a76ab59235c22f046af0eaa9b3dd2a52c82248561c64df30600,True,2012,True,1a006e790000ccadae2d789cecbd07bc,7.8354,little,4,7802
arc-d1f7c72b8cc3eca8,mus-082f4fed7570dad3,64928,082f4fed7570dad31509bd59d826e87b4bc6fb8a0c28856dc9639b08d2093722,True,2012,True,1a00ef77000086b25913789cecbd07b4,7.8296,little,4,7737
arc-d1f7c72b8cc3eca8,mus-83caf375e53cdcf3,94855,83caf375e53cdcf368e3a94cf25eaea63c83e9fc34698ae323c64f2621a17c99,True,2012,True,1a001ca800009d1b2136789cec9d059c,7.9289,little,4,10431
arc-d1f7c72b8cc3eca8,mus-83caf375e53cdcf3,94855,83caf375e53cdcf368e3a94cf25eaea63c83e9fc34698ae323c64f2621a17c99,True,2012,True,1a001ca800009d1b2136789cec9d059c,7.9289,little,4,10431
arc-d1f7c72b8cc3eca8,mus-e9d76f156bda3a41,19317,e9d76f156bda3a4151cf8cc11b488404c835cb955e15c5aba8cf38ea1b3f0b87,True,2006,True,001a00001fd5116a8bdb789ced9d099c,7.8813,big,4,0
arc-d1f7c72b8cc3eca8,mus-ca3bde119d7bbd52,93991,ca3bde119d7bbd52405abbf5d209fa1fc46622491736ce7a3802fbd099fe6160,True,2000,False,0001000089f600312661000100000000,3.6333,none,0,0
arc-d1f7c72b8cc3eca8,mus-19be4fa4268663bd,7669,19be4fa4268663bd0cc096c32c08b5ee3e8b5ca26e28c7e477b340f60446c6d4,True,2005,True,000f000016ee852e0e76000400c43011,7.7114,none,0,0
arc-d1f7c72b8cc3eca8,mus-ea1fd9a095ed3b19,41930,ea1fd9a095ed3b19f3b42b433e979dcc2c0353a841316a3c8c888662076bf20f,True,2012,True,1a00b45f0000b0110b98789ced7d0960,7.9689,little,4,3893
arc-d1f7c72b8cc3eca8,mus-f696da1e473ecc50,104078,f696da1e473ecc504d3267df618ae81e885a6c50183a46b001513385fe91f885,True,2008,True,1a00080d01006c827f42789cecbd7760,7.8938,little,4,7974
arc-d1f7c72b8cc3eca8,mus-e217560ca6bfb574,48373,e217560ca6bfb574c3ebe08328f03f090960b33e4075ce1029fae8143dcc12ea,True,2012,True,1a00836d00000f8486d1789cec5d0960,7.9646,little,4,4410
arc-d1f7c72b8cc3eca8,mus-9073fc0e114c59b8,48373,9073fc0e114c59b82386c06972d6d954b6b6de4376d8b17a81fe4d687df0d517,True,2012,True,1a00836d00000f8486d1789cec5d0960,7.9646,little,4,4410
arc-d1f7c72b8cc3eca8,mus-f0ce6e4404811650,355242,f0ce6e440481165098dacf56d5a4360ba2485d29f8e5e106eefa3a2390b3d99e,True,2000,False,00010002b92600312661000100000000,3.5297,none,0,0
arc-d1f7c72b8cc3eca8,mus-03330afb5994b440,298615,03330afb5994b440e3576ff5f317bb479b811f175a409a741eb5f2a699d1a36c,True,2000,False,00010002429600312661000100000000,3.3749,none,0,0
arc-d1f7c72b8cc3eca8,mus-08ae9ec35af36102,174977,08ae9ec35af361029acad15d7293ad0770dc03e993879265da1a5770b18d107c,True,2005,True,000f00019257aa9b0d17000400c43011,7.6218,none,0,0
arc-d1f7c72b8cc3eca8,mus-a6fd5a8ea59b97e0,255825,a6fd5a8ea59b97e0a28f027369581dce93abbdc283725f88f6ee96b83fa3e53f,True,2007,True,001a000205e4346274a9789cec7d0b9c,7.9666,big,4,17678
arc-d1f7c72b8cc3eca8,mus-0c54e204b88b6266,245688,0c54e204b88b6266480655ffbeabb4fd76665b13cc82ca727224c272b16cb919,True,2007,True,001a0001ff70201ab313789cec7d099c,7.9733,big,4,17468
arc-d1f7c72b8cc3eca8,mus-d478c34ab380898b,215954,d478c34ab380898ba2426fa178b50a68d183c617990e0d663ff1be3a80bf2f4a,True,2005,True,000f00029d46adbdfb90000400c43011,7.5747,none,0,0
arc-d1f7c72b8cc3eca8,mus-65517bc61493b5ff,52271,65517bc61493b5ff3c314edd04d3f73657d2f4bb820be15e3de3fd801f98bf11,True,2012,True,1a0031730000109c491e789cec5d0960,7.9513,little,4,4520
arc-d1f7c72b8cc3eca8,mus-66f52a75d6d09386,52271,66f52a75d6d093861e5daf1bfc88d444807639e3ab6f61d57536fb6777bc7857,True,2012,True,1a0031730000109c491e789cec5d0960,7.9513,little,4,4520
arc-d1f7c72b8cc3eca8,mus-5db82d4e6f8a29ef,132573,5db82d4e6f8a29ef0a5b24aa127a6608bd29035c77cf175e4bf90d4c241d00dd,True,2000,False,00010001256600312661000100000000,3.6015,none,0,0
arc-d1f7c72b8cc3eca8,mus-2de9ec3c4acbf3c1,9999,2de9ec3c4acbf3c1830d64300d201ed2f9dc42a4da4b24b8bec0c97fb7f22767,True,2007,True,001a0000196174e0a273789ced5d7b74,7.9609,big,4,571
arc-d1f7c72b8cc3eca8,mus-dc379f46038bd814,8986,dc379f46038bd8144687123f81cc1762f48a060140ef4b733d8dc2ba5fadc367,True,2012,True,1a00f4180000846f2ee7789ced5d7b70,7.9574,little,4,686
arc-d1f7c72b8cc3eca8,mus-d03d13d73cc2f738,496414,d03d13d73cc2f738e625ba616daceaf70626a41ea805af5a39bb2205f189cc09,True,2012,True,1a00220f0400ef5d6b53789cec7d099c,7.9770,little,4,0
arc-d1f7c72b8cc3eca8,mus-1073eb4bdc972e86,496757,1073eb4bdc972e86374adc1ac7e929ef7b62cf52c9f5856f9365d67d5f8d891e,True,2012,True,1a00631004001ade8a4b789cec7d099c,7.9770,little,4,0
arc-d1f7c72b8cc3eca8,mus-e6f246b54fa0fc52,580131,e6f246b54fa0fc52f2ab6624a8d04348fec9a152db89734944b524f934edcebc,True,2008,True,1a00bbd10300a221d05b789cec5d079c,7.9699,little,4,0
arc-d1f7c72b8cc3eca8,mus-0d45c05cda8ac686,529753,0d45c05cda8ac6861af999e2b02318f3015ef6c854a35cbbcec54cc76c56efd1,True,2012,True,1a0083dd03007aeffe5d789cec5d099c,7.9572,little,4,0
arc-d1f7c72b8cc3eca8,mus-686d6a61b348b1ec,328791,686d6a61b348b1ec7bb06ee559c867c3fe4c60cf8ef4b6d32d6fc8883f40b73e,True,2012,True,1a00e26c0200fe38fb18789cec7d077c,7.9696,little,4,0
arc-d1f7c72b8cc3eca8,mus-ac43f8b6ff3db5cf,99705,ac43f8b6ff3db5cff984bf3f5964751a274baeacfa1001fb71e074bb99515480,True,2012,True,1a0015c00000fd7b5397789cec7d0760,7.9677,little,4,0
arc-d1f7c72b8cc3eca8,mus-ac43f8b6ff3db5cf,99705,ac43f8b6ff3db5cff984bf3f5964751a274baeacfa1001fb71e074bb99515480,True,2012,True,1a0015c00000fd7b5397789cec7d0760,7.9677,little,4,0
arc-d1f7c72b8cc3eca8,mus-9d20b9499e4bd8ea,386742,9d20b9499e4bd8eac2e26de21654f678a8e6e6e865b394d7f97523daf3016d32,True,2008,True,1a000aaa0200ecb6800f789cec7d09bc,7.9640,little,4,0
arc-d1f7c72b8cc3eca8,mus-720cfa447c872c4b,459162,720cfa447c872c4bc3f676c9e73f434c275b5194567e55030f04bee6af455f72,True,2008,True,1a00eef5020054ef9562789cec7d077c,7.9633,little,4,0
arc-d1f7c72b8cc3eca8,mus-a402ec25316a6175,235406,a402ec25316a6175670783e86e90f13e3c834dc495f462c27e49e8aeffb34985,True,2008,True,1a0010ad01009affd786789cec7d79a0,7.9723,little,4,0
arc-d1f7c72b8cc3eca8,mus-2183d9d4022d7dbc,50438,2183d9d4022d7dbc1031af553023d08b7ea4d588f79e25dae234e10a76ca2de1,True,2012,True,1a00d76f0000725b55fd789cec5d0960,7.9427,little,4,2051
arc-d1f7c72b8cc3eca8,mus-a394e55348810cd0,39484,a394e55348810cd01238d5e6178b4c7ecd30b4fa4fe3de7d51b320642400ae83,True,2012,True,1a00a15d0000aa3e5da7789ced7d0760,7.9656,little,4,3816
arc-d1f7c72b8cc3eca8,mus-accea06090ff54f2,39525,accea06090ff54f2af7100b637bd376ef316519027134ba1b91429928c447f5b,True,2012,True,1a00ca5d000006aef2cb789ced7d0960,7.9710,little,4,3818
arc-d1f7c72b8cc3eca8,mus-fc15cd6abcd985b2,63941,fc15cd6abcd985b2213375dfb3adefd6ce9fcbba8d4a8e5d0198e20844e25aa2,True,2012,True,1a004f7d0000a2b94c09789cec9d0760,7.9486,little,4,5483
arc-d1f7c72b8cc3eca8,mus-fc15cd6abcd985b2,63941,fc15cd6abcd985b2213375dfb3adefd6ce9fcbba8d4a8e5d0198e20844e25aa2,True,2012,True,1a004f7d0000a2b94c09789cec9d0760,7.9486,little,4,5483
arc-d1f7c72b8cc3eca8,mus-7d3e3b999fe2b7bc,125692,7d3e3b999fe2b7bc3906e975631f7eaf2a20c5c8cf90715aaa72f545d7d2b471,True,2012,True,1a0042e000004fbbbb50789cecbd079c,7.9251,little,4,4742
arc-d1f7c72b8cc3eca8,mus-689a44b09789585a,124336,689a44b09789585a4ed1ace01d13ab47b66418ca55cdd49b6d494f6194153e3f,True,2012,True,1a00f8dd000049756d43789cecbd079c,7.9270,little,4,4801
arc-d1f7c72b8cc3eca8,mus-d6b6246652da8de8,77734,d6b6246652da8de81aea6099ea7e5712ce5f490079cca2a2a52612d2151ab20f,True,2012,True,1a0078930000b34cd924789cec9d0780,7.9426,little,4,6236
arc-d1f7c72b8cc3eca8,mus-0abd84c1f0ce76db,89589,0abd84c1f0ce76dbeef8098dc6d102c5810dd0a7a452d9365a84f553edb1fedb,True,2012,True,1a00bc960000e3d67235789cecbd0798,7.9232,little,4,6452
arc-d1f7c72b8cc3eca8,mus-0abd84c1f0ce76db,89589,0abd84c1f0ce76dbeef8098dc6d102c5810dd0a7a452d9365a84f553edb1fedb,True,2012,True,1a00bc960000e3d67235789cecbd0798,7.9232,little,4,6452
arc-d1f7c72b8cc3eca8,mus-cdcb31474c9b0aa8,45957,cdcb31474c9b0aa88c9ab72db3ee8d69c0e5df4b9e32d78e0041466ff1e16844,True,2012,True,1a000c57000079839925789ced5d079c,7.9340,little,4,3561
arc-d1f7c72b8cc3eca8,mus-cdcb31474c9b0aa8,45957,cdcb31474c9b0aa88c9ab72db3ee8d69c0e5df4b9e32d78e0041466ff1e16844,True,2012,True,1a000c57000079839925789ced5d079c,7.9340,little,4,3561
arc-d1f7c72b8cc3eca8,mus-187cda7039a399b8,84688,187cda7039a399b8a5da8975370ce3b0998c74ca44a0c04343aec23b6af02692,True,2012,True,1a0006af0000911ba2ea789cecbd0798,7.9363,little,4,0
arc-d1f7c72b8cc3eca8,mus-739eb29ae403ab1d,283347,739eb29ae403ab1d68f78ba13b49ce5cc7efb11f9779d75c61215d0dc64784ab,True,2012,True,1a00e42a020066fc7349789cec5d0b9c,7.9714,little,4,0
arc-d1f7c72b8cc3eca8,mus-d1275a51310c3126,283456,d1275a51310c31266bb19fa5c664b53dbc472c90e7358fbc22a9427d255811a9,True,2012,True,1a00f92a02002c271a48789cec5d0b9c,7.9714,little,4,0
arc-d1f7c72b8cc3eca8,mus-b75c64513068a489,152475,b75c64513068a489bb4f8218e5d128e451d158c82a231904135022d6c2901008,True,2012,True,1a008d1b010075e084b7789cec9d09bc,7.9631,little,4,0
arc-d1f7c72b8cc3eca8,mus-b75c64513068a489,152475,b75c64513068a489bb4f8218e5d128e451d158c82a231904135022d6c2901008,True,2012,True,1a008d1b010075e084b7789cec9d09bc,7.9631,little,4,0
arc-d1f7c72b8cc3eca8,mus-5ec7132c8f73f0c4,267028,5ec7132c8f73f0c409f1b38cfb4e61a12383df7f48a7b70359532eef3d621530,True,2012,True,1a0053bb0100e5379d93789cec7d09bc,7.9773,little,4,0
arc-d1f7c72b8cc3eca8,mus-86dc67ba53adbc71,267074,86dc67ba53adbc713f86b1c8f5bc7577f0d8e8e1b6ff4721b13f81780a67f03b,True,2012,True,1a007abb0100658cf439789cec7d09bc,7.9772,little,4,0
arc-d1f7c72b8cc3eca8,mus-e4c27b3fb1ade709,163658,e4c27b3fb1ade709506e996452a04fffac09b8c95552e094a187cb5eb7d48bf5,True,2012,True,1a003f280100b4601067789cec9d099c,7.9630,little,4,0
arc-d1f7c72b8cc3eca8,mus-4d74cd795d318879,163668,4d74cd795d318879741df20859baf59cd065c733e46d9c5f4a15feb7f55bd15d,True,2012,True,1a003d280100c1b2b341789cec9d099c,7.9630,little,4,0
arc-d1f7c72b8cc3eca8,mus-9ae7f13eca4cd133,302452,9ae7f13eca4cd133404ba9d0a9f043de9b21d9acc3ca709635a1a1114bacbac8,True,2012,True,1a0027160200755c253e789cec7d0b9c,7.9739,little,4,0
arc-d1f7c72b8cc3eca8,mus-70984c8dc5d347ad,302326,70984c8dc5d347ad365f96b68bb213626ba3beb06169cf414d96c43eff72c026,True,2012,True,1a00d21502000fef88c9789cec7d099c,7.9734,little,4,0
arc-d1f7c72b8cc3eca8,mus-ccf54c690b05db32,161599,ccf54c690b05db32b05ac740a51e002f757243ada2ad16db85f59acabd504088,True,2012,True,1a00ce0301007bbc0968789cecbd09bc,7.9379,little,4,11912
arc-d1f7c72b8cc3eca8,mus-4433a8323fd58ea1,160969,4433a8323fd58ea172bf19c9d2e19b24b9ad99e1af7def4ed8adb66b19dc4053,True,2012,True,1a0005020100fb624511789cecbd09bc,7.9397,little,4,11872
arc-d1f7c72b8cc3eca8,mus-97371022798fdd14,44926,97371022798fdd144518ad6d02b65587488334f5289591a992fd8641709ed370,True,2012,True,1a000549000082388376789ced9d079c,7.9455,little,4,3423
arc-d1f7c72b8cc3eca8,mus-77213c6a7fdb33cf,44637,77213c6a7fdb33cf266a44412a0970f1d6402ab7bb7ce872e8a6f7e28d7eaf95,True,2012,True,1a0095480000553e7fe6789ced9d079c,7.9512,little,4,3374
arc-d1f7c72b8cc3eca8,mus-99bd2d8b0769f0ff,50136,99bd2d8b0769f0ffa186693f6782c65b25c6c755b2eecd7cfff7ffa441a4d5c3,True,2012,True,1a00165b0000810143bb789ced9d0760,7.9359,little,4,3624
arc-d1f7c72b8cc3eca8,mus-3ff41f805cfba7df,49990,3ff41f805cfba7df40e836b0abad2b28a2b892b4ab87873ca4731b29740f6a16,True,2012,True,1a00495a0000bab7b8d8789ced9d077c,7.9375,little,4,3626
arc-d1f7c72b8cc3eca8,mus-a9381b06bcbc2611,153289,a9381b06bcbc26112b4872d88f84140e46e04712a985599686bf35a861f058d7,True,2012,True,1a004c080100ba37d9a3789cecbd0778,7.9655,little,4,0
arc-d1f7c72b8cc3eca8,mus-bfc19150fa852f81,152330,bfc19150fa852f8139a430d303c09e80c2151e90e2b3f22930ac0c3aff272c29,True,2012,True,1a009606010076fecc17789cecbd0778,7.9655,little,4,0
arc-d1f7c72b8cc3eca8,mus-3760c97936e1cffb,271001,3760c97936e1cffb69c99d2dc88a04e0e7f0d5b19d989735d4325b7299ff889e,True,2012,True,1a00b2ee01004a87080b789cec7d0bbc,7.9693,little,4,0
arc-d1f7c72b8cc3eca8,mus-8a110f04bef8af70,270508,8a110f04bef8af701d6f88f293edc4e493cc1b7a97c1e487e95201338418d7e4,True,2012,True,1a00cced0100cb58dfb9789cec7d0bbc,7.9660,little,4,0
arc-d1f7c72b8cc3eca8,mus-a69e757fcc6ed6d7,160866,a69e757fcc6ed6d7c5d8520bf003d9435eccd150788cbae823b2f5a99fb815b1,True,2012,True,1a00bf010100767a8f26789cecbd09bc,7.9396,little,4,11867
arc-d1f7c72b8cc3eca8,mus-a69e757fcc6ed6d7,160866,a69e757fcc6ed6d7c5d8520bf003d9435eccd150788cbae823b2f5a99fb815b1,True,2012,True,1a00bf010100767a8f26789cecbd09bc,7.9396,little,4,11867
arc-d1f7c72b8cc3eca8,mus-399d7f88dd41758f,310404,399d7f88dd41758f00ff50a412ebb827f3f8583dc7b1ff29d8f5d4e00b753f41,True,2012,True,1a000c5e0200a049848f789cec7d09bc,7.9799,little,4,0
arc-d1f7c72b8cc3eca8,mus-6bcc859556ce4bc7,169479,6bcc859556ce4bc7ced26fc82e3e13e0ff1644f6275e09ad2cec105b790ffb23,True,2012,True,1a00ef490100dad1475d789cec9d0778,7.9460,little,4,0
arc-d1f7c72b8cc3eca8,mus-90e74d9376b646e1,174826,90e74d9376b646e14c7c048b05c349a8ca1dc665d5a65babc909419732c1777b,True,2012,True,1a0068400100bd140191789cec9d097c,7.9479,little,4,0
arc-d1f7c72b8cc3eca8,mus-714bd2c093d76cf3,152335,714bd2c093d76cf324276f5311593f5130504deb929e043667b5e19fad2139d7,True,2012,True,1a009606010076fecc17789cecbd0778,7.9655,little,4,0
arc-d1f7c72b8cc3eca8,mus-bfc19150fa852f81,152330,bfc19150fa852f8139a430d303c09e80c2151e90e2b3f22930ac0c3aff272c29,True,2012,True,1a009606010076fecc17789cecbd0778,7.9655,little,4,0
arc-d1f7c72b8cc3eca8,mus-c262955a423339b9,234107,c262955a423339b9aea9d9ae6830232953473b97e5b808319611f330e28bac77,True,2012,True,1a0087cd01004aa8d5cf789cec7d09a0,7.9699,little,4,0
arc-d1f7c72b8cc3eca8,mus-ad58b8c5685ec68c,233800,ad58b8c5685ec68cfcf5ee4837879d51a3b07b5694cf9eccafc522d28b35759a,True,2012,True,1a005dcd0100accaa869789cec7d0ba0,7.9675,little,4,0
arc-d1f7c72b8cc3eca8,mus-379a4cc9f02cfd74,127644,379a4cc9f02cfd74373be7abe8dff5c8bf0c9186ddc47d50754bf9903701f55f,True,2012,True,1a000ee50000a6b2ff95789cec9d077c,7.9610,little,4,5107
arc-d1f7c72b8cc3eca8,mus-078cb691686b1495,112794,078cb691686b14952aa56e549f471ae76b21c51589442faf98e2301caba6f06a,True,2012,True,1a008fd100009dfd61ca789cec9d0760,7.9613,little,4,4487
arc-d1f7c72b8cc3eca8,mus-078cb691686b1495,112794,078cb691686b14952aa56e549f471ae76b21c51589442faf98e2301caba6f06a,True,2012,True,1a008fd100009dfd61ca789cec9d0760,7.9613,little,4,4487
arc-d1f7c72b8cc3eca8,mus-84e5d17ab07dc545,269413,84e5d17ab07dc545b5f7a4ad2c33060acb988cb32d1710517ec0a54f85215131,True,2012,True,1a0052ea0100aea9b2ab789cec7d0bbc,7.9672,little,4,0
arc-d1f7c72b8cc3eca8,mus-330e09538d5d5759,269476,330e09538d5d5759957d1cc765789638337ff128e56ee0237270a8ed27805346,True,2012,True,1a0091ea01005dbb467a789cec7d0bbc,7.9671,little,4,0
arc-d1f7c72b8cc3eca8,mus-fa0f15fa0f47b5dd,174710,fa0f15fa0f47b5dde9652c2f06ade1b4db5e14974ec6a080ca36b60359c252fc,True,2012,True,1a00405a010049783e4c789cecfd0760,7.9739,little,4,0
arc-d1f7c72b8cc3eca8,mus-804cd8178d183c26,112167,804cd8178d183c266678972f046aead59a5fbad6063f3cd6d8f0b7bd10deccc6,True,2012,True,1a0079d00000e84545ea789cecbd0760,7.9589,little,4,9113
arc-d1f7c72b8cc3eca8,mus-2efe8995c37b25ba,232379,2efe8995c37b25ba52099d993b54fbaf93fd7f2cae2c408187464f5b71ca2585,True,2012,True,1a0021da01007df62650789cec5d0b9c,7.9724,little,4,0
arc-d1f7c72b8cc3eca8,mus-59c64791a6105989,274130,59c64791a6105989702865e932bb0c8e5ddf429d706fcdd2535512f7d4341baf,True,2012,True,1a00c10b0200ddb10eb6789cec7d09bc,7.9689,little,4,0
arc-d1f7c72b8cc3eca8,mus-23d642a6872c332b,89756,23d642a6872c332b505d45340c6d514b5fd5fd21211b012ad12725965a58dadf,True,2012,True,1a0074b70000c01ef22e789cec7d0960,7.9481,little,4,7852
arc-d1f7c72b8cc3eca8,mus-cec52969cddb24b2,89753,cec52969cddb24b2be1261dc294b8118ef79e64f29553bface1d94da35024fab,True,2012,True,1a0074b70000c01ef22e789cec7d0960,7.9481,little,4,7852
arc-d1f7c72b8cc3eca8,mus-c38ddd4fe9fb962d,451116,c38ddd4fe9fb962d9d89592fbf43c50ca47fd3090df1721a072a306eed33d133,True,2012,True,1a00e46e03008d45d5e4789cec5d099c,7.9638,little,4,0
arc-d1f7c72b8cc3eca8,mus-c7613a83abad3648,398694,c7613a83abad364820de29c16825e4ae582aad7847818c75a2b479d9cc0e2da5,True,2012,True,1a005108030026d00944789cec7d099c,7.9537,little,4,0
arc-d1f7c72b8cc3eca8,mus-186a19f3b541ff4d,384279,186a19f3b541ff4dbfa3bb4967083d5da9492d70013a8e8c397d4e87017905d1,True,2012,True,1a0005f70200cad4cdfe789cec7d099c,7.9536,little,4,0
arc-d1f7c72b8cc3eca8,mus-fcb3d631b9d73eb5,384260,fcb3d631b9d73eb5e79bc96b4601afece0b41beb72ea7f651beb3807559b3850,True,2012,True,1a0005f70200cad4cdfe789cec7d099c,7.9536,little,4,0
arc-d1f7c72b8cc3eca8,mus-03fa7a86d6bf7657,288175,03fa7a86d6bf76575f7cb438243be0ad189ae30bab47b29e9c54a5a8f07e5bb1,True,2012,True,1a00522b0200ed52a9f0789cec5d7ba0,7.9672,little,4,0
arc-d1f7c72b8cc3eca8,mus-7104449dccd5eca2,287813,7104449dccd5eca2d72f10b9031d1b6f6ee36fa4d8500d034b753d74b5884ad0,True,2012,True,1a005c2a0200f842f756789cec5d7da0,7.9682,little,4,0
arc-d1f7c72b8cc3eca8,mus-114cf7f488a4b2c9,5004,114cf7f488a4b2c93e999af26bce7772000d2c582639e656b8568a198521fa30,True,2006,True,000f0000090407c38a7a0004fef98311,7.3519,none,0,0
arc-d1f7c72b8cc3eca8,mus-9d4215f01415d086,78031,9d4215f01415d086b262fded16e87124ff04f54c8111224892e1f1b64762d745,True,2006,True,000f000089c4b63191490004fef98311,7.5768,none,0,0
arc-d1f7c72b8cc3eca8,mus-8a0c138aab00bc36,70269,8a0c138aab00bc36fa75dc245703c871f73b50b1dcddfc7e0d353f4394041a1a,True,2008,True,1a00bc5f000075832ecc789cecbd0798,7.9357,little,4,5423
arc-d1f7c72b8cc3eca8,mus-914facfa689fd2f7,265117,914facfa689fd2f713ca138899924260c9a6bf5174467a8b31e31967d5c86f4a,True,2005,True,000f00025f7ae48923c3000400c43011,7.5895,none,0,0
arc-d1f7c72b8cc3eca8,mus-ee29ced1f4e42684,121004,ee29ced1f4e42684eaac3e91c44308cca95d1ea61c7c07bc6951d0fd40d8d84d,True,2005,True,000f0001146e3b697264000400c43011,7.5787,none,0,0
arc-d1f7c72b8cc3eca8,mus-296f7491c515a265,116813,296f7491c515a265b8c932626536a77704a31f31ab0178072589145abf855d16,True,2005,True,000f00010df06f05692a000400c43011,7.5971,none,0,0
arc-d1f7c72b8cc3eca8,mus-e7509d1af3abaf2d,55381,e7509d1af3abaf2dbd4a25ac323ef1bc301b4ef0ac5e686909265fa36e4ae261,True,2005,True,000f00008574df260bb9000400c43011,7.5913,none,0,0
arc-d1f7c72b8cc3eca8,mus-d6e9be1ea8ab9ebe,239491,d6e9be1ea8ab9ebeeadb5630b4bc8e72e5512db229c5cb20de7924cd4635ac63,True,2005,True,000f00021c1f64fe55e9000400c43011,7.6474,none,0,0
arc-d1f7c72b8cc3eca8,mus-6e8913bce8dbc8ea,164878,6e8913bce8dbc8ea37324f355fa7d2bb2bce0808eb24abe278206bc60116fc42,True,2005,True,000f0001f0695407eb96000400c43011,7.5374,none,0,0
arc-d1f7c72b8cc3eca8,mus-ba3c0ed11c3487a9,122050,ba3c0ed11c3487a95783b752645848dde520cebb2b698d9fc3244570c4b59b2b,True,2005,True,000f0001530d4d95551b000400c43011,7.6230,none,0,0
arc-d1f7c72b8cc3eca8,mus-effebcc213db952d,113653,effebcc213db952d64d31987ce724e373f6099dad45a59919e2c51faf9d89803,True,2005,True,000f00012b6199a578e9000400c43011,7.5920,none,0,0
arc-d1f7c72b8cc3eca8,mus-54003ebdde29c15e,102639,54003ebdde29c15e2067106bfb32ada2483b4b019df39a026babebf889f620b7,True,2005,True,000f0000ff89d56a1f4b000400c43011,7.6214,none,0,0
arc-d1f7c72b8cc3eca8,mus-4175f1fea889c54b,48923,4175f1fea889c54be233fb8ad1f7751055ce6e01bdcf6b44efc87ae3f1c6b85a,True,2012,True,1a00ef75000035824435789cec5d0960,7.9619,little,4,1793
arc-d1f7c72b8cc3eca8,mus-8123a222a34a4ae3,48952,8123a222a34a4ae3f4574df29f63cd87f8b6adcc8ce467be48c4dc824829d544,True,2012,True,1a000c76000002de4b60789cec5d0960,7.9579,little,4,1793
arc-d1f7c72b8cc3eca8,mus-7ba08a01d6210757,39935,7ba08a01d62107572166644160ed774ede71a5b79696b7a50d9bef982781d48b,True,2012,True,1a00d75e000044280966789ced7d0760,7.9702,little,4,3849
arc-d1f7c72b8cc3eca8,mus-486ad47bc1af92ae,41082,486ad47bc1af92ae415563453ae9a6f40a49c917d68c6babaf0c5a7b37110819,True,2012,True,1a00d861000010f38e2e789ced5d0980,7.9741,little,4,3969
arc-d1f7c72b8cc3eca8,mus-6553e6902c07409a,257720,6553e6902c07409a429e67660ad643462a071670b601d0afe4d6ac0b0e3a6e68,True,2007,True,001a000202e7b9015f97789cec7d0978,7.9738,big,4,17446
arc-d1f7c72b8cc3eca8,mus-fc523122538baca8,219384,fc523122538baca8866bfb3f9921bb22abfb314a8ed4a6bd8c76283ae4063a71,True,2007,True,001a0001d10551706ccd789cec7d079c,7.9677,big,4,16215
arc-d1f7c72b8cc3eca8,mus-b62217245db6855d,227808,b62217245db6855db3992801bd4677ff639c239aab1a86e4021d029ce48d35f6,True,2007,True,001a0001dbf6c0c521db789cecbd097c,7.9704,big,4,16536
arc-d1f7c72b8cc3eca8,mus-3bf7b0b4642cb493,15320,3bf7b0b4642cb49331fe4f7f68a5c3096976206311f54e5f91014be4a7edafe3,True,2008,True,1a0006220000b1e081bf789ced9d0d7c,7.8645,little,4,1174
arc-d1f7c72b8cc3eca8,mus-42381fd1ba61e734,17311,42381fd1ba61e734fd6ef8f640f4327786de54f61dabb19341f108b8bbbe5345,True,2008,True,1a00c3210000cd4e9672789ced9d0960,7.9434,little,4,1138
arc-d1f7c72b8cc3eca8,mus-1d7e0c445793c745,40707,1d7e0c445793c74577be97b986d726b5af897f2054da588796affae62ed8d272,True,2012,True,1a00e55d0000467c59cf789ced7d0760,7.9667,little,4,3865
arc-d1f7c72b8cc3eca8,mus-ac60c6452b5686b7,40707,ac60c6452b5686b7a58b679e977221c6b307ee4af149c416bcccf7d197d8b49a,True,2012,True,1a00e55d0000467c59cf789ced7d0760,7.9667,little,4,3865
arc-d1f7c72b8cc3eca8,mus-7ab2fe7f90677dd3,59442,7ab2fe7f90677dd35689b0c3835a0a1a8751db9dee8e5e401fcd7d4e0f193ab5,True,2012,True,1a00d37900008b4ed91b789cec5d0980,7.9636,little,4,0
arc-d1f7c72b8cc3eca8,mus-e631ca39212bab4a,59528,e631ca39212bab4ac31175876d48b79d50e3796a8a081cd7c8fb047a89add664,True,2012,True,1a00297a00002d6d1ce1789cec5d0980,7.9634,little,4,0
arc-d1f7c72b8cc3eca8,mus-516d7830f69b2be7,43148,516d7830f69b2be79d2ac357cc0ab1e8f39491603a79fe5299e40164ee0f7627,True,2012,True,1a0008620000ff1218f5789ced5d0960,7.9638,little,4,4009
arc-d1f7c72b8cc3eca8,mus-29cf0d7246c4c02f,45681,29cf0d7246c4c02f1a74e0e78291702c4232dbdc72134520b46f57a8b2a042ce,True,2012,True,1a0067640000678c337b789ced5d0960,7.9668,little,4,4169
arc-d1f7c72b8cc3eca8,mus-46907297ae3d2d2c,79856,46907297ae3d2d2c6205448d8cf5610c4f229418871c8f642d14ec765da95bfe,True,2012,True,1a002bab000040addbec789cec5d0980,7.9532,little,4,3071
arc-d1f7c72b8cc3eca8,mus-c387c19705ad7e1f,77443,c387c19705ad7e1fa2248cdeee7d03c01ec9d34e43ad3aa7e36bf5a5da6a7d7e,True,2012,True,1a009ea00000986f99b4789cec5d0960,7.9475,little,4,3104
arc-d1f7c72b8cc3eca8,mus-63c5b349cb46d87a,42493,63c5b349cb46d87a31ba2fb1710b177e1601a4d9363d4020de4779ac1ffebbb3,True,2012,True,1a00726100007d7aaae4789ced5d0960,7.9690,little,4,3910
arc-d1f7c72b8cc3eca8,mus-0ef1987f3df413ba,42493,0ef1987f3df413ba18cbafd348aeb4d3817c556233f771df44665115a2255225,True,2012,True,1a00726100007d7aaae4789ced5d0960,7.9690,little,4,3910
arc-d1f7c72b8cc3eca8,mus-cfab8a46ed5c3064,684694,cfab8a46ed5c30647c7a993f3e3b7666f34d725ad55c7749773570065ff8e96f,True,2005,True,000f0003c87b709d3c5c000400c43011,7.6783,none,0,0
arc-d1f7c72b8cc3eca8,mus-04224ff273ea7d1f,71819,04224ff273ea7d1f8533df426ffc62cea0418c2993ee646d2c2b84be2632af07,True,2012,True,1a0082630000eda99cb3789ced5d0960,7.9705,little,4,3926
arc-d1f7c72b8cc3eca8,mus-4dfa999ef86f0239,14341,4dfa999ef86f02391b852a041715030f427efb5e8174be57429d76af4ae43ceb,True,2007,True,001a00001de249a09a24789ced9d0b7c,7.9553,big,4,767
arc-d1f7c72b8cc3eca8,mus-fe2aafdaa2f90d6c,338388,fe2aafdaa2f90d6c851b868b59ca20443184e260042736387a2f859fb21ef5f0,True,2005,True,000f00031adf66d0b015000400c43011,7.6393,none,0,0
arc-d1f7c72b8cc3eca8,mus-d29ef08dc42eca20,63945,d29ef08dc42eca208668b4a80b2b897179b1d6efb1cd2a983deeeefd2b94483e,True,2007,True,001a000094d913a93300789cec7d0798,7.9357,big,4,4901
arc-d1f7c72b8cc3eca8,mus-54cdcaf5eb276031,75906,54cdcaf5eb276031ecacc2f7f93b17cabd8edde92d62c08ebf107067f6eea41d,True,2005,True,000f0000d323674918f7000400c43011,7.5442,none,0,0
arc-d1f7c72b8cc3eca8,mus-e25cf21bbc91a90d,73470,e25cf21bbc91a90de2dff33fee2b4be4c921cef5c36a935d4b587cf80e20e837,True,2005,True,000f0000cd686ab8d775000400c43011,7.5295,none,0,0
arc-d1f7c72b8cc3eca8,mus-a800202fe526d6ba,177830,a800202fe526d6ba3a92fb8fb475fd78fbfce385435cf141ba0443fa8cefb23a,True,2005,True,000f0001986001e88195000400c43011,7.6305,none,0,0
arc-d1f7c72b8cc3eca8,mus-729fe738d3ce3b4c,222441,729fe738d3ce3b4cff4eeba5738812200c9cfb43b2421c808743ca88c75a07ec,True,2007,True,001a0001d84bac3632c9789cec7d079c,7.9508,big,4,16671
arc-d1f7c72b8cc3eca8,mus-0da6eebb3554e5b1,189991,0da6eebb3554e5b1f8c15adcd9f2dac5edaef52c250200be56a72ede3b5eb039,True,2007,True,001a000196ec188b95d5789cec5d77bc,7.9285,big,4,15286
arc-d1f7c72b8cc3eca8,mus-37258935b4aa7310,191414,37258935b4aa7310b1e800990ee462074daa0ee3d141c81548b3d1e98e8dab5e,True,2007,True,001a0001997db26029ea789cec5d779c,7.9103,big,4,15309
arc-d1f7c72b8cc3eca8,mus-5ee6f661d2af859e,123040,5ee6f661d2af859ea28cabada0a28410d6f86bc6d3a018482f930a430f818eae,True,2006,True,000f00010387982ca6a60004fef98311,7.6774,none,0,0
arc-d1f7c72b8cc3eca8,mus-4e74ea0143b6847e,79500,4e74ea0143b6847eb9cb796985ef1935a060a479716761727fc482c45603547e,True,2005,True,000f0000db6806290d97000400c43011,7.5535,none,0,0
arc-d1f7c72b8cc3eca8,mus-df77a9fb180176b2,58018,df77a9fb180176b20dbd06f038384d38eca4dbf425baa731d884dacd4884193a,True,2007,True,001a000089aad8d8979b789cec7d0798,7.9002,big,4,4783
arc-d1f7c72b8cc3eca8,mus-ccbdb81e8533ad8b,212732,ccbdb81e8533ad8bdfb76d6f712635ca16fa5b30a0269558b5d3bb64ce430fa5,True,2012,True,1a0051460100de5fb581789cecbd0bbc,7.9723,little,4,12542
arc-d1f7c72b8cc3eca8,mus-04555a76ead7e711,162037,04555a76ead7e7116ba79a51b89eed270a8e1877f4ca8eb84d06395231202e2d,True,2012,True,1a007efe000014cedcbb789cecbd09bc,7.9413,little,4,11883
arc-d1f7c72b8cc3eca8,mus-81bf8644f901b86e,1485322,81bf8644f901b86ec7873b173a00021d5107277b8450e14acdee704378e0c97f,True,2000,False,00010007bfe600302661000d00000000,3.6370,none,0,0
arc-d1f7c72b8cc3eca8,mus-e210d9e6444d74c7,185080,e210d9e6444d74c753e3dbc438681ca677b016866a0771b38477de558b8185cd,True,2008,True,1a006c24010077ea6bc2789cecbd09bc,7.9598,little,4,0
arc-d1f7c72b8cc3eca8,mus-16ed66b32bd484b6,165960,16ed66b32bd484b69ebcec87bbd52bff8155818f5802154c17a8ef69a22e5968,True,2012,True,1a00121a01000aa2acf6789cecfd099c,7.9543,little,4,6314
arc-d1f7c72b8cc3eca8,mus-d0303d285a5d674f,305936,d0303d285a5d674fae3058c5892f76d4183301ad32e7a387d9b016a526d1a179,True,2005,True,000f00019f7bd425e978000400c43011,7.6779,none,0,0
arc-d1f7c72b8cc3eca8,mus-140094eefee87955,242180,140094eefee8795514a8d5b9a8017c060a550581c03430cbe9cdb000a5c457db,True,2005,True,000f00017a7aa5138724000400c43011,7.6778,none,0,0
arc-d1f7c72b8cc3eca8,mus-260f61c76a8ce168,124523,260f61c76a8ce1680f219f763b96ef9b3863011e9f25d2e9dfde4ff5a07fb16a,True,2012,True,1a009ff700009bdfd297789cec9d099c,7.9446,little,4,4909
arc-d1f7c72b8cc3eca8,mus-260f61c76a8ce168,124523,260f61c76a8ce1680f219f763b96ef9b3863011e9f25d2e9dfde4ff5a07fb16a,True,2012,True,1a009ff700009bdfd297789cec9d099c,7.9446,little,4,4909
arc-d1f7c72b8cc3eca8,mus-3c4d0f1d8432c115,78382,3c4d0f1d8432c11577be3b5cc0eaba009e02b08844de8ac02c564d8d309caf1e,True,2012,True,1a002b8a0000123b9590789cec9d0798,7.9092,little,4,5498
arc-d1f7c72b8cc3eca8,mus-1f60af36b3a3b176,461769,1f60af36b3a3b17630fe8a9d47055fd6be64ff7f2f88c71faf6901f716726f73,True,2012,True,1a0035b90300a8af1f91789cec7d077c,7.9684,little,4,13855
arc-d1f7c72b8cc3eca8,mus-194f1a2bb435d091,78513,194f1a2bb435d091f9dfb2a4a4dae287255e1c354a95c605feda6a40fc6a763d,True,2012,True,1a004a8a00009356c45b789cec9d0798,7.9093,little,4,5513
arc-d1f7c72b8cc3eca8,mus-ceb79e02e9642f9d,94874,ceb79e02e9642f9d00df934c2df7a1a594cb0440af063f471f5ed1cbfa305b18,True,2012,True,1a00a2b50000d056db09789cec7d0760,7.9700,little,4,3869
arc-d1f7c72b8cc3eca8,mus-aabf4a28b0cfa2d4,94899,aabf4a28b0cfa2d4064e0160a0e9d541e2464fe172c4f3c5f7f86d68ab613c01,True,2012,True,1a009cb500001430c6d4789cec7d0760,7.9699,little,4,3873
arc-d1f7c72b8cc3eca8,mus-0a35ab4735e3b5df,74404,0a35ab4735e3b5df2935acabd42049e7ab31eb3f43fc9444694b8aced059d82d,True,2008,True,1a003a7a00005739407b789cec7d0980,7.9574,little,4,2807
arc-d1f7c72b8cc3eca8,mus-3b1343995cd21fd5,86108,3b1343995cd21fd5d2bb0c706f2bc146aa532792bccd4d62cd6da0c1e47a7508,True,2012,True,1a0078ac00003b2f0b6d789cec9d0980,7.8967,little,4,8086
arc-d1f7c72b8cc3eca8,mus-6c636efebe9d5551,41851,6c636efebe9d555192f971787d8a2eb28173666511c58132818ebfd90f395b5f,True,2012,True,1a00c7600000187ca354789ced7d0960,7.9705,little,4,3963
arc-d1f7c72b8cc3eca8,mus-cc9de5dbb5a06f9f,42084,cc9de5dbb5a06f9f4555bfcf441304dc6b18c5b3870ee09cf213df5e3ba8c3f6,True,2012,True,1a00ea600000a4bd0331789ced7d0960,7.9716,little,4,3972
arc-d1f7c72b8cc3eca8,mus-8dab604514a4c9cf,59057,8dab604514a4c9cfb46a6049ffae86d5ec576b4265d374ead5ff077604c30304,True,2012,True,1a008d6e000013dd8cfc789cec5d0980,7.9509,little,4,4893
arc-d1f7c72b8cc3eca8,mus-acab6f3290bce832,59057,acab6f3290bce8329adf64a2827ddf53da8a149bc3814ea9e129e5dedd028abe,True,2012,True,1a008d6e00001bd40cda789cec5d0980,7.9508,little,4,4893
arc-d1f7c72b8cc3eca8,mus-f780d407b04e9ab5,56912,f780d407b04e9ab5367885ab0f7b5d0502d1aaa114dad83bab0fab62a7baa39e,True,2012,True,1a00f56d0000598f053e789cec5d0980,7.9500,little,4,4737
arc-d1f7c72b8cc3eca8,mus-ef30114b7d5600c9,75439,ef30114b7d5600c94cb7641d6e86b9d7b6cb2fd78c7b4a16d7f50a90095c623a,True,2012,True,1a000d890000a3df1ce3789cec9d0960,7.9285,little,4,6684
arc-d1f7c72b8cc3eca8,mus-4ace82a3d981e7a8,75439,4ace82a3d981e7a81b044df48adcbaa16d933bd99d418f066b5bf6d6e49d646b,True,2012,True,1a000d890000a3df1ce3789cec9d0960,7.9285,little,4,6684
arc-d1f7c72b8cc3eca8,mus-271cf68813bc62c5,59245,271cf68813bc62c5aee4b508a9e48cef583cbfacc742d4bf1366e39efa44c685,True,2012,True,1a001c7300004a544da3789cec7d0b60,7.9486,little,4,5043
arc-d1f7c72b8cc3eca8,mus-787a4272758d925c,59245,787a4272758d925c7a7b1a215d9f09c82c075db6a67115960a73dd61ec1ee674,True,2012,True,1a001c7300004a544da3789cec7d0b60,7.9486,little,4,5043
arc-d1f7c72b8cc3eca8,mus-1c53ab49027eb35d,42115,1c53ab49027eb35d0ddf48d8e0c3017554bfd77d6001e08fe598c96333c8b68b,True,2012,True,1a0030610000d82df46f789ced7d0960,7.9710,little,4,3997
arc-d1f7c72b8cc3eca8,mus-38a9b50f125ebe7e,42189,38a9b50f125ebe7e712117e0ec7ed5ba8a09690f1624c3fd2687289a6b7ae917,True,2012,True,1a0065610000d912d06a789ced7d0760,7.9694,little,4,4001
arc-d1f7c72b8cc3eca8,mus-67a088418fac10dc,41128,67a088418fac10dcfaa63d33552d2a7c6a806cab941613f0ed0707756a4d91cf,True,2012,True,1a00746000000c729dd2789ced5d0960,7.9660,little,4,3970
arc-d1f7c72b8cc3eca8,mus-67a088418fac10dc,41128,67a088418fac10dcfaa63d33552d2a7c6a806cab941613f0ed0707756a4d91cf,True,2012,True,1a00746000000c729dd2789ced5d0960,7.9660,little,4,3970
arc-d1f7c72b8cc3eca8,mus-f99412fa924e7fe8,124852,f99412fa924e7fe829a413cdc6e3f7c0c5ec1dca6c5d47ca3882088a6453d99f,True,2012,True,1a0061f700002c62a634789cec9d0778,7.9436,little,4,5010
arc-d1f7c72b8cc3eca8,mus-f99412fa924e7fe8,124852,f99412fa924e7fe829a413cdc6e3f7c0c5ec1dca6c5d47ca3882088a6453d99f,True,2012,True,1a0061f700002c62a634789cec9d0778,7.9436,little,4,5010
arc-d1f7c72b8cc3eca8,mus-db499730eceec3fe,94794,db499730eceec3fef7f2c956c8f986be0cc4240a07a9fa5adb33a47c0b1a0839,True,2012,True,1a0066b50000e9dc7b55789cec7d09a0,7.9704,little,4,3869
arc-d1f7c72b8cc3eca8,mus-d13ba896646bd222,94899,d13ba896646bd2223d0d5337020cf36b2168ea4c481c8f7dfff1c9f6ed11bc4f,True,2012,True,1a009cb50000396fc457789cec7d0760,7.9692,little,4,3873
arc-d1f7c72b8cc3eca8,mus-c6eab1ce4391eb62,27120,c6eab1ce4391eb6200d345fc311af9c266501289ecb5415b547118cdc2b10b8a,True,2005,True,000f00003468324946e5000400c43011,7.6052,none,0,0
arc-d1f7c72b8cc3eca8,mus-b768700c61596826,24911,b768700c615968260c5de05c32ba30d929f518e187776e62a6c3e68f9f8fd24a,True,2006,True,000f000031bca78d65220004fef98311,7.6177,none,0,0
arc-d1f7c72b8cc3eca8,mus-2d41f1c5325de1d0,54034,2d41f1c5325de1d051f631d062acec0e6b80653a087d2bbbf0e61d9157f1d546,True,2007,True,001a0000688db64d9b53789cecbd797c,7.9681,big,4,1982
arc-d1f7c72b8cc3eca8,mus-066a716a58431e61,116363,066a716a58431e6181ff6864b9b3ebbeb750dbe225efa3dff59546ae448c9078,True,2005,True,000f0000acb77fa581b2000400c43011,7.6225,none,0,0
arc-d1f7c72b8cc3eca8,mus-55aee1e3b8e27f4c,55757,55aee1e3b8e27f4c177799f752c852adeda855dce109439676b643afb7eb65e1,True,2006,True,000f00005d541713fe080004fef98311,7.6150,none,0,0
arc-d1f7c72b8cc3eca8,mus-be1b1363d8e2e5a9,82740,be1b1363d8e2e5a983a1cd3774de34afc01cd8221623aad02a6044b65a77cd09,True,2005,True,000f00009cef9b82c65d000400c43011,7.4635,none,0,0
arc-d1f7c72b8cc3eca8,mus-2efeeaea6e8c3c07,38852,2efeeaea6e8c3c078b1a673c7cc16936fdd50ffd98ef25daa8b1ba9be7a84fd5,True,2007,True,001a00003c6c44a19ac4789ced7d797c,7.9654,big,4,1542
arc-d1f7c72b8cc3eca8,mus-903652d739f1df60,36184,903652d739f1df609055e427b6fd34553b240ded9da731f384aa351e7e4f8bdc,True,2012,True,1a008b420000d7fd2ddc789ced9d097c,7.9444,little,4,2727
arc-d1f7c72b8cc3eca8,mus-c76a49cf14cfebe1,36182,c76a49cf14cfebe1b134721135dfa84db4ade4a54d76d3a09cda8821d0859147,True,2012,True,1a008942000004b9a0be789ced9d097c,7.9455,little,4,2727
arc-d1f7c72b8cc3eca8,mus-6555e18377c48b6a,124800,6555e18377c48b6ad806357f14b425f2f0890dd6664b9636e761dea372d57af1,True,2007,True,001a0000c6422b53091e789cecbd0994,7.9661,big,4,3453
arc-d1f7c72b8cc3eca8,mus-9e9313db5295fe85,46071,9e9313db5295fe85107c4b32a8c450a5ba72180a5ce05d805639e6ee0e82090e,True,2012,True,1a006e570000bd461296789ced9d079c,7.9477,little,4,3459
arc-d1f7c72b8cc3eca8,mus-9e9313db5295fe85,46071,9e9313db5295fe85107c4b32a8c450a5ba72180a5ce05d805639e6ee0e82090e,True,2012,True,1a006e570000bd461296789ced9d079c,7.9477,little,4,3459
arc-d1f7c72b8cc3eca8,mus-47a15161a7b401a1,46065,47a15161a7b401a182b5c390d3222294aea74818c21141bb086da9cb41498ba1,True,2012,True,1a006b570000a31df613789ced9d079c,7.9517,little,4,3459
arc-d1f7c72b8cc3eca8,mus-47a15161a7b401a1,46065,47a15161a7b401a182b5c390d3222294aea74818c21141bb086da9cb41498ba1,True,2012,True,1a006b570000a31df613789ced9d079c,7.9517,little,4,3459
arc-d1f7c72b8cc3eca8,mus-afed7d333207d3f1,46072,afed7d333207d3f13cc7518f1e13fe63065abbe29fc734aa97523f8aa0f5dabd,True,2012,True,1a006f5700001bdc5787789ced9d079c,7.9496,little,4,3459
arc-d1f7c72b8cc3eca8,mus-06a5961128dac83d,51818,06a5961128dac83d8b771f722a221fc957fef905c77330213e027a5b8a4e0959,True,2007,True,001a0000597b2608829b789cedbd0b9c,7.9595,big,4,1558
arc-d1f7c72b8cc3eca8,mus-fb0cd6f028cbff01,50842,fb0cd6f028cbff01723a9ceb40ec8850c00c9b2d9c52f9b4870d7027e8d5f7fd,True,2012,True,1a00ef600000d7459224789cec7d097c,7.9567,little,4,2783
arc-d1f7c72b8cc3eca8,mus-fb458589931f35ac,32653,fb458589931f35ac691373d681c792b5477e2168a399059360eb39539523db57,True,2006,True,000f0000391c65c032710004fef98311,7.6051,none,0,0
arc-d1f7c72b8cc3eca8,mus-9ccfc49e4a968324,28925,9ccfc49e4a9683246f0ee647de2da683a61c6e707fae6b9d3639665ce2f5b858,True,2012,True,1a00d7370000ed83e5d4789ced7d0960,7.9719,little,4,2419
arc-d1f7c72b8cc3eca8,mus-4c75dfe49da42598,28926,4c75dfe49da425980392b99bcb3260622212cdb33caf6e1543c59c6158689ea4,True,2012,True,1a00d7370000ed83e5d4789ced7d0960,7.9719,little,4,2419
arc-d1f7c72b8cc3eca8,mus-a5be5ad42039d476,28876,a5be5ad42039d4760ffa142cdc5ea8dd92818470b87dbb5a3e6f0ee10f02f0c8,True,2012,True,1a00d1370000c6d85bf7789ced7d0960,7.9730,little,4,2418
arc-d1f7c72b8cc3eca8,mus-ca7e1aed45bb0941,28875,ca7e1aed45bb0941b409bd51a7150844a2b5f459d48f92bc7086e77778a91474,True,2012,True,1a00cd37000097e608dd789ced7d0960,7.9695,little,4,2418
arc-d1f7c72b8cc3eca8,mus-f14391e286de3f1a,294690,f14391e286de3f1a2c95e073fa971ee71a64ac040370ca8170c7b6ca15286264,True,2008,True,1a0053fe0100d9b14c33789cecbd0980,7.9778,little,4,11729
arc-d1f7c72b8cc3eca8,mus-f327184546576aae,157175,f327184546576aae4259ad9390aad10a2ca7c2c9289b3751d03cd1a9377d0897,True,2007,True,001a00011f8abbb67844789cecbd099c,7.9634,big,4,0
arc-d1f7c72b8cc3eca8,mus-95c6714392b476a1,28329,95c6714392b476a19ed5e51f49c7920c9e4be32abd041997414e22de352631ac,True,2005,True,000f000035782166e2e0000400c43011,7.6124,none,0,0
arc-d1f7c72b8cc3eca8,mus-82109e3d9b0beb7b,90392,82109e3d9b0beb7bb69a3f52b2e25dae3edd31aed5aa5f1d3405af39b868584e,True,2005,True,000f00007f48599779ad000400c43011,7.5917,none,0,0
arc-d1f7c72b8cc3eca8,mus-50719ff5d37bed31,85204,50719ff5d37bed31047ea866d60f590b6bde227161c030c0ac0973284043b1b9,True,2005,True,000f00009e75ab4776b1000400c43011,7.4671,none,0,0
arc-d1f7c72b8cc3eca8,mus-0273bb555e96efb8,221487,0273bb555e96efb86b3ca3474e2d568d1a6a76d6296ad8fe9e07cf910bdc46b9,True,2008,True,1a00cf9401009977fca0789cec5d79a0,7.9786,little,4,0
arc-d1f7c72b8cc3eca8,mus-31a428f3b63756c3,295409,31a428f3b63756c3c2ab8d03d6823815514e72fcc187c42601cf05ae0fb5ad59,True,2008,True,1a0067fe0100226a6419789cecbd0980,7.9791,little,4,0
arc-d1f7c72b8cc3eca8,mus-bb5833bc4cbabe2a,7008,bb5833bc4cbabe2a0b85284bd79a5aecacb4cfa7dbb405106d6c6c1e815a4b02,True,2003,True,000f000016137de368f8000400c43011,7.6844,none,0,0
arc-d1f7c72b8cc3eca8,mus-8ff1e13794f694ee,40362,8ff1e13794f694ee5f452e636075d147c7602f75e066aa8bf86ac20399380e01,True,2012,True,1a002f5f0000bda226b5789ced7d0760,7.9689,little,4,3878
arc-d1f7c72b8cc3eca8,mus-0fe1afdb26fad32b,40064,0fe1afdb26fad32b430dea66bcb4bc66fa948b2867784722b6eeff34059d81c0,True,2012,True,1a00085f0000b87debe3789ced7d0960,7.9687,little,4,3869
arc-d1f7c72b8cc3eca8,mus-f106150fbc6a589d,42489,f106150fbc6a589dc5dff8842f89a346c55860c4bcf9be504adcedb041ab7479,True,2012,True,1a00a95f0000ac61d4ba789ced7d0980,7.9684,little,4,3966
arc-d1f7c72b8cc3eca8,mus-f106150fbc6a589d,42489,f106150fbc6a589dc5dff8842f89a346c55860c4bcf9be504adcedb041ab7479,True,2012,True,1a00a95f0000ac61d4ba789ced7d0980,7.9684,little,4,3966
arc-d1f7c72b8cc3eca8,mus-dd28bf6abf0b3dbe,42443,dd28bf6abf0b3dbe9d626df7fd6cc8c4885499f1a07c42c3cf0fbb5e56ce105a,True,2012,True,1a00a95f0000ac61d4ba789ced7d0980,7.9684,little,4,3966
arc-d1f7c72b8cc3eca8,mus-8e7dd3a73ad7e1ab,41881,8e7dd3a73ad7e1ab53136b8a8f08bcbc0a55de9a1150b8ca60877d840dc87074,True,2012,True,1a00f660000085005fa2789ced5d0960,7.9749,little,4,3941
arc-d1f7c72b8cc3eca8,mus-a5307ae87e85fc70,41888,a5307ae87e85fc70b45b6d83136639e12ab4aa661aed7f7bc86e86f68c655a32,True,2012,True,1a00f66000001b223174789ced5d0960,7.9748,little,4,3942
arc-d1f7c72b8cc3eca8,mus-f3a4f87f6912895e,20111,f3a4f87f6912895e8c6ea5a906c8c20982800a0ff1aae5904216c3ee23da42ed,True,2008,True,1a0052250000c70c23ef789ced9d097c,7.9502,little,4,1332
arc-d1f7c72b8cc3eca8,mus-086dad14516d8a64,7580,086dad14516d8a6464568df9ab0f63c7688d0b3b4ee7c8f8eff54a7ec0544446,True,2003,True,000f000015e592976376000400c43011,7.7353,none,0,0
arc-d1f7c72b8cc3eca8,mus-0f7ed5bd148a9ad4,3086,0f7ed5bd148a9ad43720dff8f761b4d5c74f1198a493fcb9828a2ae5f70eff65,True,2006,True,000f000008f62630c0520004fef98311,7.5832,none,0,0
arc-d1f7c72b8cc3eca8,mus-9f1dd915bff7983c,53795,9f1dd915bff7983cf7c9a53ad143f3ec79d77e59807a39d70163c405317608c1,True,2000,False,00010000606600312661000100000000,3.3583,none,0,0
arc-d1f7c72b8cc3eca8,mus-5944344216c8fb05,8611,5944344216c8fb05eaaaac93094b7e94e116bb404066d43eb3d8c023ecf976a3,True,2005,True,000f00001a85952de74a000400c43011,7.6889,none,0,0
arc-d1f7c72b8cc3eca8,mus-11f4b41106f964be,42485,11f4b41106f964bec52c556cfd8f38b6465c6e540cea20d86b4e6cafaf6969f7,True,2012,True,1a002d600000178a31ad789ced7d0980,7.9736,little,4,3932
arc-d1f7c72b8cc3eca8,mus-bee79e489289211c,46206,bee79e489289211c8fc144d721c8058cafbdc1ee43a066ac4b315b512f7062c5,True,2012,True,1a0065660000dbfb978f789ced7d0960,7.9685,little,4,4293
arc-d1f7c72b8cc3eca8,mus-e5ed961cdce983b8,40726,e5ed961cdce983b828a91debfa6c1a0b24244abcb16eb588c65b8ca85024c925,True,2012,True,1a001e5f0000a2c54cf4789ced5d0760,7.9682,little,4,3888
arc-d1f7c72b8cc3eca8,mus-221446423487119e,40726,221446423487119e1819995c36329b08d6db2d9eddd2ab9b4902cdbe2a9ba5e0,True,2012,True,1a001e5f0000a2c54cf4789ced5d0760,7.9682,little,4,3888
arc-d1f7c72b8cc3eca8,mus-c8ba0ea63bde161d,40735,c8ba0ea63bde161dcfa8dfd7daab18c2a802a5a56b7847406b45d726b3bfbc8e,True,2012,True,1a00455f00003d55cb2b789ced7d0960,7.9714,little,4,3899
arc-d1f7c72b8cc3eca8,mus-9dbedb5173d7169a,41257,9dbedb5173d7169a887c6c00f836ade97d4008ac845935bd915567da1918cd1c,True,2012,True,1a00ab5f0000582037ed789ced7d0760,7.9725,little,4,3909
arc-d1f7c72b8cc3eca8,mus-0ac64b0837c73a42,32367,0ac64b0837c73a4263073c8f84d6c6b22b109cb8e866a4d931c7b60f53f74ff2,True,2008,True,1a008d3400009ae2e619789ced9d0960,7.9190,little,4,2305
arc-d1f7c72b8cc3eca8,mus-d8710a81cf45b6ff,20963,d8710a81cf45b6ff2411548ca80bb02201ba0dd553be98f423caef3e008ff9b8,True,2008,True,1a0085270000b28d81fe789ced9d0960,7.9113,little,4,1710
arc-d1f7c72b8cc3eca8,mus-536c6af9ceaf776c,22188,536c6af9ceaf776c37340255027c634ac5c14ffed6c788da342fe51ccc0423ed,True,2008,True,1a00fc2700002b06975b789ced9d0960,7.9189,little,4,1760
arc-d1f7c72b8cc3eca8,mus-7159dc5f8542def8,24619,7159dc5f8542def8e8e2c0e5fa3202cae7c332c1794fef8129fb94f9f93859c6,True,2008,True,1a007030000082f86b90789ced9d0960,7.9011,little,4,2092
arc-d1f7c72b8cc3eca8,mus-4d754bb0e3ef7871,19384,4d754bb0e3ef7871aa486fdd6c5fc117c227b6605bb1940c22ca86f530e7d09b,True,2008,True,1a005f2900005e9fb561789ced9d0960,7.8999,little,4,1828
arc-d1f7c72b8cc3eca8,mus-d3d1030e1bd460f5,39144,d3d1030e1bd460f55b59809b3e5c274490c589c0ff60130d5004444735d44669,True,2012,True,1a00aa5c0000a9687930789ced7d0960,7.9697,little,4,3799
arc-d1f7c72b8cc3eca8,mus-9dae1ccf41ffbf43,45360,9dae1ccf41ffbf43112db723d365a965a55caf10fd000867e287e5b31100f1ce,True,2012,True,1a0079640000581cf175789ced7d0760,7.9752,little,4,4210
arc-d1f7c72b8cc3eca8,mus-3201f17a38d6ea34,45360,3201f17a38d6ea349f85d3199787ea1e132be10c051120df4b7fcc3de65d6163,True,2012,True,1a0079640000581cf175789ced7d0760,7.9752,little,4,4210
arc-d1f7c72b8cc3eca8,mus-3baa764a19654906,23926,3baa764a196549068750cd865d40f3b6ed7d50b640d91da53a3a53439096e1dd,True,2008,True,1a003b2a000094c2e9b4789ced9d0960,7.9248,little,4,1819
arc-d1f7c72b8cc3eca8,mus-0a433f23fddc6109,69090,0a433f23fddc6109ddf02b8ef7511864177cc4ed7abb46d0b4f5f9410aced578,True,2012,True,1a00c87f000006392a21789cec9d0760,7.9405,little,4,5906
arc-d1f7c72b8cc3eca8,mus-ac5aae3755fb3451,69214,ac5aae3755fb34512ae1c8e7c1dc15afa56665142982337daa29802fd5a6f8c0,True,2012,True,1a00ed7f0000d155ac86789cec9d0760,7.9383,little,4,5911
arc-d1f7c72b8cc3eca8,mus-05aff57a2e87e4e9,20056,05aff57a2e87e4e96290ade77bb71c495f57b140764c43f8b0cd880ab917def3,True,2008,True,1a00d5270000c425243a789ced9d0760,7.9134,little,4,1743
arc-d1f7c72b8cc3eca8,mus-dc43ad4bdd9b2481,44990,dc43ad4bdd9b248134adad20f42b36e031dfb788f7cd2432f4d9fd33f8e8ba46,True,2012,True,1a009a630000281c2e59789ced7d0960,7.9714,little,4,4116
arc-d1f7c72b8cc3eca8,mus-b373c4c1091b7388,44968,b373c4c1091b738862fbdf42e6ab934eced56585e40ea5a72a2dd3ff76d89ec2,True,2012,True,1a009a630000574a026f789ced7d0960,7.9720,little,4,4115
arc-d1f7c72b8cc3eca8,mus-e3297687d8d48858,71134,e3297687d8d488589f168599f38bbf5182af678804c02cabd39ac47cc04dd4c2,True,2012,True,1a003c810000cc23ec0c789cec9d0960,7.9287,little,4,5999
arc-d1f7c72b8cc3eca8,mus-bfcc2fa75eb42cad,71134,bfcc2fa75eb42cadef4face07be374d708f0f4a86b15cb504ede87aa2360d5a5,True,2012,True,1a003c810000cc23ec0c789cec9d0960,7.9287,little,4,5999
arc-d1f7c72b8cc3eca8,mus-a40a57c0c0ffe888,12448,a40a57c0c0ffe888e03f561a928e853abe85477395258609a1aae2260c9bbf5d,True,2008,True,1a00cc1e0000a6a51b20789ced9d0b7c,7.9477,little,4,966
arc-d1f7c72b8cc3eca8,mus-4de04eac0b046c48,12459,4de04eac0b046c484e29f0dbd4f141bb52ca34386eea153753e7e34d0fad8441,True,2008,True,1a00051e00005c3e9781789ced9d0b7c,7.9313,little,4,1115
arc-d1f7c72b8cc3eca8,mus-fddaab0a92e8bf7d,18363,fddaab0a92e8bf7dadf4b58f573e649081cb06230619361234faddcea62b85d5,True,2008,True,1a00cd2500005c79c6f6789ced9d099c,7.9319,little,4,1347
arc-d1f7c72b8cc3eca8,mus-ac27c4806a232f3a,11331,ac27c4806a232f3aabd2022ec2c165c780b0dac9f701e0ca67b8d0339b32b8c7,True,2005,True,000f00001d09f721a011000400c43011,7.7588,none,0,0
arc-d1f7c72b8cc3eca8,mus-7ec77de3a145476a,13424,7ec77de3a145476ae4091054a91564aead97d466d6cd24862661b5cbb681e535,True,2005,True,000f000023e93dd8ebba000400c43011,7.6286,none,0,0
arc-d1f7c72b8cc3eca8,mus-f393bf2a4ba53b18,14823,f393bf2a4ba53b18846941e3efff72acc1efe80202a39b70e9e2f9d7d3c78444,True,2005,True,000f000025610c526fa2000400c43011,7.6901,none,0,0
arc-d1f7c72b8cc3eca8,mus-aff10c86e6e81ec4,9436,aff10c86e6e81ec4ccb5bae4dd25f88fbe49b4f5accaa625e797bbedb55134b0,True,2005,True,000f00001c4394b33019000400c43011,7.6985,none,0,0
arc-d1f7c72b8cc3eca8,mus-25a1f8b5d674d43a,50358,25a1f8b5d674d43ae5896ad81836efc0cd313d604166cf8e2dc4e196f94cae0d,True,2012,True,1a00136f00002bfbb540789cec5d0780,7.9560,little,4,4640
arc-d1f7c72b8cc3eca8,mus-25a1f8b5d674d43a,50358,25a1f8b5d674d43ae5896ad81836efc0cd313d604166cf8e2dc4e196f94cae0d,True,2012,True,1a00136f00002bfbb540789cec5d0780,7.9560,little,4,4640
arc-d1f7c72b8cc3eca8,mus-d523daa56fcee871,40624,d523daa56fcee871251311f64b21201af2221387feff6b3c193051fa217ed70f,True,2012,True,1a008a6000007edcc9be789ced5d0960,7.9725,little,4,3924
arc-d1f7c72b8cc3eca8,mus-92386a3254e2d927,45566,92386a3254e2d927e549e2a20c50c30ad0bb7374d98c4b6d14d019744b0f7b11,True,2012,True,1a0026660000c581db43789ced7d0960,7.9719,little,4,4116
arc-d1f7c72b8cc3eca8,mus-92386a3254e2d927,45566,92386a3254e2d927e549e2a20c50c30ad0bb7374d98c4b6d14d019744b0f7b11,True,2012,True,1a0026660000c581db43789ced7d0960,7.9719,little,4,4116
arc-d1f7c72b8cc3eca8,mus-9624984c42b20a60,77301,9624984c42b20a608a2dd0e4e0ec5df8adb696cdb17b738bd95d0e06e3e1dbd9,True,2008,True,1a00338a0000e79dc948789cec7d079c,7.9389,little,4,7310
arc-d1f7c72b8cc3eca8,mus-2b33479743b96821,67640,2b33479743b96821b2a6478ed3bcca6f46fad550244214ac494343f29d9e5ede,True,2008,True,1a00067d0000e4ffc3e5789cec7d079c,7.9508,little,4,6458
arc-d1f7c72b8cc3eca8,mus-3e883f068f6502dc,67645,3e883f068f6502dc7de97af3ef50bfacdb43da46c4dd65005fea6c5940e812ec,True,2008,True,1a00077d000018f91448789cec7d079c,7.9509,little,4,6458
arc-d1f7c72b8cc3eca8,mus-73d3aa3ab63d8cc5,124534,73d3aa3ab63d8cc5ac132cab07c96cd89d73b7375abb90ca22b674c7db630dab,True,2012,True,1a0054f7000008596b22789cec9d099c,7.9430,little,4,4909
arc-d1f7c72b8cc3eca8,mus-1e3741212db4894a,124816,1e3741212db4894aebe0f7b7b47a2f6fa49725f2184e7b49ded9a5d4fc64073d,True,2012,True,1a00fbf600009c664e8c789cec9d0778,7.9413,little,4,5010
arc-d1f7c72b8cc3eca8,mus-1b292d774432ba9c,124840,1b292d774432ba9c63ae5d0660d608607b8faf51f0974fc7fbdb49dcaf486b96,True,2012,True,1a0016f70000d2442709789cec9d077c,7.9433,little,4,5010
arc-d1f7c72b8cc3eca8,mus-90299543ae568b6d,122967,90299543ae568b6d08456a689a79039d4fb8dac8bf31be616a84e62d83891440,True,2012,True,1a0059f400006247f6a9789cec9d0760,7.9554,little,4,4942
arc-d1f7c72b8cc3eca8,mus-ba8abe7a30da3a29,123041,ba8abe7a30da3a29ef58769a8679c3b1d7e8e89c8bd6373dc90e17a6e2eb103e,True,2012,True,1a0094f40000cc8a3e12789cec9d0760,7.9555,little,4,4940
arc-d1f7c72b8cc3eca8,mus-7a941673c7f1fc38,6903,7a941673c7f1fc38654e743e6b591dd8bdbc0919987229c1eaea1e83c9b9befe,True,2003,True,000f000015aad45768ec000400c43011,7.6877,none,0,0
arc-d1f7c72b8cc3eca8,mus-bd2fb485480f1343,11664,bd2fb485480f1343146ab5f649dce89bac86bdc7cd18d1e268aab497f3d854b5,True,2006,True,001a00001c55f4d51875789ced5d7b70,7.8923,big,4,0
arc-d1f7c72b8cc3eca8,mus-ece4a50d83107606,5342,ece4a50d83107606cce4756fcf81fdd995c9bda3b5f0dae318f200efd4a9e4be,True,2006,True,000f00000cdb895aae750004fef98311,7.5820,none,0,0
arc-d1f7c72b8cc3eca8,mus-144844cc6f5a2de4,127441,144844cc6f5a2de44eefe7c8b46e3e92bfb1dfc3882d10d1ed9d6555bd663140,True,2012,True,1a00c7f90000532eea12789cec9d099c,7.9550,little,4,0
arc-d1f7c72b8cc3eca8,mus-d24ac3eb5aca6ba4,127486,d24ac3eb5aca6ba410856ee4d91c7eea33000d6d6e7ae0d69b1f9fd6f4b2bc24,True,2012,True,1a00f4f90000b2b4468b789cec9d099c,7.9561,little,4,0
arc-d1f7c72b8cc3eca8,mus-229181fc0e63e05e,112864,229181fc0e63e05e8ff65cc6f16d6c3455c3de1445935f34547fd790ddef94b1,True,2012,True,1a00c8d00000df33bfcb789cec9d077c,7.9529,little,4,4367
arc-d1f7c72b8cc3eca8,mus-e9fe1141874570b5,208918,e9fe1141874570b55d193307841ea4edd055ae8b1fc56b5c4cdd3c033b5fab9a,True,2012,True,1a0067790100e61e377f789cec7d0798,7.9698,little,4,0
arc-d1f7c72b8cc3eca8,mus-575dd3b2e67cd87d,34225,575dd3b2e67cd87dd4b5943684ed61d7b6af887bd0bd4537f2137ccf8c88e7c2,True,2008,True,1a00a33a0000b6713aea789ced9d0b60,7.9582,little,4,2109
arc-d1f7c72b8cc3eca8,mus-2266a5c007767a69,39522,2266a5c007767a6936fb116971abc8ab9a8d1a56430b47a68e992da36f7c021a,True,2012,True,1a00085e00005ec46466789ced7d0960,7.9691,little,4,3853
arc-d1f7c72b8cc3eca8,mus-bf4505db7b031da9,39275,bf4505db7b031da9f9346af94ee14db8ffa2b1d0f2d88b736fcee53dbc9743f6,True,2012,True,1a00d65d00003aa6d962789ced7d0960,7.9692,little,4,3845
arc-d1f7c72b8cc3eca8,mus-fcff9955cf0c3acf,153903,fcff9955cf0c3acf4a766b242febb03cc4b5e10f372340130b890f861e379897,True,2012,True,1a000e0401009cb9dd93789cecbd759c,7.9474,little,4,11640
arc-d1f7c72b8cc3eca8,mus-3a8b724cf3adba80,20149,3a8b724cf3adba8008f41a3e6be0e57cce63100d3cc13a73bf24bcbdec5ac376,True,2000,False,00010000453600312661000100000000,3.3151,none,0,0
arc-d1f7c72b8cc3eca8,mus-f15690e7b21dc9dd,40648,f15690e7b21dc9dd16fca71fad97c98f337dcd7439c32cea05e567d81b16cd05,True,2012,True,1a00916000009754bc50789ced5d0960,7.9704,little,4,3924
arc-d1f7c72b8cc3eca8,mus-3f80e43d1754c9c2,40279,3f80e43d1754c9c2f1a90c5c289601ccdbcb9af875cc7fdaa0544394f287fb4f,True,2012,True,1a00bf5f0000ee82b828789ced7d0960,7.9688,little,4,3882
arc-d1f7c72b8cc3eca8,mus-971cbae417ccce2c,92290,971cbae417ccce2c8790a5526287aaaa8d366340bf27fe7c3ed62190aa70cb4e,True,2000,False,00010000cd8600312661000100000000,3.4404,none,0,0
arc-d1f7c72b8cc3eca8,mus-7cf5594ff02f8297,14627,7cf5594ff02f82973f4af61c1748c8ae013c1811185744f2bed908cf9d7b10b3,True,2008,True,1a00051e0000e1085f1c789ced9d0b7c,7.9463,little,4,909
arc-d1f7c72b8cc3eca8,mus-695c518ffc008a87,10623,695c518ffc008a872282e491bd52716b3e051e1a752e192cdf7304ed7be01266,True,2007,True,001a00001e7988ecd7b1789ced5d7b74,7.9647,big,4,730
arc-d1f7c72b8cc3eca8,mus-426ad2523eae8a1c,38955,426ad2523eae8a1c25e7eefdbfb1997d3e661e36a5b36296c09244274db240d2,True,2012,True,1a00465c000004cf9710789ced7d0960,7.9666,little,4,3785
arc-d1f7c72b8cc3eca8,mus-50a44e6b5b2decb5,12486,50a44e6b5b2decb55ebd699b2b733cb333f3b39ece233e9078ec06732b25a153,True,2007,True,001a00001e74c782abf8789ced5d0b74,7.9285,big,4,763
arc-d1f7c72b8cc3eca8,mus-40aa1af8dd936879,73433,40aa1af8dd936879fc1c012b8ca075588f2866f83ccc4fa88b8070fbf9cbb4a5,True,2000,False,00010000a86600312661000100000000,3.5823,none,0,0
arc-d1f7c72b8cc3eca8,mus-2a6c92d2f4ee3a2a,41401,2a6c92d2f4ee3a2a02b351b02af1a817b1386ad2d0ceed4d8fd325f968dbf86f,True,2012,True,1a00a660000054820180789ced7d0760,7.9661,little,4,3918
arc-d1f7c72b8cc3eca8,mus-5b39796a8c7ece90,41409,5b39796a8c7ece90b7565d06c8ad6922154f0d53f5a9b49d827d8051d16c5107,True,2012,True,1a00a56000001f611f2f789ced7d0760,7.9678,little,4,3918
arc-d1f7c72b8cc3eca8,mus-22c87ded8d374ff1,204333,22c87ded8d374ff1675532e4245201d7116756bacd3e1213229a970ad1363696,True,2012,True,1a0059a80100e99d5c9a789cec7d09bc,7.9704,little,4,0
arc-d1f7c72b8cc3eca8,mus-2f6af19afc75d013,204336,2f6af19afc75d013cc5e31270043125749f78267ba9738655effbd3f5e15a455,True,2012,True,1a005ca801004b06c24a789cec7d09bc,7.9705,little,4,0
arc-d1f7c72b8cc3eca8,mus-3ad1f6fc53972c42,195469,3ad1f6fc53972c42299ce8e7fd3e5185ef79196c24b19116ee9d2f4c1658cb9c,True,2012,True,1a008988010072145360789cec7d09bc,7.9715,little,4,0
arc-d1f7c72b8cc3eca8,mus-f480d530b9085928,12901,f480d530b9085928fabe5d761569aaa06d72dd19719fb9bc3dc67d520f133630,True,2008,True,1a006e1f0000995e00bb789ced9d099c,7.9488,little,4,947
arc-d1f7c72b8cc3eca8,mus-f26f72c368cc10fb,63834,f26f72c368cc10fb314d2389e1552126d0153e357d133c96c35e2d14379c8f83,True,2007,True,001a00006cc48f831aa8789cec7d099c,7.9459,big,4,0
arc-d1f7c72b8cc3eca8,mus-b1717718a9cb5053,17635,b1717718a9cb50531fd3e973e4df3d762ca7b946167887a972a5f22623b5a0a4,True,2007,True,001a00002531909f136d789ced9d097c,7.9563,big,4,882
arc-d1f7c72b8cc3eca8,mus-c39b7d20d04db82e,103124,c39b7d20d04db82e9ca596d33e8b7d4109420538515cba80381e0676dd6fa4c8,True,2007,True,001a0000b3b85a381beb789cecbd099c,7.9514,big,4,0
arc-d1f7c72b8cc3eca8,mus-78a13ba9d58fcf2f,28696,78a13ba9d58fcf2fde5481a41a22e04e6f48bb12ed48fd131f1727b9e2dbae8a,True,2007,True,001a0000312b32bbdb0d789ced7d097c,7.9585,big,4,1217
arc-d1f7c72b8cc3eca8,mus-127aad0b798b5bc3,12702,127aad0b798b5bc312c90ccfa177d735d4373968aaa2cff7c575e5a14642e10c,True,2007,True,001a00001eb2cdc18640789ced9d0b7c,7.9607,big,4,772
arc-d1f7c72b8cc3eca8,mus-4ee3bda75e137d45,84331,4ee3bda75e137d450a13376d24a72a48a667eb0a69846c965c564863edc34f66,True,2006,True,000f00009a14815429500004fef98311,7.7241,none,0,0
arc-d1f7c72b8cc3eca8,mus-abd440d227e32e7e,84300,abd440d227e32e7ea20dc63c14641c24c911c3b145e1024fba6007b917483b63,True,2006,True,000f00009a19bd7144f70004fef98311,7.7283,none,0,0
arc-d1f7c72b8cc3eca8,mus-487c3d790faad9df,201784,487c3d790faad9df4533b1df0da86f9ead7a02ba5c8c5d5eff2bbe0127861643,True,2007,True,001a0001b6b13c83bbb3789cec7d09bc,7.9604,big,4,15814
arc-d1f7c72b8cc3eca8,mus-d9ace53e0bec4926,25650,d9ace53e0bec4926aa27f0d981f76432de800ac36310254b5eca3c2badfd0835,True,2008,True,1a00eb3b00002e53ca4d789ced9d0760,7.9266,little,4,2796
arc-d1f7c72b8cc3eca8,mus-b84ba21712ec5769,40156,b84ba21712ec576921e17eabfb6d901238f2025ee84074216968141bfa41431c,True,2012,True,1a00d61a000029334a0a789ced5d7d74,6.9145,little,4,511
arc-d1f7c72b8cc3eca8,mus-edb65aa5ece1e002,67113,edb65aa5ece1e00222e577342ee7dd2d70e6a2c28a701e2b4c0bcdda749b6ae3,True,2008,True,1a00ad890000dc5d58c2789cecdd7560,7.8928,little,4,6316
arc-d1f7c72b8cc3eca8,mus-c2e8beaa07b78aba,18911,c2e8beaa07b78abaa7fd59ab45fb43755ef3d7f546649d5af8b9da1a962b096e,True,2007,True,001a000024782e002df9789ced7d0978,7.9631,big,4,823
arc-d1f7c72b8cc3eca8,mus-fa790a68063a3f2f,196484,fa790a68063a3f2f9605add7697a064ced10b4e892aec69f54fa2f3a9cac38bd,True,2007,True,001a0001b166e74e47df789cec7d799c,7.9544,big,4,15737
arc-d1f7c72b8cc3eca8,mus-01909be521d27392,196954,01909be521d27392746094250aa9f7823e8c4097b26d7353e2b41821309dc086,True,2007,True,001a0001b1efda529f92789cec7d79bc,7.9609,big,4,15786
arc-d1f7c72b8cc3eca8,mus-a04692857ef23346,53656,a04692857ef23346aece98b2800b6d5369cb527de3499b4e87976875106d5f97,True,2007,True,001a00008540067e82ef789cec7d079c,7.8924,big,4,4712
arc-d1f7c72b8cc3eca8,mus-2277781011df647e,302627,2277781011df647e52190f1efee5d19a3e7e1aa4743e8bc79d936db3ce5fd70d,True,2005,True,000f0002e517a5d2288d000400c43011,7.6723,none,0,0
arc-d1f7c72b8cc3eca8,mus-6ce0f755b3434a12,302503,6ce0f755b3434a1212e15999865e2f1b17467fa3c055a6538ec5f89ce113f40e,True,2005,True,000f0002e54393953774000400c43011,7.6710,none,0,0
arc-d1f7c72b8cc3eca8,mus-d39bc16055875246,302415,d39bc16055875246e4632a3ea61c113e037996644bcb619caae39e44c53df5b5,True,2005,True,000f0002e47121e46af2000400c43011,7.6655,none,0,0
arc-d1f7c72b8cc3eca8,mus-4c3c4c2edfab56a3,74050,4c3c4c2edfab56a3c892bf8ef698acc4ea3d57f9e8101df0fd51417bf6009338,True,2005,True,000f0000cfa6f144284a000400c43011,7.5348,none,0,0
arc-d1f7c72b8cc3eca8,mus-11646dd81d1c04c1,74333,11646dd81d1c04c14c8ab90f25976e18ee3f11fe37dba328a1fe32680f7b2a80,True,2005,True,000f0000ce5f66a5bf11000400c43011,7.5438,none,0,0
arc-d1f7c72b8cc3eca8,mus-b1fa3ff70783954a,197698,b1fa3ff70783954abaf4ea1231654dbb4d17d90ec5e4db5cfbb25751fa6e758a,True,2007,True,001a0001b0ca52236d2c789cecbd7760,7.9614,big,4,15665
arc-d1f7c72b8cc3eca8,mus-30f53b487c47dcb1,204624,30f53b487c47dcb10704e125b24a22b3497274e237ab4752ec152017c21c42da,True,2005,True,000f000293336c0e76ec000400c43011,7.5154,none,0,0
arc-d1f7c72b8cc3eca8,mus-714133b9f2a05a3b,194620,714133b9f2a05a3bb98c7ba73be1f631b6aee8797de1590090f4d0163afefe2f,True,2007,True,001a0001b0783f42c55e789cec7d777c,7.9536,big,4,15672
arc-d1f7c72b8cc3eca8,mus-7b6f262f3f6c9ff8,306890,7b6f262f3f6c9ff8c553bc1ea6ae123a561d78461a93be6eeebdf12083ed9d5c,True,2005,True,000f0002edae5b54c75f000400c43011,7.6603,none,0,0
arc-d1f7c72b8cc3eca8,mus-20823d41e50cdef9,52992,20823d41e50cdef93962438e3fe187b8fedeaef2de3b6d98574b6407b099c90a,True,2012,True,1a00cf78000094179338789cec5d0980,7.9617,little,4,2275
arc-d1f7c72b8cc3eca8,mus-78a6b93fcc83b7ca,39068,78a6b93fcc83b7ca3caf98ec12ed72b486ed46ec6f590f94a019bd39dc6f1e55,True,2012,True,1a00a65c0000c8e80cbc789ced7d0760,7.9714,little,4,3793
arc-d1f7c72b8cc3eca8,mus-932e525a0a889d1f,39902,932e525a0a889d1ff48baa6d0050e2698db73542414e37c6dbabb14ed496dd40,True,2012,True,1a006a5e00004e06726b789ced7d0960,7.9710,little,4,3851
arc-d1f7c72b8cc3eca8,mus-97fa54c302fd5c36,39949,97fa54c302fd5c360fdb7c8c04bb247abb3e1457a553a90a91436212753e603e,True,2012,True,1a006a5e00006485630a789ced7d0960,7.9721,little,4,3851
arc-d1f7c72b8cc3eca8,mus-3a71ada647f30f98,38683,3a71ada647f30f98e53f74ff5fed3b0b915fab2a7cbc047dbe9ca7e6b4652636,True,2012,True,1a00725a0000d4c970ce789ced5d0760,7.9706,little,4,1782
arc-d1f7c72b8cc3eca8,mus-0da1290d79163098,22053,0da1290d79163098f629652e92eae37072bc555d84a09ccd045e81ac6965f0b2,True,2000,False,65206f66207468652076657279206c6f,3.8312,none,0,0
arc-d1f7c72b8cc3eca8,mus-6ef60804b5326556,3595,6ef60804b532655669098d6fe1f9b4c7981989048c823fc1f3c86ab41961d852,True,2012,True,1a00180b00002f97e444789ced5a7d6c,7.9209,little,4,201
arc-d1f7c72b8cc3eca8,mus-903c3440d43df1f0,118508,903c3440d43df1f0b5644b0301181224b223eb311f01ba25963c406c8ca491f5,True,2008,True,1a00161d01005af48e45789cec9d7f80,7.9226,little,4,8588
arc-d1f7c72b8cc3eca8,mus-de30adaf7cd428c2,454571,de30adaf7cd428c262461d0a799806097a4aececea8f5a7c87b851523c05d1ee,True,2000,False,000100032b1600302661000d00000000,3.5837,none,0,0
arc-d1f7c72b8cc3eca8,mus-2ba67ca73ed02e74,65929,2ba67ca73ed02e74b76affb05aafe151584505b42fc31b1ad1ba8b970d828115,True,2005,True,000f0000b633bd8a6844000400c43011,7.5721,none,0,0
arc-d1f7c72b8cc3eca8,mus-e4891ccb365d19a5,46986,e4891ccb365d19a5ee7bcc35709678fba1ab426a42d34f635938e1706afdd49d,True,2005,True,000f000087d8745e7c2d000400c43011,7.5970,none,0,0
arc-d1f7c72b8cc3eca8,mus-688b559b4602113a,68683,688b559b4602113a2c9d62c83e68a1e77f0ec4488d1fe4af1e882e8814337cbd,True,2005,True,000f0000c1a5e082e45a000400c43011,7.5594,none,0,0
arc-d1f7c72b8cc3eca8,mus-dc7faaa3432170f8,119017,dc7faaa3432170f80b659288854234302078d6bff898599ca8978ec370d859d8,True,2008,True,1a004b1d0100fc960c73789cec9d7b80,7.9168,little,4,8672
arc-d1f7c72b8cc3eca8,mus-a09f2dadbd5ec43f,55915,a09f2dadbd5ec43f70d26bcd2e3b84ad7073599b41a543138e89fdc2785a315c,True,2008,True,1a00ec5e0000966ca4b1789ced9d077c,7.9285,little,4,4742
arc-d1f7c72b8cc3eca8,mus-fdf69748c0dd6ffe,154361,fdf69748c0dd6ffe4ca8e0e2c33a5c2beadd0f7829433041bc7008c7997a37f4,True,2005,True,000f00013bd5e1f54c79000400c03011,7.6542,none,0,0
arc-d1f7c72b8cc3eca8,mus-65eefe80917163ed,536421,65eefe80917163ed0da04079f9f16c88a456959e8009dee09c169fd009174e94,True,2000,False,00010003c25600302661000d00000000,3.6664,none,0,0
arc-d1f7c72b8cc3eca8,mus-07436e6a7313411c,349283,07436e6a7313411c4cd64bc62eba0d0bfa872568c30951a84050a522cd9976b4,True,2007,True,001a000256fa0383a7c0789cec7d099c,7.9726,big,4,19740
arc-d1f7c72b8cc3eca8,mus-1f679193c15efd39,498613,1f679193c15efd39638c11167e2542e79153fc13246e76d5a215a9b4b9d826bd,True,2000,False,000100037f1600302661000d00000000,3.6386,none,0,0
arc-d1f7c72b8cc3eca8,mus-ae531c8d070857d9,74238,ae531c8d070857d94adf0021e4c2460ee491bd6990d09bb39320e3fe36e98227,True,2005,True,000f0000cee13fb9783d000400c43011,7.6299,none,0,0
arc-d1f7c72b8cc3eca8,mus-c85f1a8083aaf353,34570,c85f1a8083aaf353337704ca4b8e3633fb3e7a526894018d7d8b9f41d874f476,True,2005,True,000f00005c9c08dfe7e8000400c43011,7.6188,none,0,0
arc-d1f7c72b8cc3eca8,mus-1a33c22489dcdbc4,35099,1a33c22489dcdbc4b9ede7e3f1a19791dbcdf2889765deb6923cd60649a0d97c,True,2012,True,1a007f4300008ce42298789ced7d0960,7.9532,little,4,1973
arc-d1f7c72b8cc3eca8,mus-442b43baf1bc8ac4,42069,442b43baf1bc8ac4d0d30b238c881d24df14cc2d4cdd9a5ebe62498860e1ed8e,True,2005,True,000f00004b97b511fc65000400c43011,7.6182,none,0,0
arc-d1f7c72b8cc3eca8,mus-cd6fddfd95c5e08a,9034,cd6fddfd95c5e08a051e8cd833e7ba9a908aaa15a6c94e89577e361398df308e,True,2005,True,000f00001a3ac0dd0d9b000400c43011,7.7308,none,0,0
arc-d1f7c72b8cc3eca8,mus-2458f7af12d4d7d4,60871,2458f7af12d4d7d4a5b81fc892de371f2daa7fb292ccbbad8a8c5d32dced71cc,True,2012,True,1a00ce770000d906b6df789cec5d0980,7.9470,little,4,5176
arc-d1f7c72b8cc3eca8,mus-a579f87c90dcb916,61085,a579f87c90dcb916f4be25cddc67d5c01db28ec56621e27bcb6bf2f683d25ffb,True,2012,True,1a00ee770000c94d3b07789cec5d0980,7.9452,little,4,5184
arc-d1f7c72b8cc3eca8,mus-d392ce356774c585,223010,d392ce356774c58569b124b842c7fbcd5a1a7bb4451d7f141b96a40f0d05c760,True,2012,True,1a00795a0200d547fe8b789cec9d077c,7.9514,little,4,0
arc-d1f7c72b8cc3eca8,mus-f8570e56ba68ac0e,19568,f8570e56ba68ac0e153fc262fe288f8419aab7fb05b6559016637bff56c316ac,True,2008,True,1a0021230000401f6f74789ced9d097c,7.9547,little,4,1178
arc-d1f7c72b8cc3eca8,mus-6cae823810f207f2,60889,6cae823810f207f2552c4ddfb7dc9f19ded6ae4391f772faaaa7019176b3783c,True,2012,True,1a00b3790000512d0aaf789cec5d0960,7.9491,little,4,2815
arc-d1f7c72b8cc3eca8,mus-67ac77f476ddcb83,60870,67ac77f476ddcb83d70401abc9807e2ce048edaafec61558eccbd52efdd6622d,True,2012,True,1a00ad7900003287b742789cec5d0960,7.9455,little,4,2813
arc-d1f7c72b8cc3eca8,mus-fa12897d7583a091,64264,fa12897d7583a09116e69729e0b43d2cb4ea1b8e74e3bed2b6b1aa313fc2863c,True,2012,True,1a00bd7a00005516472a789cec5d0960,7.9431,little,4,2785
arc-d1f7c72b8cc3eca8,mus-97695dfc03318650,64211,97695dfc03318650ba7a1487b27097f38dc1adcd6d08fce33822bf503ec93b4b,True,2012,True,1a00ad7a000090b4ff43789cec5d0960,7.9458,little,4,2784
arc-d1f7c72b8cc3eca8,mus-059b1ba4bdacc46c,45128,059b1ba4bdacc46cffa024362f9574bb740651344f8f7a7d438e69b2176aa2d4,True,2008,True,1a0014520000b1e6cff2789ced7d0960,7.9703,little,4,4663
arc-d1f7c72b8cc3eca8,mus-71ea5a88d22a6962,60858,71ea5a88d22a696218652120f8d6feebf3b0eba8cb521a85ccde197b8d5675a6,True,2008,True,1a00cd370000871621f8789ceddd0760,7.8547,little,4,5634
arc-68fcac3e7c1efa53,mus-bb36a6dd55a608be,106042,bb36a6dd55a608be27f7b3919a18f3dc37e1f49f3af3a9f1fe7e432cef4b70c5,False,2.6,False,00000095000002000000444100300000,4.2585,none,0,0
arc-68fcac3e7c1efa53,mus-ab4f9214bcd65853,113722,ab4f9214bcd65853597943d22eb81a8dedd2a09511f53940ee4da34c63b3ac22,False,2.6,False,00000099000002000000444100300000,4.2780,none,0,0
arc-68fcac3e7c1efa53,mus-8d721295655c1fa3,114746,8d721295655c1fa30f495cb7f005d02a462806058b5365fceca80a71b19935f2,False,2.6,False,0000009a000002000000444100300000,4.2803,none,0,0
arc-68fcac3e7c1efa53,mus-31a9d26b626a252b,115770,31a9d26b626a252b0529621e6ec0b82d4a15adf2114fea69e2c0b7ce411f3e7e,False,2.6,False,0000009b000002000000444100300000,4.2555,none,0,0
arc-68fcac3e7c1efa53,mus-0597dfc0d06f621a,231994,0597dfc0d06f621a5e5ca317539ef4fc39464557f51e4226ae5eab36bc3a2472,False,2.6,False,000000be000002000000444100300000,4.3184,none,0,0
arc-68fcac3e7c1efa53,mus-d2cb0b14210c8f16,10288,d2cb0b14210c8f16f626657368560ebea4a6c6ecf65d9ddfb87299269b8e87ad,False,2.6,False,00000011000002000000444100300000,3.8686,none,0,0
arc-081fa6e050e12c5a,mus-d318f005e4117686,371302,d318f005e4117686c47a653b4601aefddc8ae210ebada89c8a7c073911da98f2,True,3.7,False,000100039ce6fffe3031000000000000,3.7670,none,0,0
arc-081fa6e050e12c5a,mus-e0a9599882e31174,415064,e0a9599882e31174525ec06e4ba017b0bd72c7ffa0071c40c55872b12a3fb057,True,3.7,False,00010003b6c6fffe3031000000000000,4.1720,none,0,0
arc-081fa6e050e12c5a,mus-6f79b0ce0b7d8d41,776760,6f79b0ce0b7d8d418410f3cf99da7d25e1ba1957190c183e95a38ae153f7f586,True,3.7,False,00010003eb36fffe3031000000000000,3.7174,none,0,0
arc-081fa6e050e12c5a,mus-4b746bf51e964ed8,51232,4b746bf51e964ed8367eaf533efd22edcd2e38c576702ab6392a070cbe0df148,True,3.7,False,000100006236fffe3031000000000000,3.1148,none,0,0
arc-081fa6e050e12c5a,mus-077c1fefb4edcd3b,25370,077c1fefb4edcd3bbaaa8f9a05fabf9611ec833d6a80cc95e4137f9c6a79f7ff,True,3.7,False,000100004c76fffe3031000000000000,3.3264,none,0,0
arc-081fa6e050e12c5a,mus-6638d2529b9b04af,33478,6638d2529b9b04af45783c2040d0bba7f21b6ee36e456252836d28e6edeff0e1,True,3.7,False,000100006056fffe3031000000000000,3.0931,none,0,0
arc-081fa6e050e12c5a,mus-79096fdb7f053a5b,58580,79096fdb7f053a5b9a6c1dc3e863536c5035d4f0c0c60ef49729cff1cc168120,True,3.7,False,000100005166fffe3031000000000000,3.1872,none,0,0
arc-081fa6e050e12c5a,mus-fc277283e3fd76c6,35290,fc277283e3fd76c60fa6080977a9a474cea47a16dc0704b62cf0e4a32ce88fe8,True,3.7,False,0001000050a6fffe3031000000000000,3.1579,none,0,0
arc-081fa6e050e12c5a,mus-a29c20b0210e6790,38042,a29c20b0210e6790e70dc5a11ec3ba5cd42dbc6cc7c4a442bfaa036857e91fcd,True,3.7,False,000100005116fffe3031000000000000,3.1805,none,0,0
arc-081fa6e050e12c5a,mus-7e6a252350bb7cef,19964,7e6a252350bb7cef2bfddf91668f3968f54a14967cf9260ef5771733843c48da,True,3.7,False,0001000045b6fffe3031000000000000,3.2532,none,0,0
arc-c0b22731c5632294,mus-d318f005e4117686,371302,d318f005e4117686c47a653b4601aefddc8ae210ebada89c8a7c073911da98f2,True,3.7,False,000100039ce6fffe3031000000000000,3.7670,none,0,0
arc-c0b22731c5632294,mus-e0a9599882e31174,415064,e0a9599882e31174525ec06e4ba017b0bd72c7ffa0071c40c55872b12a3fb057,True,3.7,False,00010003b6c6fffe3031000000000000,4.1720,none,0,0
arc-c0b22731c5632294,mus-6f79b0ce0b7d8d41,776760,6f79b0ce0b7d8d418410f3cf99da7d25e1ba1957190c183e95a38ae153f7f586,True,3.7,False,00010003eb36fffe3031000000000000,3.7174,none,0,0
arc-c0b22731c5632294,mus-4b746bf51e964ed8,51232,4b746bf51e964ed8367eaf533efd22edcd2e38c576702ab6392a070cbe0df148,True,3.7,False,000100006236fffe3031000000000000,3.1148,none,0,0
arc-c0b22731c5632294,mus-077c1fefb4edcd3b,25370,077c1fefb4edcd3bbaaa8f9a05fabf9611ec833d6a80cc95e4137f9c6a79f7ff,True,3.7,False,000100004c76fffe3031000000000000,3.3264,none,0,0
arc-c0b22731c5632294,mus-6638d2529b9b04af,33478,6638d2529b9b04af45783c2040d0bba7f21b6ee36e456252836d28e6edeff0e1,True,3.7,False,000100006056fffe3031000000000000,3.0931,none,0,0
arc-c0b22731c5632294,mus-79096fdb7f053a5b,58580,79096fdb7f053a5b9a6c1dc3e863536c5035d4f0c0c60ef49729cff1cc168120,True,3.7,False,000100005166fffe3031000000000000,3.1872,none,0,0
arc-c0b22731c5632294,mus-fc277283e3fd76c6,35290,fc277283e3fd76c60fa6080977a9a474cea47a16dc0704b62cf0e4a32ce88fe8,True,3.7,False,0001000050a6fffe3031000000000000,3.1579,none,0,0
arc-c0b22731c5632294,mus-a29c20b0210e6790,38042,a29c20b0210e6790e70dc5a11ec3ba5cd42dbc6cc7c4a442bfaa036857e91fcd,True,3.7,False,000100005116fffe3031000000000000,3.1805,none,0,0
arc-c0b22731c5632294,mus-7e6a252350bb7cef,19964,7e6a252350bb7cef2bfddf91668f3968f54a14967cf9260ef5771733843c48da,True,3.7,False,0001000045b6fffe3031000000000000,3.2532,none,0,0
arc-ca0f81b9cf3faa96,mus-574b493610703bc4,375195,574b493610703bc41223a19a6818c213246fae583e8eaacbe44a9a07fd0ac869,True,2000,False,00010003ab5600312661000100000000,3.7376,none,0,0
arc-ca0f81b9cf3faa96,mus-7cada9606043520c,420237,7cada9606043520c9eeeeb6f1b491866bf255fdbc97778360e283d3deef6a4dd,True,2000,False,00010003c5b600312661000100000000,4.0908,none,0,0
arc-ca0f81b9cf3faa96,mus-cfe0e62e3c611962,814261,cfe0e62e3c611962f27e1fbf980e97abe5635e1905ebed08a166533ab6b7c810,True,2000,False,000100040f6600312661000100000000,3.6903,none,0,0
arc-f4ae1314ef856047,mus-9af02a99dd8174a0,256556,9af02a99dd8174a07b2d82ed5c2f8fbd1fd660852494154ab5019cb6386191f6,False,2.6,False,00000081000002000000464e50657472,4.3793,none,0,0
arc-f4ae1314ef856047,mus-4e01e9b84482b747,259116,4e01e9b84482b7478056b9004afdd3a37035c65bf44e5455555064a94fc23a86,False,2.6,False,00000086000002000000464e50657472,4.3818,none,0,0
arc-f4ae1314ef856047,mus-f1cf8a6ab78fc688,259116,f1cf8a6ab78fc688656c8292476b458d9520ac6c9f47ede99f261be23e875324,False,2.6,False,00000086000002000000464e50657472,4.3759,none,0,0
arc-f4ae1314ef856047,mus-433f442684d07341,255020,433f442684d073415e993a92dafd0559da9834fc0e0b2fd4aa4bfd4b9f8fe30d,False,2.6,False,0000007f000002000000464e50657472,4.3649,none,0,0
arc-f4ae1314ef856047,mus-553b181a803390d9,256044,553b181a803390d9212dccf354c0446c7a7907e5e5934061450284455e305919,False,2.6,False,00000081000002000000464e50657472,4.3568,none,0,0
arc-f4ae1314ef856047,mus-89e360cc77ddbab5,255532,89e360cc77ddbab5c156bd88c3b3b538ed31def9243845003cbd364f45b58061,False,2.6,False,00000080000002000000464e50657472,4.3717,none,0,0
arc-f4ae1314ef856047,mus-edf245428abea69e,257068,edf245428abea69e14a09e44a8de4d5c13df79d129a02f0299d5892d36f21fb0,False,2.6,False,00000083000002000000464e50657472,4.3519,none,0,0
arc-f4ae1314ef856047,mus-c0ce450a88a15605,254508,c0ce450a88a15605f1e7cc721a07daa44861615f1b28ea6309a24773d7204935,False,2.6,False,0000007e000002000000464e50657472,4.3476,none,0,0
arc-f4ae1314ef856047,mus-57e3193c0943b2f0,320556,57e3193c0943b2f0341e662fc629a884dbd08d4701714a4e625e23301cdeb498,False,2.6,False,000000c3000002000000464e50657472,4.3955,none,0,0
arc-06ef0f9f4f583b4e,mus-254b77cdb2ab24f4,189940,254b77cdb2ab24f4efd2a9d24b9e0f3feae22c9386ea828c4870cc658c08dd04,True,3.0,False,0001000274d6fffe3031000000000004,3.6200,none,0,0
arc-06ef0f9f4f583b4e,mus-8e949cb64d4f1031,189064,8e949cb64d4f10310df8c19947e0aa03a75a0a192c22e45304acdac081c05f48,True,3.0,False,0001000275e6fffe3031000000000004,3.5856,none,0,0
arc-06ef0f9f4f583b4e,mus-c3e968ca1d5ba3b7,185382,c3e968ca1d5ba3b7047d3d8fc2cbb542e94dd2f4b8311864d6e8a9e040e4eac6,True,3.0,False,0001000272f6fffe3031000000000004,3.6033,none,0,0
arc-06ef0f9f4f583b4e,mus-023827b663a788fa,117242,023827b663a788fab1f4a245e8d8c1b59c1fb3f14332d4562a929e06a5aea60e,True,3.0,False,000100019ab6fffe3031000000000004,4.1396,none,0,0
arc-06ef0f9f4f583b4e,mus-477ddd231744d241,106446,477ddd231744d241982e931d454851b20f97a43e51839dec6c2a9aaf3a35369a,True,3.0,False,000100017b86fffe3031000000000004,4.2155,none,0,0
arc-06ef0f9f4f583b4e,mus-a52cb9bf335690a3,106094,a52cb9bf335690a35e001b209cb7fabd29c569311fa8e2cf9b7c75e73c297c21,True,3.0,False,000100017a66fffe3031000000000004,4.2277,none,0,0
arc-06ef0f9f4f583b4e,mus-cee8ee3bf7b74302,117980,cee8ee3bf7b743029fc07ef8907d58af392eaf674fb1c43725000876b6d02fbd,True,3.0,False,00010001a846fffe3031000000000004,4.1813,none,0,0
arc-9bc7c78107aa6969,mus-ba340f430cc1210c,49356,ba340f430cc1210c379850e36d92a3303956adf08ef41f19146fde5a59399862,True,97,False,000100005bc600312661000100000000,3.2900,none,0,0
arc-9bc7c78107aa6969,mus-1d75bfcad03d2908,110374,1d75bfcad03d29080deb8d8c45871adfc7a7b9db10d65f5c8c5bbb10a240f901,True,97,False,00010000d16600312661000100000000,3.4690,none,0,0
arc-9bc7c78107aa6969,mus-dbf02b9e83f8d73e,48199,dbf02b9e83f8d73e8931e437da2f0d2725e86539c5d22542647f76c82b94b369,True,97,False,000100005c7600312661000100000000,3.2299,none,0,0
arc-9bc7c78107aa6969,mus-cb12e1baab426509,61993,cb12e1baab42650928a751603019cee24ba978f8329a8f7dca38ddd547e6c34f,True,97,False,0001000098c600312661000100000000,3.3003,none,0,0
arc-9bc7c78107aa6969,mus-ebf16daff85c484a,51812,ebf16daff85c484a5ba02d5cc870a36edb027c6bb4f0cb385abbe7100a7befef,True,97,False,000100007c7600312661000100000000,3.1706,none,0,0
arc-9bc7c78107aa6969,mus-90d76d14ecb23d31,72395,90d76d14ecb23d318438127ce586d1bd817923fb3c37136b159689b25712ef12,True,97,False,000100008f7600312661000100000000,3.3660,none,0,0
arc-17fbc246fb2b0fe4,mus-49307e5a788375ae,62811,49307e5a788375ae36ea985c616c32860643a231b3e174db9c4345852f644577,True,97,False,000100009a6600312661000100000000,3.3105,none,0,0
arc-17fbc246fb2b0fe4,mus-ffb2a81a4da62c2e,54815,ffb2a81a4da62c2e58b86851260c248480171c3a04ff97b9a2cab33b19f0bed8,True,97,False,000100007e1600312661000100000000,3.1901,none,0,0
arc-17fbc246fb2b0fe4,mus-f0d82f2412e82d1a,72461,f0d82f2412e82d1a48e875fb10c26ae885db445705b6fa2bb4aeca0e36d01286,True,97,False,000100008f6600312661000100000000,3.3419,none,0,0
arc-17fbc246fb2b0fe4,mus-a154b0c8586b5f00,48004,a154b0c8586b5f00eeff25c4303c5848152cc67f4ba61c620b06436ddc596cbe,True,97,False,000100005d3600312661000100000000,3.2194,none,0,0
arc-17fbc246fb2b0fe4,mus-31e1904999511d4a,51348,31e1904999511d4a45228ee503463689fca0480cd00cf887a5fecaaa33174f2d,True,97,False,000100005c5600312661000100000000,3.2668,none,0,0
arc-17fbc246fb2b0fe4,mus-a85725fe64e78a85,115131,a85725fe64e78a8515f6c62d9dd33d555fc70a894b67eedc39bb61712266af43,True,97,False,00010000d7c600312661000100000000,3.4744,none,0,0
arc-785dde1d41720e61,mus-aa553913b2156c53,21307,aa553913b2156c535fd9482f986f08ca402902f8ca5c278e9a61c513cc076ab4,True,2000,False,00010000495600312661000100000000,3.3523,none,0,0
arc-785dde1d41720e61,mus-11affb01373eb77e,93863,11affb01373eb77e4edc6beb650ec1fb286c4e7fcae5d8bfaa68aac86ef5667a,True,2000,False,00010000897600312661000100000000,3.6333,none,0,0
arc-785dde1d41720e61,mus-cea9e2f52f28bfb1,20371,cea9e2f52f28bfb1639750b5f81ce40eaea0c4459049fa8e05f9fa9d336ff84c,True,2000,False,0001000046d600312661000100000000,3.3395,none,0,0
arc-785dde1d41720e61,mus-02cf5aedce61bd4e,21809,02cf5aedce61bd4ebfd2bbd573ff430153daded4eed1d047931d7be062c25f0d,True,2000,False,00010000479600312661000100000000,3.3648,none,0,0
arc-785dde1d41720e61,mus-15ec9b233136225f,21051,15ec9b233136225f12ae2bc122211338dc5fd3cff24ade15a105663c33b54900,True,2000,False,00010000469600312661000100000000,3.3495,none,0,0
arc-785dde1d41720e61,mus-f879c5edd8c4e7e7,20067,f879c5edd8c4e7e705b4b6f7d43d19f262cc94329ad362cfc62c019f557bcf13,True,2000,False,0001000045f600312661000100000000,3.3199,none,0,0
arc-785dde1d41720e61,mus-b31070a56377b624,22005,b31070a56377b62496efaf630797dff1acb8e6850a15b8cfdeeb63b79de1fedd,True,2000,False,0001000047f600312661000100000000,3.3616,none,0,0
arc-785dde1d41720e61,mus-6553b158f7cff594,20473,6553b158f7cff594a4846f0a483e5ed1805f3da6c846d5a0b3924d4ef269014a,True,2000,False,00010000461600312661000100000000,3.3304,none,0,0
arc-785dde1d41720e61,mus-3501a8bdefb28717,21975,3501a8bdefb287178c54c467f49cc9bb34bc5313187af8e1de2eaa1bdc461499,True,2000,False,00010000467600312661000100000000,3.3393,none,0,0
arc-785dde1d41720e61,mus-7f09920de16277b1,20329,7f09920de16277b108eedcb7db9608c1e9d06df6261c7ad630200ee262448f37,True,2000,False,00010000458600312661000100000000,3.3204,none,0,0
arc-785dde1d41720e61,mus-4893963064933c77,21921,4893963064933c779b77064ba5233b732ef2ef236ecdf579940137747aad97f4,True,2000,False,0001000049c600312661000100000000,3.3434,none,0,0
arc-785dde1d41720e61,mus-4c2ffbaf1f32229c,57589,4c2ffbaf1f32229ce4117993dd288afb51648a8720813a6cbff59d4a1a9535ad,True,2002,True,000f000044f11b3623b1000400c03011,7.6471,none,0,0
arc-785dde1d41720e61,mus-baf04c0390a2fd12,112660,baf04c0390a2fd1277f60fc0a571e20138da26948cf83ae88c593b6258c21b60,True,2000,True,0100764101005a006126010000000000,3.7051,none,0,0
arc-84fd987e4c81fa7c,mus-89ce3ed8eb27df1c,19391,89ce3ed8eb27df1c2675206f1db5e19bd6ab020de22f7fbab83da00f25414643,True,97,True,00010000431600312661000100000000,3.3189,none,0,0
arc-84fd987e4c81fa7c,mus-1de56e86c2a3ad34,7032,1de56e86c2a3ad340ab1873fa9f270dc8f06c6401ec6832f0a50a7b5d9118daf,True,2002,True,000f0000154bf73173d1000400c43011,7.6875,none,0,0
arc-84fd987e4c81fa7c,mus-a03a5f4f6aacf182,6671,a03a5f4f6aacf182eab067695d55ac2b3d6fef11775337a65e005601a4774cb9,True,2002,True,000f00001425331d2342000400c43011,7.7007,none,0,0
arc-84fd987e4c81fa7c,mus-c431943270ed2d15,20093,c431943270ed2d1511fba82beeee42f8b04fac82ed322ad56dc357b1b7a0ae4e,True,2000,False,0001000045b600312661000100000000,3.3212,none,0,0
arc-84fd987e4c81fa7c,mus-794e09f86dbd0e76,25009,794e09f86dbd0e76717f2dd4343eca9edd517fbbc4d26d0ab99c292fac920a75,True,2000,False,0001000048d600312661000100000000,3.4141,none,0,0
arc-84fd987e4c81fa7c,mus-aa553913b2156c53,21307,aa553913b2156c535fd9482f986f08ca402902f8ca5c278e9a61c513cc076ab4,True,2000,False,00010000495600312661000100000000,3.3523,none,0,0
arc-84fd987e4c81fa7c,mus-21e22f4f76ea6c8d,20959,21e22f4f76ea6c8d61506c799fa883a45a29631ead619787229dcc7ba28414af,True,2000,True,0001000047b600312661000100000000,3.3250,none,0,0
arc-84fd987e4c81fa7c,mus-f33e7f20f7dd0d2a,23895,f33e7f20f7dd0d2a77887b26a32b519722dde3312cd16279bf27d83b8e56ca49,True,2000,False,0001000047a600312661000100000000,3.3281,none,0,0
arc-84fd987e4c81fa7c,mus-bfbfdabc42ac2d94,19909,bfbfdabc42ac2d94bc746ef1d1a993a970052c96250b6292cb2a2ea3e930bb9e,True,2000,False,0001000045b600312661000100000000,3.3204,none,0,0
arc-84fd987e4c81fa7c,mus-17369c1d72ad3e05,94135,17369c1d72ad3e0529195bdb59d0670fb9f11f12b5b9481aa677aacdfcf56175,True,2000,False,000100008a7600312661000100000000,3.6332,none,0,0
arc-84fd987e4c81fa7c,mus-645ac9da0acaf4d7,18879,645ac9da0acaf4d7416d40fa0443496ccfbcbb9e8d1b5c4ea73a7f22919ca070,True,97,True,00010000422600312661000100000000,3.3072,none,0,0
arc-84fd987e4c81fa7c,mus-f3e9ef8950e4d49e,18793,f3e9ef8950e4d49e487f37e6c2ac755a6396289793c6deecd69eca1b3448bfb0,True,97,True,00010000422600312661000100000000,3.3061,none,0,0
arc-84fd987e4c81fa7c,mus-72553498b152f984,19997,72553498b152f9841b9fdb69c99a15b01c68cf2ef244865c1d3b074162d57a90,True,2000,False,00010000455600312661000100000000,3.3119,none,0,0
arc-84fd987e4c81fa7c,mus-3a8b724cf3adba80,20149,3a8b724cf3adba8008f41a3e6be0e57cce63100d3cc13a73bf24bcbdec5ac376,True,2000,False,00010000453600312661000100000000,3.3151,none,0,0
arc-84fd987e4c81fa7c,mus-4f609ff3244e9450,7435,4f609ff3244e94500f5874ae7927c989630dfcc1832f4842e22a4015f75a3b11,True,2002,True,000f000017b1f89d488f000400c43011,7.6586,none,0,0
arc-84fd987e4c81fa7c,mus-91a68b7f67e10791,21931,91a68b7f67e107915cca982128b80dc08df5495c5f31bdc5f86f6fdc659bfd35,True,2000,False,00010000489600312661000100000000,3.3821,none,0,0
arc-84fd987e4c81fa7c,mus-02cf5aedce61bd4e,21809,02cf5aedce61bd4ebfd2bbd573ff430153daded4eed1d047931d7be062c25f0d,True,2000,False,00010000479600312661000100000000,3.3648,none,0,0
arc-84fd987e4c81fa7c,mus-15ec9b233136225f,21051,15ec9b233136225f12ae2bc122211338dc5fd3cff24ade15a105663c33b54900,True,2000,False,00010000469600312661000100000000,3.3495,none,0,0
arc-84fd987e4c81fa7c,mus-f879c5edd8c4e7e7,20067,f879c5edd8c4e7e705b4b6f7d43d19f262cc94329ad362cfc62c019f557bcf13,True,2000,False,0001000045f600312661000100000000,3.3199,none,0,0
arc-84fd987e4c81fa7c,mus-b31070a56377b624,22005,b31070a56377b62496efaf630797dff1acb8e6850a15b8cfdeeb63b79de1fedd,True,2000,False,0001000047f600312661000100000000,3.3616,none,0,0
arc-84fd987e4c81fa7c,mus-85205b4af9c9eee8,21561,85205b4af9c9eee8b3fcc8466dd00eb42fcfeba7ec45d5a5e5e3d0c29d971acd,True,2000,False,0001000047b600312661000100000000,3.3605,none,0,0
arc-84fd987e4c81fa7c,mus-3501a8bdefb28717,21975,3501a8bdefb287178c54c467f49cc9bb34bc5313187af8e1de2eaa1bdc461499,True,2000,False,00010000467600312661000100000000,3.3393,none,0,0
arc-84fd987e4c81fa7c,mus-7f09920de16277b1,20329,7f09920de16277b108eedcb7db9608c1e9d06df6261c7ad630200ee262448f37,True,2000,False,00010000458600312661000100000000,3.3204,none,0,0
arc-84fd987e4c81fa7c,mus-4ee520004faafb33,21601,4ee520004faafb33d1446a2b322386f7f7493aaa748b8b1b400266adb49125b2,True,2000,False,0001000049a600312661000100000000,3.3409,none,0,0
arc-84fd987e4c81fa7c,mus-4c2ffbaf1f32229c,57589,4c2ffbaf1f32229ce4117993dd288afb51648a8720813a6cbff59d4a1a9535ad,True,2002,True,000f000044f11b3623b1000400c03011,7.6471,none,0,0
arc-84fd987e4c81fa7c,mus-e61f7e1b10423f66,21941,e61f7e1b10423f66b7ea959cc68e3ac476dc3109e208347bdc0d8c4515194718,True,2000,False,00010000464600312661000100000000,3.3105,none,0,0
arc-84fd987e4c81fa7c,mus-b2d9dcf1ec2d48cb,21893,b2d9dcf1ec2d48cbd74513888a3da1d688c35aabebb4c9ed854ea224d6d3bcea,True,2000,False,0001000047c600312661000100000000,3.3757,none,0,0
arc-84fd987e4c81fa7c,mus-8df43d75fab0c654,21137,8df43d75fab0c65479f90de5de01deb4c02944200e1900b64e8a1251790fe863,True,2000,False,00010000458600312661000100000000,3.3097,none,0,0
arc-84fd987e4c81fa7c,mus-a2b773298e64f7c0,6793,a2b773298e64f7c0807c4c0429bb477279b96ba74ca6531f324ef5e3b684d94e,True,2002,True,000f0000143bb3006434000400c43011,7.7064,none,0,0
arc-84fd987e4c81fa7c,mus-baf04c0390a2fd12,112660,baf04c0390a2fd1277f60fc0a571e20138da26948cf83ae88c593b6258c21b60,True,2000,True,0100764101005a006126010000000000,3.7051,none,0,0
arc-47414c44c07e4598,mus-89ce3ed8eb27df1c,19391,89ce3ed8eb27df1c2675206f1db5e19bd6ab020de22f7fbab83da00f25414643,True,97,True,00010000431600312661000100000000,3.3189,none,0,0
arc-47414c44c07e4598,mus-1de56e86c2a3ad34,7032,1de56e86c2a3ad340ab1873fa9f270dc8f06c6401ec6832f0a50a7b5d9118daf,True,2002,True,000f0000154bf73173d1000400c43011,7.6875,none,0,0
arc-47414c44c07e4598,mus-a03a5f4f6aacf182,6671,a03a5f4f6aacf182eab067695d55ac2b3d6fef11775337a65e005601a4774cb9,True,2002,True,000f00001425331d2342000400c43011,7.7007,none,0,0
arc-47414c44c07e4598,mus-c431943270ed2d15,20093,c431943270ed2d1511fba82beeee42f8b04fac82ed322ad56dc357b1b7a0ae4e,True,2000,False,0001000045b600312661000100000000,3.3212,none,0,0
arc-47414c44c07e4598,mus-794e09f86dbd0e76,25009,794e09f86dbd0e76717f2dd4343eca9edd517fbbc4d26d0ab99c292fac920a75,True,2000,False,0001000048d600312661000100000000,3.4141,none,0,0
arc-47414c44c07e4598,mus-aa553913b2156c53,21307,aa553913b2156c535fd9482f986f08ca402902f8ca5c278e9a61c513cc076ab4,True,2000,False,00010000495600312661000100000000,3.3523,none,0,0
arc-47414c44c07e4598,mus-21e22f4f76ea6c8d,20959,21e22f4f76ea6c8d61506c799fa883a45a29631ead619787229dcc7ba28414af,True,2000,True,0001000047b600312661000100000000,3.3250,none,0,0
arc-47414c44c07e4598,mus-f33e7f20f7dd0d2a,23895,f33e7f20f7dd0d2a77887b26a32b519722dde3312cd16279bf27d83b8e56ca49,True,2000,False,0001000047a600312661000100000000,3.3281,none,0,0
arc-47414c44c07e4598,mus-5b95aaf5c41195e4,19733,5b95aaf5c41195e4433fffb36c6cb0687beac242113477e076a31c43c88783aa,True,97,True,00010000441600312661000100000000,3.3077,none,0,0
arc-47414c44c07e4598,mus-bfbfdabc42ac2d94,19909,bfbfdabc42ac2d94bc746ef1d1a993a970052c96250b6292cb2a2ea3e930bb9e,True,2000,False,0001000045b600312661000100000000,3.3204,none,0,0
arc-47414c44c07e4598,mus-7e7a2e84756b7380,6104,7e7a2e84756b73804d8da951b15bc4b8239fcb17ce5d43c00e8e20b22268c2dd,True,2002,True,000f000013826d31787a000400c43011,7.6389,none,0,0
arc-47414c44c07e4598,mus-17369c1d72ad3e05,94135,17369c1d72ad3e0529195bdb59d0670fb9f11f12b5b9481aa677aacdfcf56175,True,2000,False,000100008a7600312661000100000000,3.6332,none,0,0
arc-47414c44c07e4598,mus-645ac9da0acaf4d7,18879,645ac9da0acaf4d7416d40fa0443496ccfbcbb9e8d1b5c4ea73a7f22919ca070,True,97,True,00010000422600312661000100000000,3.3072,none,0,0
arc-47414c44c07e4598,mus-f3e9ef8950e4d49e,18793,f3e9ef8950e4d49e487f37e6c2ac755a6396289793c6deecd69eca1b3448bfb0,True,97,True,00010000422600312661000100000000,3.3061,none,0,0
arc-47414c44c07e4598,mus-07bb32110967763b,19225,07bb32110967763b6628d9ba21dda9a0aaadc288912bef338f066cda48c1c2d3,True,97,True,0001000043b600312661000100000000,3.3168,none,0,0
arc-47414c44c07e4598,mus-72553498b152f984,19997,72553498b152f9841b9fdb69c99a15b01c68cf2ef244865c1d3b074162d57a90,True,2000,False,00010000455600312661000100000000,3.3119,none,0,0
arc-47414c44c07e4598,mus-3a8b724cf3adba80,20149,3a8b724cf3adba8008f41a3e6be0e57cce63100d3cc13a73bf24bcbdec5ac376,True,2000,False,00010000453600312661000100000000,3.3151,none,0,0
arc-47414c44c07e4598,mus-179dfb5d2e481125,6794,179dfb5d2e481125a4dc46ce924edbd31a6e2c2364c5fa660e0a92b00a5d9fce,True,2002,True,000f0000151e8d228260000400c43011,7.6810,none,0,0
arc-47414c44c07e4598,mus-4f609ff3244e9450,7435,4f609ff3244e94500f5874ae7927c989630dfcc1832f4842e22a4015f75a3b11,True,2002,True,000f000017b1f89d488f000400c43011,7.6586,none,0,0
arc-47414c44c07e4598,mus-14816048bc29d651,7024,14816048bc29d65193bec1f1ae1550177b5636a4689453a4f7605d1c9fe4cfbb,True,2003,True,000f000015b20c2a36d2000400c43011,7.7031,none,0,0
arc-47414c44c07e4598,mus-91a68b7f67e10791,21931,91a68b7f67e107915cca982128b80dc08df5495c5f31bdc5f86f6fdc659bfd35,True,2000,False,00010000489600312661000100000000,3.3821,none,0,0
arc-47414c44c07e4598,mus-02cf5aedce61bd4e,21809,02cf5aedce61bd4ebfd2bbd573ff430153daded4eed1d047931d7be062c25f0d,True,2000,False,00010000479600312661000100000000,3.3648,none,0,0
arc-47414c44c07e4598,mus-15ec9b233136225f,21051,15ec9b233136225f12ae2bc122211338dc5fd3cff24ade15a105663c33b54900,True,2000,False,00010000469600312661000100000000,3.3495,none,0,0
arc-47414c44c07e4598,mus-f879c5edd8c4e7e7,20067,f879c5edd8c4e7e705b4b6f7d43d19f262cc94329ad362cfc62c019f557bcf13,True,2000,False,0001000045f600312661000100000000,3.3199,none,0,0
arc-47414c44c07e4598,mus-b31070a56377b624,22005,b31070a56377b62496efaf630797dff1acb8e6850a15b8cfdeeb63b79de1fedd,True,2000,False,0001000047f600312661000100000000,3.3616,none,0,0
arc-47414c44c07e4598,mus-85205b4af9c9eee8,21561,85205b4af9c9eee8b3fcc8466dd00eb42fcfeba7ec45d5a5e5e3d0c29d971acd,True,2000,False,0001000047b600312661000100000000,3.3605,none,0,0
arc-47414c44c07e4598,mus-3501a8bdefb28717,21975,3501a8bdefb287178c54c467f49cc9bb34bc5313187af8e1de2eaa1bdc461499,True,2000,False,00010000467600312661000100000000,3.3393,none,0,0
arc-47414c44c07e4598,mus-7f09920de16277b1,20329,7f09920de16277b108eedcb7db9608c1e9d06df6261c7ad630200ee262448f37,True,2000,False,00010000458600312661000100000000,3.3204,none,0,0
arc-47414c44c07e4598,mus-4ee520004faafb33,21601,4ee520004faafb33d1446a2b322386f7f7493aaa748b8b1b400266adb49125b2,True,2000,False,0001000049a600312661000100000000,3.3409,none,0,0
arc-47414c44c07e4598,mus-4c2ffbaf1f32229c,57589,4c2ffbaf1f32229ce4117993dd288afb51648a8720813a6cbff59d4a1a9535ad,True,2002,True,000f000044f11b3623b1000400c03011,7.6471,none,0,0
arc-47414c44c07e4598,mus-e61f7e1b10423f66,21941,e61f7e1b10423f66b7ea959cc68e3ac476dc3109e208347bdc0d8c4515194718,True,2000,False,00010000464600312661000100000000,3.3105,none,0,0
arc-47414c44c07e4598,mus-b2d9dcf1ec2d48cb,21893,b2d9dcf1ec2d48cbd74513888a3da1d688c35aabebb4c9ed854ea224d6d3bcea,True,2000,False,0001000047c600312661000100000000,3.3757,none,0,0
arc-47414c44c07e4598,mus-8df43d75fab0c654,21137,8df43d75fab0c65479f90de5de01deb4c02944200e1900b64e8a1251790fe863,True,2000,False,00010000458600312661000100000000,3.3097,none,0,0
arc-47414c44c07e4598,mus-a2b773298e64f7c0,6793,a2b773298e64f7c0807c4c0429bb477279b96ba74ca6531f324ef5e3b684d94e,True,2002,True,000f0000143bb3006434000400c43011,7.7064,none,0,0
arc-47414c44c07e4598,mus-349d6da9f63ce02b,7098,349d6da9f63ce02bf86762b7c66e6ef7067cfa3e2bc80df22c4ea871c73aa52d,True,2003,True,000f000015939216aee6000400c43011,7.7161,none,0,0
arc-47414c44c07e4598,mus-baf04c0390a2fd12,112660,baf04c0390a2fd1277f60fc0a571e20138da26948cf83ae88c593b6258c21b60,True,2000,True,0100764101005a006126010000000000,3.7051,none,0,0
arc-47414c44c07e4598,mus-c4540bb157662939,19293,c4540bb15766293907308afbb1ded979461eb59419626b37e15a98afbc7fbffa,True,97,True,00010000431600312661000100000000,3.3190,none,0,0
arc-47414c44c07e4598,mus-4c13a94a52080dcd,20837,4c13a94a52080dcdce733a0720cb3930b0c6c47f7e538956f55b9e91880a7f32,True,97,True,00010000461600312661000100000000,3.3417,none,0,0
arc-47414c44c07e4598,mus-47a19375e0a05fba,54663,47a19375e0a05fba3d9c4fea5166e97028ce5adebbd188f50a3917f8418b086e,True,2002,True,000f0000478a0c6f33e1000400c03011,7.6961,none,0,0
arc-245bc2fbb8a596e4,mus-89ce3ed8eb27df1c,19391,89ce3ed8eb27df1c2675206f1db5e19bd6ab020de22f7fbab83da00f25414643,True,97,True,00010000431600312661000100000000,3.3189,none,0,0
arc-245bc2fbb8a596e4,mus-59e2ef2bdc0a9416,3576,59e2ef2bdc0a9416a1cdd0f23cab730c4599f36064576c47055ed3814aa4f57f,True,2004,True,000f00000a589db7d422000400c43061,7.6223,none,0,0
arc-245bc2fbb8a596e4,mus-6ebf82c156b4068a,7432,6ebf82c156b4068aa6b4c8811ad98ee7411a28ec40391efcc9ffa3f57d310ff2,True,2002,True,000f000015fa0c0b9f98000400c43011,7.7104,none,0,0
arc-245bc2fbb8a596e4,mus-d8c3fb79994d0615,48379,d8c3fb79994d0615ab362809d51377a4953deccae9d9b708910d4d3607d3ca4e,True,2003,True,000f00005c0ddf5b6ae7000400c43011,7.5776,none,0,0
arc-245bc2fbb8a596e4,mus-24e8d482ddc433b1,7047,24e8d482ddc433b1dedfca3f346eb6eb47d980c4df915c2285c0cb02f8f6655f,True,2003,True,000f0000156a44af1b9a000400c43011,7.7092,none,0,0
arc-245bc2fbb8a596e4,mus-fb865fb6ac00dfe4,6958,fb865fb6ac00dfe47d76cd359f642fd5171182e7b2afeac762dedabfcd194c74,True,2003,True,000f0000154e325325fb000400c43011,7.6969,none,0,0
arc-245bc2fbb8a596e4,mus-0d9fee5e183ee7f9,6942,0d9fee5e183ee7f9e32e47a7d3edc953f67d99a8d82c03fcdb236cc8bc667a85,True,2003,True,000f0000154e5f770242000400c43011,7.6964,none,0,0
arc-245bc2fbb8a596e4,mus-db63fb8ea470442e,7031,db63fb8ea470442edf0547bce747fc65fc24c9e4d1eb9516a19cf1651f127304,True,2003,True,000f0000152cb62eaa75000400c43011,7.7041,none,0,0
arc-245bc2fbb8a596e4,mus-911401494ae5298d,6939,911401494ae5298d78723cb95ddbaa587651078f67fff31aa2579059b0e375f4,True,2003,True,000f0000154bcae3ede2000400c43011,7.6925,none,0,0
arc-245bc2fbb8a596e4,mus-80154697115b9b08,6926,80154697115b9b086f19a6ac43b9f9c9e9faa5227b0e7b441a24abfbe84c90ac,True,2002,True,000f0000151ef59cea1a000400c43011,7.6987,none,0,0
arc-245bc2fbb8a596e4,mus-a03a5f4f6aacf182,6671,a03a5f4f6aacf182eab067695d55ac2b3d6fef11775337a65e005601a4774cb9,True,2002,True,000f00001425331d2342000400c43011,7.7007,none,0,0
arc-245bc2fbb8a596e4,mus-66f5aeb0315a8381,6927,66f5aeb0315a838191fefdb7d3dc51161669c2b6362c090e7f383847035b26ef,True,2003,True,000f0000152fcdead9ac000400c43011,7.6987,none,0,0
arc-245bc2fbb8a596e4,mus-c7e0faa94df7fc67,3294,c7e0faa94df7fc6782953b9a51304b2b46ae50d7f37154dd619c2682ab34fac2,True,2004,True,000f000009b0e7b21967000400c43061,7.5739,none,0,0
arc-245bc2fbb8a596e4,mus-c431943270ed2d15,20093,c431943270ed2d1511fba82beeee42f8b04fac82ed322ad56dc357b1b7a0ae4e,True,2000,False,0001000045b600312661000100000000,3.3212,none,0,0
arc-245bc2fbb8a596e4,mus-f780d2453d79d0e1,6977,f780d2453d79d0e19dbc94c8c9cc92c29587d3c4a8478466d2e265c716fc0af0,True,2003,True,000f0000159acda891c4000400c43011,7.6823,none,0,0
arc-245bc2fbb8a596e4,mus-f1080c13aad8092f,19381,f1080c13aad8092f20fb93ab9a0c12caa7d3787a57d75ab29d6099303ce1d188,True,97,True,0001000042f600312661000100000000,3.3184,none,0,0
arc-245bc2fbb8a596e4,mus-794e09f86dbd0e76,25009,794e09f86dbd0e76717f2dd4343eca9edd517fbbc4d26d0ab99c292fac920a75,True,2000,False,0001000048d600312661000100000000,3.4141,none,0,0
arc-245bc2fbb8a596e4,mus-71c74ed45f158193,6952,71c74ed45f1581930787fba2122ad5d5162572cf532b5e2bc58c2cd36bf98a49,True,2003,True,000f000015db369b3ed3000400c43011,7.6925,none,0,0
arc-245bc2fbb8a596e4,mus-aa553913b2156c53,21307,aa553913b2156c535fd9482f986f08ca402902f8ca5c278e9a61c513cc076ab4,True,2000,False,00010000495600312661000100000000,3.3523,none,0,0
arc-245bc2fbb8a596e4,mus-21e22f4f76ea6c8d,20959,21e22f4f76ea6c8d61506c799fa883a45a29631ead619787229dcc7ba28414af,True,2000,True,0001000047b600312661000100000000,3.3250,none,0,0
arc-245bc2fbb8a596e4,mus-f33e7f20f7dd0d2a,23895,f33e7f20f7dd0d2a77887b26a32b519722dde3312cd16279bf27d83b8e56ca49,True,2000,False,0001000047a600312661000100000000,3.3281,none,0,0
arc-245bc2fbb8a596e4,mus-5b95aaf5c41195e4,19733,5b95aaf5c41195e4433fffb36c6cb0687beac242113477e076a31c43c88783aa,True,97,True,00010000441600312661000100000000,3.3077,none,0,0
arc-245bc2fbb8a596e4,mus-bfbfdabc42ac2d94,19909,bfbfdabc42ac2d94bc746ef1d1a993a970052c96250b6292cb2a2ea3e930bb9e,True,2000,False,0001000045b600312661000100000000,3.3204,none,0,0
arc-245bc2fbb8a596e4,mus-7e7a2e84756b7380,6104,7e7a2e84756b73804d8da951b15bc4b8239fcb17ce5d43c00e8e20b22268c2dd,True,2002,True,000f000013826d31787a000400c43011,7.6389,none,0,0
arc-245bc2fbb8a596e4,mus-17369c1d72ad3e05,94135,17369c1d72ad3e0529195bdb59d0670fb9f11f12b5b9481aa677aacdfcf56175,True,2000,False,000100008a7600312661000100000000,3.6332,none,0,0
arc-245bc2fbb8a596e4,mus-645ac9da0acaf4d7,18879,645ac9da0acaf4d7416d40fa0443496ccfbcbb9e8d1b5c4ea73a7f22919ca070,True,97,True,00010000422600312661000100000000,3.3072,none,0,0
arc-245bc2fbb8a596e4,mus-f3e9ef8950e4d49e,18793,f3e9ef8950e4d49e487f37e6c2ac755a6396289793c6deecd69eca1b3448bfb0,True,97,True,00010000422600312661000100000000,3.3061,none,0,0
arc-245bc2fbb8a596e4,mus-d1a90cc453593325,7025,d1a90cc453593325e893e82f18fe1a026ba956011a7255925fca2a3157cd0a34,True,2003,True,000f0000162491454310000400c43011,7.6826,none,0,0
arc-245bc2fbb8a596e4,mus-07bb32110967763b,19225,07bb32110967763b6628d9ba21dda9a0aaadc288912bef338f066cda48c1c2d3,True,97,True,0001000043b600312661000100000000,3.3168,none,0,0
arc-245bc2fbb8a596e4,mus-7a941673c7f1fc38,6903,7a941673c7f1fc38654e743e6b591dd8bdbc0919987229c1eaea1e83c9b9befe,True,2003,True,000f000015aad45768ec000400c43011,7.6877,none,0,0
arc-245bc2fbb8a596e4,mus-72553498b152f984,19997,72553498b152f9841b9fdb69c99a15b01c68cf2ef244865c1d3b074162d57a90,True,2000,False,00010000455600312661000100000000,3.3119,none,0,0
arc-245bc2fbb8a596e4,mus-bae7740587c1f769,6883,bae7740587c1f7692529dc262767ff5e6381edede280136838b220e1d9494314,True,2003,True,000f0000152c8146388f000400c43011,7.6975,none,0,0
arc-245bc2fbb8a596e4,mus-9ae245d230bc9ff4,6811,9ae245d230bc9ff42a06c35524fed13c7868962b3aeea3eb2d595622cb74dd1f,True,2003,True,000f0000150851643cc0000400c43011,7.6985,none,0,0
arc-245bc2fbb8a596e4,mus-3a8b724cf3adba80,20149,3a8b724cf3adba8008f41a3e6be0e57cce63100d3cc13a73bf24bcbdec5ac376,True,2000,False,00010000453600312661000100000000,3.3151,none,0,0
arc-245bc2fbb8a596e4,mus-b4c6e4247ffcca82,7299,b4c6e4247ffcca827da225a7d24c8136475bb106f56df65cb391a2c413d57d26,True,2003,True,000f000015f41bd2eed1000400c43011,7.7086,none,0,0
arc-245bc2fbb8a596e4,mus-179dfb5d2e481125,6794,179dfb5d2e481125a4dc46ce924edbd31a6e2c2364c5fa660e0a92b00a5d9fce,True,2002,True,000f0000151e8d228260000400c43011,7.6810,none,0,0
arc-245bc2fbb8a596e4,mus-4f609ff3244e9450,7435,4f609ff3244e94500f5874ae7927c989630dfcc1832f4842e22a4015f75a3b11,True,2002,True,000f000017b1f89d488f000400c43011,7.6586,none,0,0
arc-245bc2fbb8a596e4,mus-14816048bc29d651,7024,14816048bc29d65193bec1f1ae1550177b5636a4689453a4f7605d1c9fe4cfbb,True,2003,True,000f000015b20c2a36d2000400c43011,7.7031,none,0,0
arc-245bc2fbb8a596e4,mus-bf8a2d7e1feccad7,7552,bf8a2d7e1feccad7356ac1f14a1a65b122d19edc7251eaa6c990e9813fc08442,True,2003,True,000f00001675cbd5145f000400c43011,7.7091,none,0,0
arc-245bc2fbb8a596e4,mus-02cf5aedce61bd4e,21809,02cf5aedce61bd4ebfd2bbd573ff430153daded4eed1d047931d7be062c25f0d,True,2000,False,00010000479600312661000100000000,3.3648,none,0,0
arc-245bc2fbb8a596e4,mus-15ec9b233136225f,21051,15ec9b233136225f12ae2bc122211338dc5fd3cff24ade15a105663c33b54900,True,2000,False,00010000469600312661000100000000,3.3495,none,0,0
arc-245bc2fbb8a596e4,mus-f879c5edd8c4e7e7,20067,f879c5edd8c4e7e705b4b6f7d43d19f262cc94329ad362cfc62c019f557bcf13,True,2000,False,0001000045f600312661000100000000,3.3199,none,0,0
arc-245bc2fbb8a596e4,mus-b31070a56377b624,22005,b31070a56377b62496efaf630797dff1acb8e6850a15b8cfdeeb63b79de1fedd,True,2000,False,0001000047f600312661000100000000,3.3616,none,0,0
arc-245bc2fbb8a596e4,mus-85205b4af9c9eee8,21561,85205b4af9c9eee8b3fcc8466dd00eb42fcfeba7ec45d5a5e5e3d0c29d971acd,True,2000,False,0001000047b600312661000100000000,3.3605,none,0,0
arc-245bc2fbb8a596e4,mus-3501a8bdefb28717,21975,3501a8bdefb287178c54c467f49cc9bb34bc5313187af8e1de2eaa1bdc461499,True,2000,False,00010000467600312661000100000000,3.3393,none,0,0
arc-245bc2fbb8a596e4,mus-7f09920de16277b1,20329,7f09920de16277b108eedcb7db9608c1e9d06df6261c7ad630200ee262448f37,True,2000,False,00010000458600312661000100000000,3.3204,none,0,0
arc-245bc2fbb8a596e4,mus-4ee520004faafb33,21601,4ee520004faafb33d1446a2b322386f7f7493aaa748b8b1b400266adb49125b2,True,2000,False,0001000049a600312661000100000000,3.3409,none,0,0
arc-245bc2fbb8a596e4,mus-4c2ffbaf1f32229c,57589,4c2ffbaf1f32229ce4117993dd288afb51648a8720813a6cbff59d4a1a9535ad,True,2002,True,000f000044f11b3623b1000400c03011,7.6471,none,0,0
arc-245bc2fbb8a596e4,mus-e61f7e1b10423f66,21941,e61f7e1b10423f66b7ea959cc68e3ac476dc3109e208347bdc0d8c4515194718,True,2000,False,00010000464600312661000100000000,3.3105,none,0,0
arc-245bc2fbb8a596e4,mus-b2d9dcf1ec2d48cb,21893,b2d9dcf1ec2d48cbd74513888a3da1d688c35aabebb4c9ed854ea224d6d3bcea,True,2000,False,0001000047c600312661000100000000,3.3757,none,0,0
arc-245bc2fbb8a596e4,mus-8df43d75fab0c654,21137,8df43d75fab0c65479f90de5de01deb4c02944200e1900b64e8a1251790fe863,True,2000,False,00010000458600312661000100000000,3.3097,none,0,0
arc-245bc2fbb8a596e4,mus-a2b773298e64f7c0,6793,a2b773298e64f7c0807c4c0429bb477279b96ba74ca6531f324ef5e3b684d94e,True,2002,True,000f0000143bb3006434000400c43011,7.7064,none,0,0
arc-245bc2fbb8a596e4,mus-91a68b7f67e10791,21931,91a68b7f67e107915cca982128b80dc08df5495c5f31bdc5f86f6fdc659bfd35,True,2000,True,00010000489600312661000100000000,3.3821,none,0,0
arc-245bc2fbb8a596e4,mus-76f77e0eed85f646,11190,76f77e0eed85f6462d38f096663d9d4581c71b6d0d8fd52bcc44fbdc4f6fe25c,True,2003,True,000f000018c09bca7a6b000400c43011,7.7850,none,0,0
arc-245bc2fbb8a596e4,mus-8eb13cc6ed55aabd,7481,8eb13cc6ed55aabdff4ae84d61ffeb3b8ceda73a545100a438994c04eec65877,True,2003,True,000f0000167ed6976ae6000400c43011,7.7118,none,0,0
arc-245bc2fbb8a596e4,mus-2830345e776c26ec,7129,2830345e776c26ecc8723c25811217323a330801bf381228a4f40808148f3bc6,True,2002,True,000f00001549703ab025000400c43011,7.7228,none,0,0
arc-245bc2fbb8a596e4,mus-23d53e1722e95ca1,7916,23d53e1722e95ca1e37fce361e1712178a11a62aaec3528a6084ce8f7da7c39d,True,2003,True,000f000016168130a282000400c43011,7.7539,none,0,0
arc-245bc2fbb8a596e4,mus-349d6da9f63ce02b,7098,349d6da9f63ce02bf86762b7c66e6ef7067cfa3e2bc80df22c4ea871c73aa52d,True,2003,True,000f000015939216aee6000400c43011,7.7161,none,0,0
arc-245bc2fbb8a596e4,mus-1c6ebc82db7ec32b,6859,1c6ebc82db7ec32b17c8cbd1ce5ffd4a9dea8c8f72313ae745b854622d60bfc9,True,2003,True,000f0000150a8c6aa12a000400c43011,7.7015,none,0,0
arc-245bc2fbb8a596e4,mus-01c845fbcdfc27a4,22620,01c845fbcdfc27a4f61033f66dbd16bf3a72a2bde6ff4cc4dda46733389ebf03,True,97,True,646a206173646b6173646a6c6b6a2061,3.7335,none,0,0
arc-245bc2fbb8a596e4,mus-35b764881cf54f67,18677,35b764881cf54f67e2e4dfcd3d1f7071a330fd03e0f7a5afb6314a6b4857eb29,True,97,True,0001000042a600312661000100000000,3.3191,none,0,0
arc-245bc2fbb8a596e4,mus-598235678a9ff161,20291,598235678a9ff161642cf4c7e5a4e25f9a6f658e75f99d300d5a0d4c241fb214,True,2000,True,0001000048c600312661000100000000,3.3010,none,0,0
arc-245bc2fbb8a596e4,mus-b8ea2439d152f4a8,93345,b8ea2439d152f4a8d1dff4a91c6fae6a06b308c29157c9daf545701b3b31c362,True,2002,True,0f00171101001d55a2ad000462000863,7.5960,none,0,0
arc-245bc2fbb8a596e4,mus-ecd2fe88676ee47a,47263,ecd2fe88676ee47aa4d76789152ee779066b9e57f958735923b42d7ce4a61d53,True,97,True,00010000897600312661000100000000,3.2368,none,0,0
arc-245bc2fbb8a596e4,mus-302c33d4dffb58dc,59531,302c33d4dffb58dca4858f0e0043dd9537a51d303761dfbc3b9f541cc2756072,True,2003,True,000f0000530e2966bf49000400c03011,7.6683,none,0,0
arc-245bc2fbb8a596e4,mus-cf0e36e5f32091eb,47359,cf0e36e5f32091eba84523477006e4fdb9078241ad720b9b5eeefa6edfb99bc2,True,2000,True,00010000870600312661000100000000,3.3840,none,0,0
arc-245bc2fbb8a596e4,mus-7591273e1e295e7c,18817,7591273e1e295e7ca54ff276ddce39d903194c14395e0df69223c6d9d9e06c98,True,97,False,0001000042b600312661000100000000,3.3199,none,0,0
arc-245bc2fbb8a596e4,mus-baf04c0390a2fd12,112660,baf04c0390a2fd1277f60fc0a571e20138da26948cf83ae88c593b6258c21b60,True,2000,True,0100764101005a006126010000000000,3.7051,none,0,0
arc-245bc2fbb8a596e4,mus-c4540bb157662939,19293,c4540bb15766293907308afbb1ded979461eb59419626b37e15a98afbc7fbffa,True,97,True,00010000431600312661000100000000,3.3190,none,0,0
arc-245bc2fbb8a596e4,mus-4c13a94a52080dcd,20837,4c13a94a52080dcdce733a0720cb3930b0c6c47f7e538956f55b9e91880a7f32,True,97,True,00010000461600312661000100000000,3.3417,none,0,0
arc-245bc2fbb8a596e4,mus-47a19375e0a05fba,54663,47a19375e0a05fba3d9c4fea5166e97028ce5adebbd188f50a3917f8418b086e,True,2002,True,000f0000478a0c6f33e1000400c03011,7.6961,none,0,0
arc-71077f8152f8cdfa,mus-89ce3ed8eb27df1c,19391,89ce3ed8eb27df1c2675206f1db5e19bd6ab020de22f7fbab83da00f25414643,True,97,True,00010000431600312661000100000000,3.3189,none,0,0
arc-71077f8152f8cdfa,mus-59e2ef2bdc0a9416,3576,59e2ef2bdc0a9416a1cdd0f23cab730c4599f36064576c47055ed3814aa4f57f,True,2004,True,000f00000a589db7d422000400c43061,7.6223,none,0,0
arc-71077f8152f8cdfa,mus-6ebf82c156b4068a,7432,6ebf82c156b4068aa6b4c8811ad98ee7411a28ec40391efcc9ffa3f57d310ff2,True,2002,True,000f000015fa0c0b9f98000400c43011,7.7104,none,0,0
arc-71077f8152f8cdfa,mus-d8c3fb79994d0615,48379,d8c3fb79994d0615ab362809d51377a4953deccae9d9b708910d4d3607d3ca4e,True,2003,True,000f00005c0ddf5b6ae7000400c43011,7.5776,none,0,0
arc-71077f8152f8cdfa,mus-24e8d482ddc433b1,7047,24e8d482ddc433b1dedfca3f346eb6eb47d980c4df915c2285c0cb02f8f6655f,True,2003,True,000f0000156a44af1b9a000400c43011,7.7092,none,0,0
arc-71077f8152f8cdfa,mus-fb865fb6ac00dfe4,6958,fb865fb6ac00dfe47d76cd359f642fd5171182e7b2afeac762dedabfcd194c74,True,2003,True,000f0000154e325325fb000400c43011,7.6969,none,0,0
arc-71077f8152f8cdfa,mus-0d9fee5e183ee7f9,6942,0d9fee5e183ee7f9e32e47a7d3edc953f67d99a8d82c03fcdb236cc8bc667a85,True,2003,True,000f0000154e5f770242000400c43011,7.6964,none,0,0
arc-71077f8152f8cdfa,mus-db63fb8ea470442e,7031,db63fb8ea470442edf0547bce747fc65fc24c9e4d1eb9516a19cf1651f127304,True,2003,True,000f0000152cb62eaa75000400c43011,7.7041,none,0,0
arc-71077f8152f8cdfa,mus-911401494ae5298d,6939,911401494ae5298d78723cb95ddbaa587651078f67fff31aa2579059b0e375f4,True,2003,True,000f0000154bcae3ede2000400c43011,7.6925,none,0,0
arc-71077f8152f8cdfa,mus-80154697115b9b08,6926,80154697115b9b086f19a6ac43b9f9c9e9faa5227b0e7b441a24abfbe84c90ac,True,2002,True,000f0000151ef59cea1a000400c43011,7.6987,none,0,0
arc-71077f8152f8cdfa,mus-a03a5f4f6aacf182,6671,a03a5f4f6aacf182eab067695d55ac2b3d6fef11775337a65e005601a4774cb9,True,2002,True,000f00001425331d2342000400c43011,7.7007,none,0,0
arc-71077f8152f8cdfa,mus-66f5aeb0315a8381,6927,66f5aeb0315a838191fefdb7d3dc51161669c2b6362c090e7f383847035b26ef,True,2003,True,000f0000152fcdead9ac000400c43011,7.6987,none,0,0
arc-71077f8152f8cdfa,mus-c7e0faa94df7fc67,3294,c7e0faa94df7fc6782953b9a51304b2b46ae50d7f37154dd619c2682ab34fac2,True,2004,True,000f000009b0e7b21967000400c43061,7.5739,none,0,0
arc-71077f8152f8cdfa,mus-07e9922dfd8de9db,8005,07e9922dfd8de9db7a05d84c3090818a519f0ba2463dc0fea4d2b8e349816fc8,True,2003,True,000f0000188b74af1277000400c43011,7.7030,none,0,0
arc-71077f8152f8cdfa,mus-b81eb42fcd6b8449,68907,b81eb42fcd6b8449233a0f2699bda4aa54b73dac51e121d32b39473a5247f6fa,True,2001,True,000f000074603aaad2ad000400c03011,7.6518,none,0,0
arc-71077f8152f8cdfa,mus-a369ff13b7923d44,68873,a369ff13b7923d44fdaeac50d4740c2896776aa31df1c8d8bd1d97f978c2e008,True,2001,True,000f0000743e87b7ea4c000400c03011,7.6511,none,0,0
arc-71077f8152f8cdfa,mus-a369ff13b7923d44,68873,a369ff13b7923d44fdaeac50d4740c2896776aa31df1c8d8bd1d97f978c2e008,True,2001,True,000f0000743e87b7ea4c000400c03011,7.6511,none,0,0
arc-71077f8152f8cdfa,mus-b538555731e7e648,68820,b538555731e7e6484823b7db135cafbfa1e58b663810056173134f4367aecb07,True,2001,True,000f000074092e9555a6000400c03011,7.6526,none,0,0
arc-71077f8152f8cdfa,mus-9d3e84ae9fef4203,69395,9d3e84ae9fef42039229c45d0594f4b16f5779a87490f5ad0ea1dd21ce3d02aa,True,2003,True,000f00007646a9cd65aa000400c03011,7.6759,none,0,0
arc-71077f8152f8cdfa,mus-b7bd99a606120406,7798,b7bd99a6061204065e4bed38dd8e95814c3d989a756d8186614790fe387547c1,True,2004,True,000f00001866aa847a6a000400c43011,7.6847,none,0,0
arc-71077f8152f8cdfa,mus-3752b988ba55c481,26284,3752b988ba55c481c885c624ee72dc4997f94d09a11c80de1df45b03aae924ab,True,2000,True,000100005ed600312661000100000000,3.0954,none,0,0
arc-71077f8152f8cdfa,mus-c431943270ed2d15,20093,c431943270ed2d1511fba82beeee42f8b04fac82ed322ad56dc357b1b7a0ae4e,True,2000,False,0001000045b600312661000100000000,3.3212,none,0,0
arc-71077f8152f8cdfa,mus-f780d2453d79d0e1,6977,f780d2453d79d0e19dbc94c8c9cc92c29587d3c4a8478466d2e265c716fc0af0,True,2003,True,000f0000159acda891c4000400c43011,7.6823,none,0,0
arc-71077f8152f8cdfa,mus-f1080c13aad8092f,19381,f1080c13aad8092f20fb93ab9a0c12caa7d3787a57d75ab29d6099303ce1d188,True,97,True,0001000042f600312661000100000000,3.3184,none,0,0
arc-71077f8152f8cdfa,mus-794e09f86dbd0e76,25009,794e09f86dbd0e76717f2dd4343eca9edd517fbbc4d26d0ab99c292fac920a75,True,2000,False,0001000048d600312661000100000000,3.4141,none,0,0
arc-71077f8152f8cdfa,mus-71c74ed45f158193,6952,71c74ed45f1581930787fba2122ad5d5162572cf532b5e2bc58c2cd36bf98a49,True,2003,True,000f000015db369b3ed3000400c43011,7.6925,none,0,0
arc-71077f8152f8cdfa,mus-aa553913b2156c53,21307,aa553913b2156c535fd9482f986f08ca402902f8ca5c278e9a61c513cc076ab4,True,2000,False,00010000495600312661000100000000,3.3523,none,0,0
arc-71077f8152f8cdfa,mus-21e22f4f76ea6c8d,20959,21e22f4f76ea6c8d61506c799fa883a45a29631ead619787229dcc7ba28414af,True,2000,True,0001000047b600312661000100000000,3.3250,none,0,0
arc-71077f8152f8cdfa,mus-f33e7f20f7dd0d2a,23895,f33e7f20f7dd0d2a77887b26a32b519722dde3312cd16279bf27d83b8e56ca49,True,2000,False,0001000047a600312661000100000000,3.3281,none,0,0
arc-71077f8152f8cdfa,mus-b49abdad295dffbc,4156,b49abdad295dffbc77e4ba45c86bec76be95c1322b1012498dd3b689cb464597,True,2003,True,000f00000d95b7d90081000400c43061,7.5109,none,0,0
arc-71077f8152f8cdfa,mus-5b95aaf5c41195e4,19733,5b95aaf5c41195e4433fffb36c6cb0687beac242113477e076a31c43c88783aa,True,97,True,00010000441600312661000100000000,3.3077,none,0,0
arc-71077f8152f8cdfa,mus-bfbfdabc42ac2d94,19909,bfbfdabc42ac2d94bc746ef1d1a993a970052c96250b6292cb2a2ea3e930bb9e,True,2000,False,0001000045b600312661000100000000,3.3204,none,0,0
arc-71077f8152f8cdfa,mus-7e7a2e84756b7380,6104,7e7a2e84756b73804d8da951b15bc4b8239fcb17ce5d43c00e8e20b22268c2dd,True,2002,True,000f000013826d31787a000400c43011,7.6389,none,0,0
arc-71077f8152f8cdfa,mus-17369c1d72ad3e05,94135,17369c1d72ad3e0529195bdb59d0670fb9f11f12b5b9481aa677aacdfcf56175,True,2000,False,000100008a7600312661000100000000,3.6332,none,0,0
arc-71077f8152f8cdfa,mus-645ac9da0acaf4d7,18879,645ac9da0acaf4d7416d40fa0443496ccfbcbb9e8d1b5c4ea73a7f22919ca070,True,97,True,00010000422600312661000100000000,3.3072,none,0,0
arc-71077f8152f8cdfa,mus-f3e9ef8950e4d49e,18793,f3e9ef8950e4d49e487f37e6c2ac755a6396289793c6deecd69eca1b3448bfb0,True,97,True,00010000422600312661000100000000,3.3061,none,0,0
arc-71077f8152f8cdfa,mus-d1a90cc453593325,7025,d1a90cc453593325e893e82f18fe1a026ba956011a7255925fca2a3157cd0a34,True,2003,True,000f0000162491454310000400c43011,7.6826,none,0,0
arc-71077f8152f8cdfa,mus-07bb32110967763b,19225,07bb32110967763b6628d9ba21dda9a0aaadc288912bef338f066cda48c1c2d3,True,97,True,0001000043b600312661000100000000,3.3168,none,0,0
arc-71077f8152f8cdfa,mus-7a941673c7f1fc38,6903,7a941673c7f1fc38654e743e6b591dd8bdbc0919987229c1eaea1e83c9b9befe,True,2003,True,000f000015aad45768ec000400c43011,7.6877,none,0,0
arc-71077f8152f8cdfa,mus-72553498b152f984,19997,72553498b152f9841b9fdb69c99a15b01c68cf2ef244865c1d3b074162d57a90,True,2000,False,00010000455600312661000100000000,3.3119,none,0,0
arc-71077f8152f8cdfa,mus-bae7740587c1f769,6883,bae7740587c1f7692529dc262767ff5e6381edede280136838b220e1d9494314,True,2003,True,000f0000152c8146388f000400c43011,7.6975,none,0,0
arc-71077f8152f8cdfa,mus-9ae245d230bc9ff4,6811,9ae245d230bc9ff42a06c35524fed13c7868962b3aeea3eb2d595622cb74dd1f,True,2003,True,000f0000150851643cc0000400c43011,7.6985,none,0,0
arc-71077f8152f8cdfa,mus-3a8b724cf3adba80,20149,3a8b724cf3adba8008f41a3e6be0e57cce63100d3cc13a73bf24bcbdec5ac376,True,2000,False,00010000453600312661000100000000,3.3151,none,0,0
arc-71077f8152f8cdfa,mus-b4c6e4247ffcca82,7299,b4c6e4247ffcca827da225a7d24c8136475bb106f56df65cb391a2c413d57d26,True,2003,True,000f000015f41bd2eed1000400c43011,7.7086,none,0,0
arc-71077f8152f8cdfa,mus-179dfb5d2e481125,6794,179dfb5d2e481125a4dc46ce924edbd31a6e2c2364c5fa660e0a92b00a5d9fce,True,2002,True,000f0000151e8d228260000400c43011,7.6810,none,0,0
arc-71077f8152f8cdfa,mus-4f609ff3244e9450,7435,4f609ff3244e94500f5874ae7927c989630dfcc1832f4842e22a4015f75a3b11,True,2002,True,000f000017b1f89d488f000400c43011,7.6586,none,0,0
arc-71077f8152f8cdfa,mus-4ee520004faafb33,21601,4ee520004faafb33d1446a2b322386f7f7493aaa748b8b1b400266adb49125b2,True,2000,True,0001000049a600312661000100000000,3.3409,none,0,0
arc-71077f8152f8cdfa,mus-14816048bc29d651,7024,14816048bc29d65193bec1f1ae1550177b5636a4689453a4f7605d1c9fe4cfbb,True,2003,True,000f000015b20c2a36d2000400c43011,7.7031,none,0,0
arc-71077f8152f8cdfa,mus-bf8a2d7e1feccad7,7552,bf8a2d7e1feccad7356ac1f14a1a65b122d19edc7251eaa6c990e9813fc08442,True,2003,True,000f00001675cbd5145f000400c43011,7.7091,none,0,0
arc-71077f8152f8cdfa,mus-02cf5aedce61bd4e,21809,02cf5aedce61bd4ebfd2bbd573ff430153daded4eed1d047931d7be062c25f0d,True,2000,False,00010000479600312661000100000000,3.3648,none,0,0
arc-71077f8152f8cdfa,mus-15ec9b233136225f,21051,15ec9b233136225f12ae2bc122211338dc5fd3cff24ade15a105663c33b54900,True,2000,False,00010000469600312661000100000000,3.3495,none,0,0
arc-71077f8152f8cdfa,mus-f879c5edd8c4e7e7,20067,f879c5edd8c4e7e705b4b6f7d43d19f262cc94329ad362cfc62c019f557bcf13,True,2000,False,0001000045f600312661000100000000,3.3199,none,0,0
arc-71077f8152f8cdfa,mus-b31070a56377b624,22005,b31070a56377b62496efaf630797dff1acb8e6850a15b8cfdeeb63b79de1fedd,True,2000,False,0001000047f600312661000100000000,3.3616,none,0,0
arc-71077f8152f8cdfa,mus-85205b4af9c9eee8,21561,85205b4af9c9eee8b3fcc8466dd00eb42fcfeba7ec45d5a5e5e3d0c29d971acd,True,2000,False,0001000047b600312661000100000000,3.3605,none,0,0
arc-71077f8152f8cdfa,mus-3501a8bdefb28717,21975,3501a8bdefb287178c54c467f49cc9bb34bc5313187af8e1de2eaa1bdc461499,True,2000,False,00010000467600312661000100000000,3.3393,none,0,0
arc-71077f8152f8cdfa,mus-7f09920de16277b1,20329,7f09920de16277b108eedcb7db9608c1e9d06df6261c7ad630200ee262448f37,True,2000,False,00010000458600312661000100000000,3.3204,none,0,0
arc-71077f8152f8cdfa,mus-4c2ffbaf1f32229c,57589,4c2ffbaf1f32229ce4117993dd288afb51648a8720813a6cbff59d4a1a9535ad,True,2002,True,000f000044f11b3623b1000400c03011,7.6471,none,0,0
arc-71077f8152f8cdfa,mus-e61f7e1b10423f66,21941,e61f7e1b10423f66b7ea959cc68e3ac476dc3109e208347bdc0d8c4515194718,True,2000,False,00010000464600312661000100000000,3.3105,none,0,0
arc-71077f8152f8cdfa,mus-b2d9dcf1ec2d48cb,21893,b2d9dcf1ec2d48cbd74513888a3da1d688c35aabebb4c9ed854ea224d6d3bcea,True,2000,False,0001000047c600312661000100000000,3.3757,none,0,0
arc-71077f8152f8cdfa,mus-8df43d75fab0c654,21137,8df43d75fab0c65479f90de5de01deb4c02944200e1900b64e8a1251790fe863,True,2000,False,00010000458600312661000100000000,3.3097,none,0,0
arc-71077f8152f8cdfa,mus-a2b773298e64f7c0,6793,a2b773298e64f7c0807c4c0429bb477279b96ba74ca6531f324ef5e3b684d94e,True,2002,True,000f0000143bb3006434000400c43011,7.7064,none,0,0
arc-71077f8152f8cdfa,mus-91a68b7f67e10791,21931,91a68b7f67e107915cca982128b80dc08df5495c5f31bdc5f86f6fdc659bfd35,True,2000,True,00010000489600312661000100000000,3.3821,none,0,0
arc-71077f8152f8cdfa,mus-06b43fd49f77c1c6,7261,06b43fd49f77c1c6202cec1b62d41cea5f89ad86fded1b4b5acc33b904903399,True,2003,True,000f00001612829ad5f6000400c43011,7.7012,none,0,0
arc-71077f8152f8cdfa,mus-76f77e0eed85f646,11190,76f77e0eed85f6462d38f096663d9d4581c71b6d0d8fd52bcc44fbdc4f6fe25c,True,2003,True,000f000018c09bca7a6b000400c43011,7.7850,none,0,0
arc-71077f8152f8cdfa,mus-8eb13cc6ed55aabd,7481,8eb13cc6ed55aabdff4ae84d61ffeb3b8ceda73a545100a438994c04eec65877,True,2003,True,000f0000167ed6976ae6000400c43011,7.7118,none,0,0
arc-71077f8152f8cdfa,mus-2830345e776c26ec,7129,2830345e776c26ecc8723c25811217323a330801bf381228a4f40808148f3bc6,True,2002,True,000f00001549703ab025000400c43011,7.7228,none,0,0
arc-71077f8152f8cdfa,mus-23d53e1722e95ca1,7916,23d53e1722e95ca1e37fce361e1712178a11a62aaec3528a6084ce8f7da7c39d,True,2003,True,000f000016168130a282000400c43011,7.7539,none,0,0
arc-71077f8152f8cdfa,mus-349d6da9f63ce02b,7098,349d6da9f63ce02bf86762b7c66e6ef7067cfa3e2bc80df22c4ea871c73aa52d,True,2003,True,000f000015939216aee6000400c43011,7.7161,none,0,0
arc-71077f8152f8cdfa,mus-1c6ebc82db7ec32b,6859,1c6ebc82db7ec32b17c8cbd1ce5ffd4a9dea8c8f72313ae745b854622d60bfc9,True,2003,True,000f0000150a8c6aa12a000400c43011,7.7015,none,0,0
arc-71077f8152f8cdfa,mus-01c845fbcdfc27a4,22620,01c845fbcdfc27a4f61033f66dbd16bf3a72a2bde6ff4cc4dda46733389ebf03,True,97,True,646a206173646b6173646a6c6b6a2061,3.7335,none,0,0
arc-71077f8152f8cdfa,mus-35b764881cf54f67,18677,35b764881cf54f67e2e4dfcd3d1f7071a330fd03e0f7a5afb6314a6b4857eb29,True,97,True,0001000042a600312661000100000000,3.3191,none,0,0
arc-71077f8152f8cdfa,mus-598235678a9ff161,20291,598235678a9ff161642cf4c7e5a4e25f9a6f658e75f99d300d5a0d4c241fb214,True,2000,True,0001000048c600312661000100000000,3.3010,none,0,0
arc-71077f8152f8cdfa,mus-b8ea2439d152f4a8,93345,b8ea2439d152f4a8d1dff4a91c6fae6a06b308c29157c9daf545701b3b31c362,True,2002,True,0f00171101001d55a2ad000462000863,7.5960,none,0,0
arc-71077f8152f8cdfa,mus-ecd2fe88676ee47a,47263,ecd2fe88676ee47aa4d76789152ee779066b9e57f958735923b42d7ce4a61d53,True,97,True,00010000897600312661000100000000,3.2368,none,0,0
arc-71077f8152f8cdfa,mus-302c33d4dffb58dc,59531,302c33d4dffb58dca4858f0e0043dd9537a51d303761dfbc3b9f541cc2756072,True,2003,True,000f0000530e2966bf49000400c03011,7.6683,none,0,0
arc-71077f8152f8cdfa,mus-cf0e36e5f32091eb,47359,cf0e36e5f32091eba84523477006e4fdb9078241ad720b9b5eeefa6edfb99bc2,True,2000,True,00010000870600312661000100000000,3.3840,none,0,0
arc-71077f8152f8cdfa,mus-7591273e1e295e7c,18817,7591273e1e295e7ca54ff276ddce39d903194c14395e0df69223c6d9d9e06c98,True,97,False,0001000042b600312661000100000000,3.3199,none,0,0
arc-71077f8152f8cdfa,mus-baf04c0390a2fd12,112660,baf04c0390a2fd1277f60fc0a571e20138da26948cf83ae88c593b6258c21b60,True,2000,True,0100764101005a006126010000000000,3.7051,none,0,0
arc-71077f8152f8cdfa,mus-c4540bb157662939,19293,c4540bb15766293907308afbb1ded979461eb59419626b37e15a98afbc7fbffa,True,97,True,00010000431600312661000100000000,3.3190,none,0,0
arc-71077f8152f8cdfa,mus-4c13a94a52080dcd,20837,4c13a94a52080dcdce733a0720cb3930b0c6c47f7e538956f55b9e91880a7f32,True,97,True,00010000461600312661000100000000,3.3417,none,0,0
arc-71077f8152f8cdfa,mus-47a19375e0a05fba,54663,47a19375e0a05fba3d9c4fea5166e97028ce5adebbd188f50a3917f8418b086e,True,2002,True,000f0000478a0c6f33e1000400c03011,7.6961,none,0,0
arc-ccfc23dd77e2cef8,mus-89ce3ed8eb27df1c,19391,89ce3ed8eb27df1c2675206f1db5e19bd6ab020de22f7fbab83da00f25414643,True,97,True,00010000431600312661000100000000,3.3189,none,0,0
arc-ccfc23dd77e2cef8,mus-d6ecceec28c25275,7510,d6ecceec28c25275c55f27e1bdbd7224429eddd589dccf5b8f65e2f7a6efb276,True,2005,True,000f000016e1c130d85e000400c43011,7.7082,none,0,0
arc-ccfc23dd77e2cef8,mus-59e2ef2bdc0a9416,3576,59e2ef2bdc0a9416a1cdd0f23cab730c4599f36064576c47055ed3814aa4f57f,True,2004,True,000f00000a589db7d422000400c43061,7.6223,none,0,0
arc-ccfc23dd77e2cef8,mus-c2dc80160698b3ef,3378,c2dc80160698b3ef72bd73972dd7a50ab4f0d7f1ac26520c04fd428917498aac,True,2005,True,000f000009bb25da21b9000400c43061,7.6000,none,0,0
arc-ccfc23dd77e2cef8,mus-86fafceb1ef2ebe2,3218,86fafceb1ef2ebe2ff26f71800a3877eb16e7e22a595a5693e84726cf827393e,True,2007,True,001a000008f7f4212f80789ced5a6b6c,7.9095,big,4,168
arc-ccfc23dd77e2cef8,mus-11b51f94b27cc3d2,3714,11b51f94b27cc3d2d6810e5e1cfb91cebb2af70b818f0a8f51bea2d1d282aa9e,True,2005,True,000f00000a5e55d0b40c000400c43061,7.6195,none,0,0
arc-ccfc23dd77e2cef8,mus-7ff6bcb8b1bd7c75,7877,7ff6bcb8b1bd7c7547b3921affb575f72ebb9ee365e3ded7bbaeac99ae631678,True,2007,True,001a00001786183192fb789ced5d7b70,7.9654,big,4,497
arc-ccfc23dd77e2cef8,mus-6ebf82c156b4068a,7432,6ebf82c156b4068aa6b4c8811ad98ee7411a28ec40391efcc9ffa3f57d310ff2,True,2002,True,000f000015fa0c0b9f98000400c43011,7.7104,none,0,0
arc-ccfc23dd77e2cef8,mus-d8c3fb79994d0615,48379,d8c3fb79994d0615ab362809d51377a4953deccae9d9b708910d4d3607d3ca4e,True,2003,True,000f00005c0ddf5b6ae7000400c43011,7.5776,none,0,0
arc-ccfc23dd77e2cef8,mus-24e8d482ddc433b1,7047,24e8d482ddc433b1dedfca3f346eb6eb47d980c4df915c2285c0cb02f8f6655f,True,2003,True,000f0000156a44af1b9a000400c43011,7.7092,none,0,0
arc-ccfc23dd77e2cef8,mus-fb865fb6ac00dfe4,6958,fb865fb6ac00dfe47d76cd359f642fd5171182e7b2afeac762dedabfcd194c74,True,2003,True,000f0000154e325325fb000400c43011,7.6969,none,0,0
arc-ccfc23dd77e2cef8,mus-0d9fee5e183ee7f9,6942,0d9fee5e183ee7f9e32e47a7d3edc953f67d99a8d82c03fcdb236cc8bc667a85,True,2003,True,000f0000154e5f770242000400c43011,7.6964,none,0,0
arc-ccfc23dd77e2cef8,mus-db63fb8ea470442e,7031,db63fb8ea470442edf0547bce747fc65fc24c9e4d1eb9516a19cf1651f127304,True,2003,True,000f0000152cb62eaa75000400c43011,7.7041,none,0,0
arc-ccfc23dd77e2cef8,mus-911401494ae5298d,6939,911401494ae5298d78723cb95ddbaa587651078f67fff31aa2579059b0e375f4,True,2003,True,000f0000154bcae3ede2000400c43011,7.6925,none,0,0
arc-ccfc23dd77e2cef8,mus-80154697115b9b08,6926,80154697115b9b086f19a6ac43b9f9c9e9faa5227b0e7b441a24abfbe84c90ac,True,2002,True,000f0000151ef59cea1a000400c43011,7.6987,none,0,0
arc-ccfc23dd77e2cef8,mus-a03a5f4f6aacf182,6671,a03a5f4f6aacf182eab067695d55ac2b3d6fef11775337a65e005601a4774cb9,True,2002,True,000f00001425331d2342000400c43011,7.7007,none,0,0
arc-ccfc23dd77e2cef8,mus-66f5aeb0315a8381,6927,66f5aeb0315a838191fefdb7d3dc51161669c2b6362c090e7f383847035b26ef,True,2003,True,000f0000152fcdead9ac000400c43011,7.6987,none,0,0
arc-ccfc23dd77e2cef8,mus-c7e0faa94df7fc67,3294,c7e0faa94df7fc6782953b9a51304b2b46ae50d7f37154dd619c2682ab34fac2,True,2004,True,000f000009b0e7b21967000400c43061,7.5739,none,0,0
arc-ccfc23dd77e2cef8,mus-e09f13d06ff0f25e,62326,e09f13d06ff0f25edd527d1f2d83a0cda3b524068bc0d7142625c8447df97db3,True,2004b,True,000f0000afe2dd400706000400c03011,7.6393,none,0,0
arc-ccfc23dd77e2cef8,mus-d955d380e0816070,53976,d955d380e08160703583c18f6d0466bf41a15f5e64bae1eeb81b69df22bc13dd,True,2007,True,001a00007c115b083f16789cec5d0b9c,7.9451,big,4,0
arc-ccfc23dd77e2cef8,mus-5a6641ad7416ea92,51573,5a6641ad7416ea9231a7133f6c68ceaea86a508b5711b8bc1e647093769719d7,True,2007,True,1a0089740000accb21ce789cec9d077c,7.8969,little,4,1032
arc-ccfc23dd77e2cef8,mus-07e9922dfd8de9db,8005,07e9922dfd8de9db7a05d84c3090818a519f0ba2463dc0fea4d2b8e349816fc8,True,2003,True,000f0000188b74af1277000400c43011,7.7030,none,0,0
arc-ccfc23dd77e2cef8,mus-c24bfbc168830692,69329,c24bfbc168830692bb66cfce9cde1461da6535035cf27c305393ef3f08abe859,True,2003,True,000f0000760450631162000400c03011,7.6801,none,0,0
arc-ccfc23dd77e2cef8,mus-a369ff13b7923d44,68873,a369ff13b7923d44fdaeac50d4740c2896776aa31df1c8d8bd1d97f978c2e008,True,2001,True,000f0000743e87b7ea4c000400c03011,7.6511,none,0,0
arc-ccfc23dd77e2cef8,mus-a369ff13b7923d44,68873,a369ff13b7923d44fdaeac50d4740c2896776aa31df1c8d8bd1d97f978c2e008,True,2001,True,000f0000743e87b7ea4c000400c03011,7.6511,none,0,0
arc-ccfc23dd77e2cef8,mus-b538555731e7e648,68820,b538555731e7e6484823b7db135cafbfa1e58b663810056173134f4367aecb07,True,2001,True,000f000074092e9555a6000400c03011,7.6526,none,0,0
arc-ccfc23dd77e2cef8,mus-386ac60522cf2c79,57933,386ac60522cf2c796517532d2c453c8e1fe6398bf0f890916e4dda459230f4a8,True,2004b,True,000f0000ab884ce4b552000400c43011,7.6359,none,0,0
arc-ccfc23dd77e2cef8,mus-9d3e84ae9fef4203,69395,9d3e84ae9fef42039229c45d0594f4b16f5779a87490f5ad0ea1dd21ce3d02aa,True,2003,True,000f00007646a9cd65aa000400c03011,7.6759,none,0,0
arc-ccfc23dd77e2cef8,mus-b7bd99a606120406,7798,b7bd99a6061204065e4bed38dd8e95814c3d989a756d8186614790fe387547c1,True,2004,True,000f00001866aa847a6a000400c43011,7.6847,none,0,0
arc-ccfc23dd77e2cef8,mus-2cebc1f4ff3f76e7,45164,2cebc1f4ff3f76e7f5df39e7c4d6ec39d6404797055cbaf3c117e97e82e46792,True,2007,True,1a00964b00007e7302f6789ced7d097c,7.9713,little,4,4980
arc-ccfc23dd77e2cef8,mus-2cebc1f4ff3f76e7,45164,2cebc1f4ff3f76e7f5df39e7c4d6ec39d6404797055cbaf3c117e97e82e46792,True,2007,True,1a00964b00007e7302f6789ced7d097c,7.9713,little,4,4980
arc-ccfc23dd77e2cef8,mus-3752b988ba55c481,26284,3752b988ba55c481c885c624ee72dc4997f94d09a11c80de1df45b03aae924ab,True,2000,True,000100005ed600312661000100000000,3.0954,none,0,0
arc-ccfc23dd77e2cef8,mus-4c2fe14dd692de72,7498,4c2fe14dd692de72bff46b34a27b25676d4101abe9632b3089e99ee2c23b95a5,True,2004b,True,000f00001724eb2367fd000400c43011,7.6923,none,0,0
arc-ccfc23dd77e2cef8,mus-8971876eba2eb983,12225,8971876eba2eb9838999660af20c114775092ae408205a96ad8e7d3bec62dfd3,True,2007,True,001a00001d90ee6a1c40789ced5d0b74,7.9375,big,4,745
arc-ccfc23dd77e2cef8,mus-3328146a837dac17,7534,3328146a837dac1776bec308bfe5a41f70ba439165b6de52216afc9f4eaf8be9,True,2007,True,001a000017162a2419aa789ced5d7b74,7.9640,big,4,490
arc-ccfc23dd77e2cef8,mus-3e534597a67ed9c1,182081,3e534597a67ed9c1ac4f72984daee6ad801b31302c653572ac009afe4b85d2c1,True,2004,True,000f00012bfd105ae1e6000400c03011,7.5397,none,0,0
arc-ccfc23dd77e2cef8,mus-40fa91aa964cd9a1,89182,40fa91aa964cd9a191b2c834f8d6114e1291f093dd47419b44f0ed559b17203d,True,2004,True,000f00009b1cd808f444000400c03011,7.5899,none,0,0
arc-ccfc23dd77e2cef8,mus-c431943270ed2d15,20093,c431943270ed2d1511fba82beeee42f8b04fac82ed322ad56dc357b1b7a0ae4e,True,2000,False,0001000045b600312661000100000000,3.3212,none,0,0
arc-ccfc23dd77e2cef8,mus-f780d2453d79d0e1,6977,f780d2453d79d0e19dbc94c8c9cc92c29587d3c4a8478466d2e265c716fc0af0,True,2003,True,000f0000159acda891c4000400c43011,7.6823,none,0,0
arc-ccfc23dd77e2cef8,mus-f1080c13aad8092f,19381,f1080c13aad8092f20fb93ab9a0c12caa7d3787a57d75ab29d6099303ce1d188,True,97,True,0001000042f600312661000100000000,3.3184,none,0,0
arc-ccfc23dd77e2cef8,mus-794e09f86dbd0e76,25009,794e09f86dbd0e76717f2dd4343eca9edd517fbbc4d26d0ab99c292fac920a75,True,2000,False,0001000048d600312661000100000000,3.4141,none,0,0
arc-ccfc23dd77e2cef8,mus-d70a22ab0e8a3e9d,61827,d70a22ab0e8a3e9d8a0257a258c970f2f3fbfa53ba3f1a5eb89263b46f2281d7,True,2004,True,000f000058a8bb9f36c7000400c03011,7.6702,none,0,0
arc-ccfc23dd77e2cef8,mus-71c74ed45f158193,6952,71c74ed45f1581930787fba2122ad5d5162572cf532b5e2bc58c2cd36bf98a49,True,2003,True,000f000015db369b3ed3000400c43011,7.6925,none,0,0
arc-ccfc23dd77e2cef8,mus-876c549180b7b7b1,62443,876c549180b7b7b19163aa117d0847ae6f19adc0e9fa326c01880861d31c1b95,True,2004,True,000f00005b9577b67c51000400c03011,7.6724,none,0,0
arc-ccfc23dd77e2cef8,mus-aa553913b2156c53,21307,aa553913b2156c535fd9482f986f08ca402902f8ca5c278e9a61c513cc076ab4,True,2000,False,00010000495600312661000100000000,3.3523,none,0,0
arc-ccfc23dd77e2cef8,mus-21e22f4f76ea6c8d,20959,21e22f4f76ea6c8d61506c799fa883a45a29631ead619787229dcc7ba28414af,True,2000,True,0001000047b600312661000100000000,3.3250,none,0,0
arc-ccfc23dd77e2cef8,mus-f33e7f20f7dd0d2a,23895,f33e7f20f7dd0d2a77887b26a32b519722dde3312cd16279bf27d83b8e56ca49,True,2000,False,0001000047a600312661000100000000,3.3281,none,0,0
arc-ccfc23dd77e2cef8,mus-d4bb822075c16678,8015,d4bb822075c1667810f0d999a6e7e7486503869d1c10f6644db56a12a3848c97,True,2004b,True,000f00001753d2c57ed4000400c43011,7.7181,none,0,0
arc-ccfc23dd77e2cef8,mus-b549f44a5904134f,64180,b549f44a5904134fdad7f276547530144b2217ab81409068aa3aac856dfb54ad,True,2005,True,0f00f85a000024a391bd000460000863,7.7081,none,0,0
arc-ccfc23dd77e2cef8,mus-5b95aaf5c41195e4,19733,5b95aaf5c41195e4433fffb36c6cb0687beac242113477e076a31c43c88783aa,True,97,True,00010000441600312661000100000000,3.3077,none,0,0
arc-ccfc23dd77e2cef8,mus-bfbfdabc42ac2d94,19909,bfbfdabc42ac2d94bc746ef1d1a993a970052c96250b6292cb2a2ea3e930bb9e,True,2000,False,0001000045b600312661000100000000,3.3204,none,0,0
arc-ccfc23dd77e2cef8,mus-7e7a2e84756b7380,6104,7e7a2e84756b73804d8da951b15bc4b8239fcb17ce5d43c00e8e20b22268c2dd,True,2002,True,000f000013826d31787a000400c43011,7.6389,none,0,0
arc-ccfc23dd77e2cef8,mus-17369c1d72ad3e05,94135,17369c1d72ad3e0529195bdb59d0670fb9f11f12b5b9481aa677aacdfcf56175,True,2000,False,000100008a7600312661000100000000,3.6332,none,0,0
arc-ccfc23dd77e2cef8,mus-17369c1d72ad3e05,94135,17369c1d72ad3e0529195bdb59d0670fb9f11f12b5b9481aa677aacdfcf56175,True,2000,False,000100008a7600312661000100000000,3.6332,none,0,0
arc-ccfc23dd77e2cef8,mus-a7d59b9a3199944e,7988,a7d59b9a3199944ed0385fad3a33859af0f377aa40742945462d15366ec1bdc7,True,2005,True,000f0000175b67aef744000400c43011,7.7186,none,0,0
arc-ccfc23dd77e2cef8,mus-645ac9da0acaf4d7,18879,645ac9da0acaf4d7416d40fa0443496ccfbcbb9e8d1b5c4ea73a7f22919ca070,True,97,True,00010000422600312661000100000000,3.3072,none,0,0
arc-ccfc23dd77e2cef8,mus-f3e9ef8950e4d49e,18793,f3e9ef8950e4d49e487f37e6c2ac755a6396289793c6deecd69eca1b3448bfb0,True,97,True,00010000422600312661000100000000,3.3061,none,0,0
arc-ccfc23dd77e2cef8,mus-d1a90cc453593325,7025,d1a90cc453593325e893e82f18fe1a026ba956011a7255925fca2a3157cd0a34,True,2003,True,000f0000162491454310000400c43011,7.6826,none,0,0
arc-ccfc23dd77e2cef8,mus-2e442c6f7144284d,6970,2e442c6f7144284d0427216a14579fd2e88b8650debd4358e5dedfed17dbef97,True,2003,True,000f000015a4d380eb03000400c43011,7.6852,none,0,0
arc-ccfc23dd77e2cef8,mus-07bb32110967763b,19225,07bb32110967763b6628d9ba21dda9a0aaadc288912bef338f066cda48c1c2d3,True,97,True,0001000043b600312661000100000000,3.3168,none,0,0
arc-ccfc23dd77e2cef8,mus-7a941673c7f1fc38,6903,7a941673c7f1fc38654e743e6b591dd8bdbc0919987229c1eaea1e83c9b9befe,True,2003,True,000f000015aad45768ec000400c43011,7.6877,none,0,0
arc-ccfc23dd77e2cef8,mus-33a317c1d05c20e5,5169,33a317c1d05c20e5a327d1c823b1de2832b25f922db6df0790c188f35fd04e0f,True,2006,True,000f00000c4d920b5a7a0004fef98311,7.5807,none,0,0
arc-ccfc23dd77e2cef8,mus-72553498b152f984,19997,72553498b152f9841b9fdb69c99a15b01c68cf2ef244865c1d3b074162d57a90,True,2000,False,00010000455600312661000100000000,3.3119,none,0,0
arc-ccfc23dd77e2cef8,mus-bae7740587c1f769,6883,bae7740587c1f7692529dc262767ff5e6381edede280136838b220e1d9494314,True,2003,True,000f0000152c8146388f000400c43011,7.6975,none,0,0
arc-ccfc23dd77e2cef8,mus-9ae245d230bc9ff4,6811,9ae245d230bc9ff42a06c35524fed13c7868962b3aeea3eb2d595622cb74dd1f,True,2003,True,000f0000150851643cc0000400c43011,7.6985,none,0,0
arc-ccfc23dd77e2cef8,mus-3a8b724cf3adba80,20149,3a8b724cf3adba8008f41a3e6be0e57cce63100d3cc13a73bf24bcbdec5ac376,True,2000,False,00010000453600312661000100000000,3.3151,none,0,0
arc-ccfc23dd77e2cef8,mus-f231a694f653028f,229487,f231a694f653028f18c301f348d4a56389a092c3a5624e6148bde2d06a53837f,True,2007,True,001a00011c17246b0a22789cec7d777c,7.9543,big,4,0
arc-ccfc23dd77e2cef8,mus-b49abdad295dffbc,4156,b49abdad295dffbc77e4ba45c86bec76be95c1322b1012498dd3b689cb464597,True,2003,True,000f00000d95b7d90081000400c43061,7.5109,none,0,0
arc-ccfc23dd77e2cef8,mus-b4c6e4247ffcca82,7299,b4c6e4247ffcca827da225a7d24c8136475bb106f56df65cb391a2c413d57d26,True,2003,True,000f000015f41bd2eed1000400c43011,7.7086,none,0,0
arc-ccfc23dd77e2cef8,mus-179dfb5d2e481125,6794,179dfb5d2e481125a4dc46ce924edbd31a6e2c2364c5fa660e0a92b00a5d9fce,True,2002,True,000f0000151e8d228260000400c43011,7.6810,none,0,0
arc-ccfc23dd77e2cef8,mus-4f609ff3244e9450,7435,4f609ff3244e94500f5874ae7927c989630dfcc1832f4842e22a4015f75a3b11,True,2002,True,000f000017b1f89d488f000400c43011,7.6586,none,0,0
arc-ccfc23dd77e2cef8,mus-d996aa765ef6bf13,3113,d996aa765ef6bf137fe2f23cd59f94c863b625bb24cf698c0d0ca1385ca33979,True,2006,True,000f0000090c751f72f50004fef98311,7.5872,none,0,0
arc-ccfc23dd77e2cef8,mus-0f7ed5bd148a9ad4,3086,0f7ed5bd148a9ad43720dff8f761b4d5c74f1198a493fcb9828a2ae5f70eff65,True,2006,True,000f000008f62630c0520004fef98311,7.5832,none,0,0
arc-ccfc23dd77e2cef8,mus-87a14c2ba9fbbbbc,173861,87a14c2ba9fbbbbca348bcc6c5cea36f30e834de7575b040126448877ed8ce1c,True,2006,True,000f00014ea77e753fab0004fef98311,7.6582,none,0,0
arc-ccfc23dd77e2cef8,mus-4ee520004faafb33,21601,4ee520004faafb33d1446a2b322386f7f7493aaa748b8b1b400266adb49125b2,True,2000,True,0001000049a600312661000100000000,3.3409,none,0,0
arc-ccfc23dd77e2cef8,mus-fbd112fad7effc4c,54760,fbd112fad7effc4c4e1f69d931bb810ffbc30bdd4b0a144d9fa4a325521de184,True,2004b,True,0f00309100003c606a78000462000863,7.6551,none,0,0
arc-ccfc23dd77e2cef8,mus-990f5f9c9e38e168,54793,990f5f9c9e38e1682e5b2325957e2c12d1f7508d62fe41bac891af25b1b487f6,True,2004b,True,0f00309100003c606a78000462000863,7.6551,none,0,0
arc-ccfc23dd77e2cef8,mus-68448786262eb644,54974,68448786262eb6449a5544be5a54a45540ccc26c29884dc10d68f6f881e4126b,True,2005,True,0f008e910000abd320dd000462000863,7.6518,none,0,0
arc-ccfc23dd77e2cef8,mus-a6f99ac6b21bb9ef,55204,a6f99ac6b21bb9ef6e5d00fcbca1e8afc393f73d75d03799cd88dcbe5ca69c78,True,2005,True,000f0000c826318ddf2f000400c03011,7.5927,none,0,0
arc-ccfc23dd77e2cef8,mus-14816048bc29d651,7024,14816048bc29d65193bec1f1ae1550177b5636a4689453a4f7605d1c9fe4cfbb,True,2003,True,000f000015b20c2a36d2000400c43011,7.7031,none,0,0
arc-ccfc23dd77e2cef8,mus-bf8a2d7e1feccad7,7552,bf8a2d7e1feccad7356ac1f14a1a65b122d19edc7251eaa6c990e9813fc08442,True,2003,True,000f00001675cbd5145f000400c43011,7.7091,none,0,0
arc-ccfc23dd77e2cef8,mus-02cf5aedce61bd4e,21809,02cf5aedce61bd4ebfd2bbd573ff430153daded4eed1d047931d7be062c25f0d,True,2000,False,00010000479600312661000100000000,3.3648,none,0,0
arc-ccfc23dd77e2cef8,mus-15ec9b233136225f,21051,15ec9b233136225f12ae2bc122211338dc5fd3cff24ade15a105663c33b54900,True,2000,False,00010000469600312661000100000000,3.3495,none,0,0
arc-ccfc23dd77e2cef8,mus-f879c5edd8c4e7e7,20067,f879c5edd8c4e7e705b4b6f7d43d19f262cc94329ad362cfc62c019f557bcf13,True,2000,False,0001000045f600312661000100000000,3.3199,none,0,0
arc-ccfc23dd77e2cef8,mus-b31070a56377b624,22005,b31070a56377b62496efaf630797dff1acb8e6850a15b8cfdeeb63b79de1fedd,True,2000,False,0001000047f600312661000100000000,3.3616,none,0,0
arc-ccfc23dd77e2cef8,mus-85205b4af9c9eee8,21561,85205b4af9c9eee8b3fcc8466dd00eb42fcfeba7ec45d5a5e5e3d0c29d971acd,True,2000,False,0001000047b600312661000100000000,3.3605,none,0,0
arc-ccfc23dd77e2cef8,mus-3501a8bdefb28717,21975,3501a8bdefb287178c54c467f49cc9bb34bc5313187af8e1de2eaa1bdc461499,True,2000,False,00010000467600312661000100000000,3.3393,none,0,0
arc-ccfc23dd77e2cef8,mus-7f09920de16277b1,20329,7f09920de16277b108eedcb7db9608c1e9d06df6261c7ad630200ee262448f37,True,2000,False,00010000458600312661000100000000,3.3204,none,0,0
arc-ccfc23dd77e2cef8,mus-4c2ffbaf1f32229c,57589,4c2ffbaf1f32229ce4117993dd288afb51648a8720813a6cbff59d4a1a9535ad,True,2002,True,000f000044f11b3623b1000400c03011,7.6471,none,0,0
arc-ccfc23dd77e2cef8,mus-e61f7e1b10423f66,21941,e61f7e1b10423f66b7ea959cc68e3ac476dc3109e208347bdc0d8c4515194718,True,2000,False,00010000464600312661000100000000,3.3105,none,0,0
arc-ccfc23dd77e2cef8,mus-b2d9dcf1ec2d48cb,21893,b2d9dcf1ec2d48cbd74513888a3da1d688c35aabebb4c9ed854ea224d6d3bcea,True,2000,False,0001000047c600312661000100000000,3.3757,none,0,0
arc-ccfc23dd77e2cef8,mus-8df43d75fab0c654,21137,8df43d75fab0c65479f90de5de01deb4c02944200e1900b64e8a1251790fe863,True,2000,False,00010000458600312661000100000000,3.3097,none,0,0
arc-ccfc23dd77e2cef8,mus-a2b773298e64f7c0,6793,a2b773298e64f7c0807c4c0429bb477279b96ba74ca6531f324ef5e3b684d94e,True,2002,True,000f0000143bb3006434000400c43011,7.7064,none,0,0
arc-ccfc23dd77e2cef8,mus-d17af0a403b0a7eb,50261,d17af0a403b0a7eb60e33acf8b713a1da148209828871510ff56776a07b9db8d,True,2004b,True,000f0000b7d483ab1d98000400c03011,7.5889,none,0,0
arc-ccfc23dd77e2cef8,mus-91a68b7f67e10791,21931,91a68b7f67e107915cca982128b80dc08df5495c5f31bdc5f86f6fdc659bfd35,True,2000,True,00010000489600312661000100000000,3.3821,none,0,0
arc-ccfc23dd77e2cef8,mus-06b43fd49f77c1c6,7261,06b43fd49f77c1c6202cec1b62d41cea5f89ad86fded1b4b5acc33b904903399,True,2003,True,000f00001612829ad5f6000400c43011,7.7012,none,0,0
arc-ccfc23dd77e2cef8,mus-5529691254be299b,7120,5529691254be299b9fb7279e5ca549811b1be216a7a69173a1cc4cff6f27f957,True,2003,True,000f000015a2e30ac75a000400c43011,7.7077,none,0,0
arc-ccfc23dd77e2cef8,mus-138dd65b1eba2ce4,67567,138dd65b1eba2ce4db9981affdfafd2fadf396b5dc549217f9f5d85f99a02e5a,True,2003,True,000f0000576152f0058a000400c03011,7.6674,none,0,0
arc-ccfc23dd77e2cef8,mus-2fc904f04995a9cd,4169,2fc904f04995a9cd10d2218ad9694ac12aba7a10f707c76da1f496d4d1e5d564,True,2006,True,000f0000096e2b1fbba10004fef98311,7.5330,none,0,0
arc-ccfc23dd77e2cef8,mus-76f77e0eed85f646,11190,76f77e0eed85f6462d38f096663d9d4581c71b6d0d8fd52bcc44fbdc4f6fe25c,True,2003,True,000f000018c09bca7a6b000400c43011,7.7850,none,0,0
arc-ccfc23dd77e2cef8,mus-8eb13cc6ed55aabd,7481,8eb13cc6ed55aabdff4ae84d61ffeb3b8ceda73a545100a438994c04eec65877,True,2003,True,000f0000167ed6976ae6000400c43011,7.7118,none,0,0
arc-ccfc23dd77e2cef8,mus-2830345e776c26ec,7129,2830345e776c26ecc8723c25811217323a330801bf381228a4f40808148f3bc6,True,2002,True,000f00001549703ab025000400c43011,7.7228,none,0,0
arc-ccfc23dd77e2cef8,mus-23d53e1722e95ca1,7916,23d53e1722e95ca1e37fce361e1712178a11a62aaec3528a6084ce8f7da7c39d,True,2003,True,000f000016168130a282000400c43011,7.7539,none,0,0
arc-ccfc23dd77e2cef8,mus-349d6da9f63ce02b,7098,349d6da9f63ce02bf86762b7c66e6ef7067cfa3e2bc80df22c4ea871c73aa52d,True,2003,True,000f000015939216aee6000400c43011,7.7161,none,0,0
arc-ccfc23dd77e2cef8,mus-1c6ebc82db7ec32b,6859,1c6ebc82db7ec32b17c8cbd1ce5ffd4a9dea8c8f72313ae745b854622d60bfc9,True,2003,True,000f0000150a8c6aa12a000400c43011,7.7015,none,0,0
arc-ccfc23dd77e2cef8,mus-b9aa3f379134f423,6808,b9aa3f379134f423d3f5a249c17b098a421d9735a9c3fbc885c377208003765a,True,2003,True,000f00001509ae1bcc2d000400c43011,7.6943,none,0,0
arc-ccfc23dd77e2cef8,mus-01c845fbcdfc27a4,22620,01c845fbcdfc27a4f61033f66dbd16bf3a72a2bde6ff4cc4dda46733389ebf03,True,97,True,646a206173646b6173646a6c6b6a2061,3.7335,none,0,0
arc-ccfc23dd77e2cef8,mus-35b764881cf54f67,18677,35b764881cf54f67e2e4dfcd3d1f7071a330fd03e0f7a5afb6314a6b4857eb29,True,97,True,0001000042a600312661000100000000,3.3191,none,0,0
arc-ccfc23dd77e2cef8,mus-914a0b7fe576d29f,3156,914a0b7fe576d29fd2d18c4c0f16a10a8dbe2aafea8b0ed3493872ae0a8fccda,True,2006,True,000f00000968053bda3b0004fef98311,7.5815,none,0,0
arc-ccfc23dd77e2cef8,mus-598235678a9ff161,20291,598235678a9ff161642cf4c7e5a4e25f9a6f658e75f99d300d5a0d4c241fb214,True,2000,True,0001000048c600312661000100000000,3.3010,none,0,0
arc-ccfc23dd77e2cef8,mus-b8ea2439d152f4a8,93345,b8ea2439d152f4a8d1dff4a91c6fae6a06b308c29157c9daf545701b3b31c362,True,2002,True,0f00171101001d55a2ad000462000863,7.5960,none,0,0
arc-ccfc23dd77e2cef8,mus-ecd2fe88676ee47a,47263,ecd2fe88676ee47aa4d76789152ee779066b9e57f958735923b42d7ce4a61d53,True,97,True,00010000897600312661000100000000,3.2368,none,0,0
arc-ccfc23dd77e2cef8,mus-37162e43a5cb8074,5027,37162e43a5cb80742c7e88bc04cb7ad2d44c9b309bfab18e48036b468d7a24cb,True,2006,True,000f0000090407c38a7a0004fef98311,7.2593,none,0,0
arc-ccfc23dd77e2cef8,mus-302c33d4dffb58dc,59531,302c33d4dffb58dca4858f0e0043dd9537a51d303761dfbc3b9f541cc2756072,True,2003,True,000f0000530e2966bf49000400c03011,7.6683,none,0,0
arc-ccfc23dd77e2cef8,mus-8194100ac23173ad,5251,8194100ac23173add081f1e054054803ddc31165b00301f075d90d32f2807f8d,True,2006,True,000f000009e4ac15c89e0004fef98311,7.2969,none,0,0
arc-ccfc23dd77e2cef8,mus-cf0e36e5f32091eb,47359,cf0e36e5f32091eba84523477006e4fdb9078241ad720b9b5eeefa6edfb99bc2,True,2000,True,00010000870600312661000100000000,3.3840,none,0,0
arc-ccfc23dd77e2cef8,mus-80f406e825f1e188,23997,80f406e825f1e1889163061d541ed6ce3661e330c1e9ad32b25d7de05b75346d,True,2000,True,0001000054d600312661000100000000,3.1407,none,0,0
arc-ccfc23dd77e2cef8,mus-c0c21145b3fc61fa,7419,c0c21145b3fc61fa0f185988e6bb4968b739f0dcceb697be5f545d0cbf6600df,True,2005,True,000f0000167fc09cc2a9000400c43011,7.6961,none,0,0
arc-ccfc23dd77e2cef8,mus-7591273e1e295e7c,18817,7591273e1e295e7ca54ff276ddce39d903194c14395e0df69223c6d9d9e06c98,True,97,False,0001000042b600312661000100000000,3.3199,none,0,0
arc-ccfc23dd77e2cef8,mus-baf04c0390a2fd12,112660,baf04c0390a2fd1277f60fc0a571e20138da26948cf83ae88c593b6258c21b60,True,2000,True,0100764101005a006126010000000000,3.7051,none,0,0
arc-ccfc23dd77e2cef8,mus-fcebc87c1e8bca55,84424,fcebc87c1e8bca55da57918dda2955f3a9fb7c4bbf6c01c0d8076f5d212bbe70,True,2006,True,000f00009a493c3e54300004fef98311,7.7240,none,0,0
arc-ccfc23dd77e2cef8,mus-c4540bb157662939,19293,c4540bb15766293907308afbb1ded979461eb59419626b37e15a98afbc7fbffa,True,97,True,00010000431600312661000100000000,3.3190,none,0,0
arc-ccfc23dd77e2cef8,mus-4c13a94a52080dcd,20837,4c13a94a52080dcdce733a0720cb3930b0c6c47f7e538956f55b9e91880a7f32,True,97,True,00010000461600312661000100000000,3.3417,none,0,0
arc-ccfc23dd77e2cef8,mus-a7f6b30593dc7bbc,22626,a7f6b30593dc7bbc97a6dfb0e48fcacf2aa60415d151f1dbcd11af2f1a315000,True,2004b,True,0f00c9420000d5f44241000462000863,7.6508,none,0,0
arc-ccfc23dd77e2cef8,mus-47a19375e0a05fba,54663,47a19375e0a05fba3d9c4fea5166e97028ce5adebbd188f50a3917f8418b086e,True,2002,True,000f0000478a0c6f33e1000400c03011,7.6961,none,0,0
arc-ccfc23dd77e2cef8,mus-f6a86ccf82feaad1,64185,f6a86ccf82feaad1bb35eb3dbcb353100fa70949f7d6af062a13c6656562fb78,True,2005,True,0f00f85a000024a391bd000460000863,7.7081,none,0,0
arc-ccfc23dd77e2cef8,mus-d89e8fe12e271440,3351,d89e8fe12e27144018c683da2792aff10cbedb6afb0f9a8063d53df0c87f1d9c,True,2005,True,000f000009e2078a19d4000400c43061,7.6045,none,0,0
arc-ccfc23dd77e2cef8,mus-de90627d1c31566b,3451,de90627d1c31566b89423703950b0c0acc77b83163445000e50b382cb45f0ecc,True,2005,True,000f00000a1a3c9b3e88000400c43061,7.5999,none,0,0
arc-ccfc23dd77e2cef8,mus-6f92285413755b41,3604,6f92285413755b417304122802451d7b57a65c182db681e867e47194e9e7d389,True,2005,True,000f00000a5766f80ace000400c43061,7.6196,none,0,0
arc-ccfc23dd77e2cef8,mus-5396a1b805b5ddee,62389,5396a1b805b5ddee2f779e940968d6abd5a3e8062622f4b07610d3a6e9b514fa,True,2004b,True,0f00ee590000e287c57c000460000863,7.7160,none,0,0
arc-ccfc23dd77e2cef8,mus-7d0196f16214836a,6956,7d0196f16214836a28567420db20e78462568246238bfb9a6b5f40932d5e8c2e,True,2003,True,000f0000152cb62eaa75000400c43011,7.6996,none,0,0
arc-a6c0e7e719b87f19,mus-b7b453dcdef0c8ab,380701,b7b453dcdef0c8abf591d52ea82798c360754221cb15a3b705202199c0e33729,False,2.0.1,False,000000e0000002000000464e50657472,4.2009,none,0,0
arc-a6c0e7e719b87f19,mus-2d88a920375502ea,154182,2d88a920375502eabf4a48c9306e8ce945b5329102751200d0f2ce37a0b8bbaf,False,2.0.1,False,0000007b000002000000464e50657472,4.3113,none,0,0
arc-a6c0e7e719b87f19,mus-1e52796735a42edc,8752,1e52796735a42edc4a3a0b1f31938b827f5875c7be4de1b558a14278cd8d6b54,False,2.0.1,False,0000000e000002000000464e50657472,3.7357,none,0,0
arc-a6c0e7e719b87f19,mus-fe5947966f56260a,295709,fe5947966f56260a86423c44d7a4bbd79388bbb6ebbfec4df3a13537609e4c1f,False,2.0.1,False,000000eb000002000000464e50657472,4.2418,none,0,0
arc-a6c0e7e719b87f19,mus-44ea64d6329fe316,92230,44ea64d6329fe316d974e28c710fc1d0bfd8bfca37a8f6c98810137e198ac482,False,2.0.1,False,00000072000002000000464e50657472,4.2893,none,0,0
arc-038f99c198064c60,mus-2c0a5e8897b436d5,44504,2c0a5e8897b436d5b8a150112ed41eddf4491a908e6c709b2a165d71e3e9f9d7,False,2.0.1,False,00000021000002000000464e50657472,4.2450,none,0,0
arc-038f99c198064c60,mus-17252b23b7dec19b,21834,17252b23b7dec19be58ea25b53e679b0b45fae46667b956304c34da21ccf30a4,False,2.0.1,False,00000016000002000000464e50657472,3.6896,none,0,0
arc-038f99c198064c60,mus-6221436902df356a,14491,6221436902df356a2fb8ee2fbe6345e76d5c1fbc0d2928ffe39c43b513813acf,False,2.0.1,False,00000013000002000000464e50657472,3.7044,none,0,0
arc-038f99c198064c60,mus-21b0fbff8c350cb6,92339,21b0fbff8c350cb63cdb0a0e4329dbd8633c8731aca48c26d6ded962e0c75b5c,False,2.0.1,False,00000035000002000000464e50657472,4.3682,none,0,0
arc-038f99c198064c60,mus-a9c009c62210e98c,8240,a9c009c62210e98c36b17717bbaf8a7b3a0d30a8b9773e146dddf85799000cfd,False,1.8.7,False,0000000d000002000000464e50657472,3.8513,none,0,0
arc-038f99c198064c60,mus-82ecd310284845e9,126265,82ecd310284845e96a882a9724dfe1092b2daf0af96614f0e054b5fcd43469ff,False,2.0.1,False,00000045000002000000464e50657472,4.3355,none,0,0
arc-038f99c198064c60,mus-cbe08422209dc35e,96196,cbe08422209dc35edee6717d4892cbc927c78fd1d1a587db7af6a6f2c0c20581,False,2.0.1,False,0000003b000002000000464e50657472,4.3971,none,0,0
arc-a8c7539e10e928d6,mus-4208eeecc112ec2a,28149,4208eeecc112ec2a8ed8cc56a2ce97bf27627848bab422486a12dc01d1f4a5d2,True,2007,True,001a0000414cb51a1b25789ced7d0960,7.9551,big,4,1493
arc-a8c7539e10e928d6,mus-348ccc66a92e3a72,31339,348ccc66a92e3a725790fd6d82bc8d0f8ef65fba595512e903307df54d27f2d5,True,2012,True,1a00df4c0000afe4e34a789cedbd097c,7.9602,little,4,2542
arc-a8c7539e10e928d6,mus-8ec19f1a4810971f,87093,8ec19f1a4810971fa8f070a2c6a0bf2f92614ecb894ee407cc4be6ec5620e260,True,97,True,00010000c80600312661000100000000,3.4096,none,0,0
arc-e044a2afa384c5db,mus-bbd59d6a76e2468f,53075,bbd59d6a76e2468f2482330619cff2d252d55369a7d42219b85f5a920d85b71e,False,2.0.1,False,00000027000002000000444100480000,4.3795,none,0,0
arc-e044a2afa384c5db,mus-14e81da5b6cbc13a,51932,14e81da5b6cbc13a3cf237957cb962f14c7bc50f14cd003eb9ba1063fe084fd8,False,2.0.1,False,00000026000002000000444100480000,4.3828,none,0,0
arc-e044a2afa384c5db,mus-91ee87911d6366da,49888,91ee87911d6366da4482789a376e849ec6f219295bfead66ad49b2e848f6463c,False,2.0.1,False,00000032000002000000444100480000,4.4359,none,0,0
arc-e044a2afa384c5db,mus-82c88c7aa508aecb,44537,82c88c7aa508aecb3baff934b8aab54515a52f473f4aab8b377764735109447e,False,2.0.1,False,0000002c000002000000444100480000,4.3851,none,0,0
arc-e044a2afa384c5db,mus-0bea2a2b5efe842d,54998,0bea2a2b5efe842d8a88d6f9ec29e4def4a2905fe4bf67f56e0b5e81a3a3262c,False,2.0.1,False,00000038000002000000444100480000,4.4424,none,0,0
arc-e044a2afa384c5db,mus-d663f4670b49ecd6,11484,d663f4670b49ecd68b00a453fbe9724f4a9b84638a6e2c5696356719ac852c70,False,2.0.1,False,00000013000002000000444100480000,3.9117,none,0,0
arc-60798dae165f8e98,mus-3328146a837dac17,7534,3328146a837dac1776bec308bfe5a41f70ba439165b6de52216afc9f4eaf8be9,True,2007,True,001a000017162a2419aa789ced5d7b74,7.9640,big,4,490
arc-32127f034456ec56,mus-787cf69a3c3196a6,160114,787cf69a3c3196a6d3eea328bb4ded8611c17ce2e73fd7271d3742f2241073e0,True,3.2,False,000100010a26fffe3031000000000004,3.6765,none,0,0
arc-b3e6ec2774e3591a,mus-787cf69a3c3196a6,160114,787cf69a3c3196a6d3eea328bb4ded8611c17ce2e73fd7271d3742f2241073e0,True,3.2,False,000100010a26fffe3031000000000004,3.6765,none,0,0
arc-b3eea3d31d8711e0,mus-bbd25b6382ae184b,209846,bbd25b6382ae184b66c35fa460790b41f58335d73bbbbac4d1dde73a9d4a4844,False,2.6,False,00000141000002000000444100300000,4.4258,none,0,0
arc-b3eea3d31d8711e0,mus-4cd34a9133bd766a,206262,4cd34a9133bd766ad52681ce296e3a85fcf86d5f173bd2e9bc7f9606c3aa929a,False,2.6,False,0000013c000002000000444100300000,4.4218,none,0,0
arc-b3eea3d31d8711e0,mus-775da0712269fc6a,233910,775da0712269fc6ab7f3065975b958c0b98e822316d52587f676908ba8d79186,False,2.6,False,00000154000002000000444100300000,4.5231,none,0,0
arc-b3eea3d31d8711e0,mus-6ced2dd0f871e575,243126,6ced2dd0f871e57543e341cc6286b4c0fe5ead6b8209a8c5cbae64be9183bb3d,False,2.6,False,0000015e000002000000444100300000,4.5143,none,0,0
arc-b3eea3d31d8711e0,mus-82dd15dbcc5d038c,238518,82dd15dbcc5d038c4b4cfac8db93cc244469efd14cbf6a610033965318103a80,False,2.6,False,00000159000002000000444100300000,4.5195,none,0,0
arc-612ea2792e128005,mus-8903df5d5d9e8a86,552462,8903df5d5d9e8a8630d63b3111bdb376d5d6384e655cfc40069f9d0eb073678f,True,3.5,False,000100040a06fffe3031000000000004,3.8157,none,0,0
arc-612ea2792e128005,mus-c513756e6ddc9cd4,846264,c513756e6ddc9cd4d1e2e43ba8f62d89fb2081e9c315f6c4fc4edbf4baa66a82,True,3.5,False,000100049236fffe3031000000000004,3.7370,none,0,0
arc-612ea2792e128005,mus-d69921da4bf4ddfb,17496,d69921da4bf4ddfbaaf3425e6dc1422d9862cb6a1e89fe354ba45919cbb13845,True,3.2,False,000100003e96fffe3031000000000004,3.6094,none,0,0
arc-1f2f4abafbb6ce52,mus-03c8962fde84dd17,582194,03c8962fde84dd171d459a1d9e27bb23f31a4b723074a4de48010cf14e823952,True,3.5,False,000100042236fffe3031000000000004,3.8145,none,0,0
arc-1f2f4abafbb6ce52,mus-663339ec4fd188c2,596434,663339ec4fd188c22eb3263fe50d26b2a794d11181528d9901ca8472487c0b13,True,3.5,False,0001000421f6fffe3031000000000004,3.7798,none,1,0
arc-1f2f4abafbb6ce52,mus-21a7bd7fc56acd4c,868136,21a7bd7fc56acd4cc4c6aacc751eaae3e9ccd66438c54e26afaa42a932bc8d17,True,3.5,False,00010004c736fffe3031000000000004,3.7354,none,0,0
arc-bf330f147d935fe1,mus-2fd35935119037f9,588348,2fd35935119037f99ff37bc961a289c9c476d98a4b897eb4e2351457314b2182,True,3.5,False,000100042db6fffe3031000000000004,3.8147,none,0,0
arc-bf330f147d935fe1,mus-3bff48d6cccad029,611964,3bff48d6cccad0290ae2780aa3623fb72d9405f6d2de5e2de90a7c3352452470,True,3.5,False,0001000438a6fffe3031000000000004,3.7756,none,1,0
arc-bf330f147d935fe1,mus-11318e59cc3465fb,880886,11318e59cc3465fb456472a9c0b52e9d6090c34d51f49bdfc47f5d4150cc0be0,True,3.5,False,00010004d4b6fffe3031000000000004,3.7357,none,0,0
arc-6e882988610fa9d2,mus-0a0b6499d9dc56bc,594451,0a0b6499d9dc56bc30b549f8a0e4b2527f795c67622387f253bd08c567f515e0,True,3.7,False,0001000433a6fffe3031000000000000,3.8227,none,0,0
arc-6e882988610fa9d2,mus-ea284d289471233c,616341,ea284d289471233cda6e4405f89693441bcf73a5c59bf1790698fc6a1e644ea3,True,3.7,False,000100043e96fffe3031000000000000,3.7808,none,1,0
arc-6e882988610fa9d2,mus-9e2c696b448b9fdd,1020046,9e2c696b448b9fddaf0172c306df04b928bad735af3466eba098495d064263aa,True,3.7,False,00010004f476fffe3031000000000000,3.7454,none,0,0
arc-7ef98ccaf87a4760,mus-be251b68a1211344,598615,be251b68a12113440d4063041605566577809882681335745269e683ac947098,True,3.7,False,000100043906fffe3031000000000000,3.8226,none,0,0
arc-7ef98ccaf87a4760,mus-a302b65a19e40a21,622169,a302b65a19e40a2157b31c836717cfad034c723ef4374d2f6a449480eea363fe,True,3.7,False,000100044476fffe3031000000000000,3.7807,none,1,0
arc-7ef98ccaf87a4760,mus-ed8cdb0bceb59494,1055310,ed8cdb0bceb5949459f7a370ffe245262df116a06a59719fda191cfb26060206,True,3.7,False,00010004f8a6fffe3031000000000000,3.7456,none,0,0
arc-e3cb0671350578c0,mus-39a7eb016afcdcee,599303,39a7eb016afcdceeae4e7f58350e0c630884ee672d603ce65ffbafd6e78a029b,True,3.7,False,000100043906fffe3031000000000000,3.8226,none,0,0
arc-e3cb0671350578c0,mus-0467cedccd9516ae,623001,0467cedccd9516aeba5c90d60c85ab50c5db881c6b26522b0d578661f9560a17,True,3.7,False,000100044476fffe3031000000000000,3.7807,none,1,0
arc-e3cb0671350578c0,mus-8af87aeef5c7d000,1062526,8af87aeef5c7d00090160a5581e4118d3bb9c77a5368746cfc16aae659afd25e,True,3.7,False,00010004f8a6fffe3031000000000000,3.7455,none,0,0
arc-40788d8256c72f1b,mus-4aa545210e44cc07,174296,4aa545210e44cc075ee16476bb18bef90f99b04451b99fbbfc7f9448b0751d7e,False,2.6,False,00000099000002000000464e50657472,4.3383,none,0,0
arc-40788d8256c72f1b,mus-f544ca7030fe203f,133790,f544ca7030fe203f8f01fa186833a4279d591de3367b315f3b11a2577f222713,False,2.6,False,0000006e000002000000464e50657472,4.3548,none,0,0
arc-40788d8256c72f1b,mus-481d8811c4154e87,71829,481d8811c4154e87305556a5c0ab7745484358f4479bad8106f421b2a76b4cd1,False,2.6,False,0000003d000002000000464e50657472,4.3716,none,0,0
arc-5e41cabdd3cc1403,mus-4aa545210e44cc07,174296,4aa545210e44cc075ee16476bb18bef90f99b04451b99fbbfc7f9448b0751d7e,False,2.6,False,00000099000002000000464e50657472,4.3383,none,0,0
arc-5e41cabdd3cc1403,mus-f544ca7030fe203f,133790,f544ca7030fe203f8f01fa186833a4279d591de3367b315f3b11a2577f222713,False,2.6,False,0000006e000002000000464e50657472,4.3548,none,0,0
arc-5e41cabdd3cc1403,mus-481d8811c4154e87,71829,481d8811c4154e87305556a5c0ab7745484358f4479bad8106f421b2a76b4cd1,False,2.6,False,0000003d000002000000464e50657472,4.3716,none,0,0
arc-697de98aa1dd9000,mus-aaac6b100396f298,174296,aaac6b100396f298547bfae7fbd5a665a26ac3c543f4bc64d1be427334f19ae5,False,2.6,False,00000099000002000000464e50657472,4.3344,none,0,0
arc-697de98aa1dd9000,mus-45cb5b89c40ff957,133790,45cb5b89c40ff9577f52d199fc549f42787f928be69b2f797f2e21b5b5e795a3,False,2.6,False,0000006e000002000000464e50657472,4.3592,none,0,0
arc-697de98aa1dd9000,mus-2c3a7d70d00542c8,71829,2c3a7d70d00542c8cda2da735d417419b693c44b60fa8b5de458f303fb2fcb69,False,2.6,False,0000003d000002000000464e50657472,4.3670,none,0,0
arc-46e085e588253172,mus-aaac6b100396f298,174296,aaac6b100396f298547bfae7fbd5a665a26ac3c543f4bc64d1be427334f19ae5,False,2.6,False,00000099000002000000464e50657472,4.3344,none,0,0
arc-46e085e588253172,mus-45cb5b89c40ff957,133790,45cb5b89c40ff9577f52d199fc549f42787f928be69b2f797f2e21b5b5e795a3,False,2.6,False,0000006e000002000000464e50657472,4.3592,none,0,0
arc-46e085e588253172,mus-2c3a7d70d00542c8,71829,2c3a7d70d00542c8cda2da735d417419b693c44b60fa8b5de458f303fb2fcb69,False,2.6,False,0000003d000002000000464e50657472,4.3670,none,0,0
arc-1f9b2627139ef9ea,mus-02978b9e16d76491,29865,02978b9e16d7649179b58c8f9cd0a58ba6d77a5a03b9bee7695bdfa09c02241a,False,2.0.1,False,0000001a000002000000464e50657472,4.1289,none,0,0
arc-1f9b2627139ef9ea,mus-f5b5e20ff8c27785,169176,f5b5e20ff8c27785c0c7144c245f090055639321749254117368641917aa14db,False,2.0.1,False,00000092000002000000464e50657472,4.3870,none,0,0
arc-1f9b2627139ef9ea,mus-7e371b1c6f825390,120990,7e371b1c6f825390117dec4e97ed49373a44beb2c98568986e095bd0546e0526,False,2.0.1,False,00000062000002000000464e50657472,4.3184,none,0,0
arc-1f9b2627139ef9ea,mus-5c04fb754db4abb4,70293,5c04fb754db4abb4708ea9edabb982d0bb74ef50cbb2227033468eb2470fe9a0,False,2.0.1,False,0000003c000002000000464e50657472,4.3602,none,0,0
arc-1f9b2627139ef9ea,mus-7513fa1138789745,9264,7513fa11387897453227e550860ae5f21c700a08a245f9aa4c5d27d76fe11817,False,2.0.1,False,0000000f000002000000464e50657472,3.7424,none,0,0
arc-1f9b2627139ef9ea,mus-57a4c71be63e96fb,43161,57a4c71be63e96fb5f9ff591b40aafdd818c90452c9fb5da6b10c7aa6e9dba64,False,2.0.1,False,00000031000002000000464e50657472,4.2627,none,0,0
arc-c6f698623337518e,mus-02978b9e16d76491,29865,02978b9e16d7649179b58c8f9cd0a58ba6d77a5a03b9bee7695bdfa09c02241a,False,2.0.1,False,0000001a000002000000464e50657472,4.1289,none,0,0
arc-c6f698623337518e,mus-f5b5e20ff8c27785,169176,f5b5e20ff8c27785c0c7144c245f090055639321749254117368641917aa14db,False,2.0.1,False,00000092000002000000464e50657472,4.3870,none,0,0
arc-c6f698623337518e,mus-7e371b1c6f825390,120990,7e371b1c6f825390117dec4e97ed49373a44beb2c98568986e095bd0546e0526,False,2.0.1,False,00000062000002000000464e50657472,4.3184,none,0,0
arc-c6f698623337518e,mus-5c04fb754db4abb4,70293,5c04fb754db4abb4708ea9edabb982d0bb74ef50cbb2227033468eb2470fe9a0,False,2.0.1,False,0000003c000002000000464e50657472,4.3602,none,0,0
arc-c6f698623337518e,mus-7513fa1138789745,9264,7513fa11387897453227e550860ae5f21c700a08a245f9aa4c5d27d76fe11817,False,2.0.1,False,0000000f000002000000464e50657472,3.7424,none,0,0
arc-c6f698623337518e,mus-57a4c71be63e96fb,43161,57a4c71be63e96fb5f9ff591b40aafdd818c90452c9fb5da6b10c7aa6e9dba64,False,2.0.1,False,00000031000002000000464e50657472,4.2627,none,0,0
arc-3b14494f962ce47b,mus-178a261cfdacc43f,304830,178a261cfdacc43f70345d64546387333b296eeee186ccb9b1920e6a7bdf33dc,False,2.6,False,00000059000002000000444100300000,4.2742,none,0,0
arc-3b14494f962ce47b,mus-dad8a97ea432bbc4,39614,dad8a97ea432bbc47c4edfaea1ef43b4485ba17c9f271f9156284fd02e907a85,False,2.6,False,00000026000002000000444100300000,4.1426,none,0,0
arc-08e41cade7f3ebc5,mus-8dfe1b28788a69c7,63084,8dfe1b28788a69c76031d5bd251ec9daad9d95e0714ebf1e7d9f1b10d6492997,True,2003,True,000f0000757e728993f4000400c43011,7.6404,none,0,0
arc-08e41cade7f3ebc5,mus-510b8fc617949a1a,59995,510b8fc617949a1a608b43ced63fa6fdd4286cd5b63b6267bcd86b393582fd7f,True,2003,True,000f00007d668cf5f7ec000400c43011,7.6431,none,0,0
arc-08e41cade7f3ebc5,mus-0fa46559a0b61550,65219,0fa46559a0b6155054a14ffbf70e317ab3ab92acc3ab2b9ef13a34f7dedbdba1,True,2003,True,000f00007ba786ebc636000400c43011,7.6286,none,0,0
arc-08e41cade7f3ebc5,mus-2455a2900d07c2bc,84298,2455a2900d07c2bc94d11c7fc5ba19834a191cf07ea7343058adf4bd4c150f58,True,2003,True,000f000077d389c43f7f000400c43011,7.6337,none,0,0
arc-08e41cade7f3ebc5,mus-1a1f32c13b7d3877,245858,1a1f32c13b7d387789a0de8ca4d4c840c6e9953e3110c3f78f6f25ac6cde15ef,True,2003,True,000f00010da6a9182f65000400c43011,7.6715,none,0,0
arc-08e41cade7f3ebc5,mus-8230c7a5a348705e,67441,8230c7a5a348705e2ed98fc0cdaed1a0c4b6d12623764b1133162ddcbf31c81e,True,2003,True,000f00007a91069e29a1000400c43011,7.6466,none,0,0
arc-5e4207c0bf09b1fd,mus-0920f61ee4cb4d30,226051,0920f61ee4cb4d30c4e2852840874aedc9558be3db627f91dec5161dd6656935,False,1.8.7,False,00000050000002000000464e50657472,4.3223,none,0,0
arc-5e4207c0bf09b1fd,mus-811bb053a565cf9c,20017,811bb053a565cf9c053d2fa0312b0dc8f5f5eac60ca0a3bb204e74b3d30cc921,False,1.8.7,False,00000017000002000000464e50657472,3.7459,none,0,0
arc-5e4207c0bf09b1fd,mus-73b759ceb01e9cf5,227030,73b759ceb01e9cf548fd76f75dbe4eb19512bc165152c91be2ef8beaea31891e,False,1.8.7,False,0000007a000002000000464e50657472,4.2144,none,0,0
arc-5e4207c0bf09b1fd,mus-c76523b0c2678586,400160,c76523b0c267858661068bc89fa92ed9f2936089f2ccc00824edaf7bed4ab213,False,1.8.7,False,000000aa000002000000464e50657472,4.2330,none,0,0
arc-5e4207c0bf09b1fd,mus-2ec62cc1db4bd2c1,201776,2ec62cc1db4bd2c1b56c386ace3518cdb75d6153fbf9497bc7ed8e60ac79aaa1,False,1.8.7,False,00000049000002000000464e50657472,4.2792,none,0,0
arc-5e4207c0bf09b1fd,mus-844240a9c150c8f9,35561,844240a9c150c8f985554a7a670dfd3c5b26c31d55d9573b54843b98bf843122,False,1.8.7,False,0000001d000002000000464e50657472,4.1263,none,0,0
arc-5e4207c0bf09b1fd,mus-f1ec8f287cf5e13c,106032,f1ec8f287cf5e13c2e81d18e4410fab63c85e4d2f0ae7b2559a1fcc6c8b01e71,False,1.8.7,False,0000001d000002000000464e50657472,4.0323,none,0,0
arc-5e4207c0bf09b1fd,mus-805b0bcb97c50b0c,8752,805b0bcb97c50b0cfb39472cbd24fcc8012c1891f54be680b6275c9c35e6d94f,False,1.8.7,False,0000000e000002000000464e50657472,3.7774,none,0,0
arc-de6e2771999daf5a,mus-0920f61ee4cb4d30,226051,0920f61ee4cb4d30c4e2852840874aedc9558be3db627f91dec5161dd6656935,False,1.8.7,False,00000050000002000000464e50657472,4.3223,none,0,0
arc-de6e2771999daf5a,mus-811bb053a565cf9c,20017,811bb053a565cf9c053d2fa0312b0dc8f5f5eac60ca0a3bb204e74b3d30cc921,False,1.8.7,False,00000017000002000000464e50657472,3.7459,none,0,0
arc-de6e2771999daf5a,mus-73b759ceb01e9cf5,227030,73b759ceb01e9cf548fd76f75dbe4eb19512bc165152c91be2ef8beaea31891e,False,1.8.7,False,0000007a000002000000464e50657472,4.2144,none,0,0
arc-de6e2771999daf5a,mus-c76523b0c2678586,400160,c76523b0c267858661068bc89fa92ed9f2936089f2ccc00824edaf7bed4ab213,False,1.8.7,False,000000aa000002000000464e50657472,4.2330,none,0,0
arc-de6e2771999daf5a,mus-2ec62cc1db4bd2c1,201776,2ec62cc1db4bd2c1b56c386ace3518cdb75d6153fbf9497bc7ed8e60ac79aaa1,False,1.8.7,False,00000049000002000000464e50657472,4.2792,none,0,0
arc-de6e2771999daf5a,mus-844240a9c150c8f9,35561,844240a9c150c8f985554a7a670dfd3c5b26c31d55d9573b54843b98bf843122,False,1.8.7,False,0000001d000002000000464e50657472,4.1263,none,0,0
arc-de6e2771999daf5a,mus-f1ec8f287cf5e13c,106032,f1ec8f287cf5e13c2e81d18e4410fab63c85e4d2f0ae7b2559a1fcc6c8b01e71,False,1.8.7,False,0000001d000002000000464e50657472,4.0323,none,0,0
arc-de6e2771999daf5a,mus-805b0bcb97c50b0c,8752,805b0bcb97c50b0cfb39472cbd24fcc8012c1891f54be680b6275c9c35e6d94f,False,1.8.7,False,0000000e000002000000464e50657472,3.7774,none,0,0
arc-091621995d2bbba2,mus-f57206102fec09cb,367420,f57206102fec09cbcefe2b9c6f0276a7c1da746ba3f10c571229eaec2c801942,True,97,False,00010001ede600312661001e00000000,3.6500,none,0,0
arc-091621995d2bbba2,mus-a56002745e1a5751,341674,a56002745e1a57514ba566132443cd695325cee1f75bcfad5b6ab7e2bd0bd62b,True,97,False,00010001f44600312661001c00000000,3.4596,none,0,0
arc-091621995d2bbba2,mus-3b6c43ed1a177e0e,621908,3b6c43ed1a177e0eb41963c204e40043435248ded8145bf30d223ca720bed572,True,97,False,00010002cc4600312661001e00000000,3.6918,none,0,0
arc-091621995d2bbba2,mus-69e08a52b8b10346,433056,69e08a52b8b1034655ea44731b573ff240d39dce99bd40659b733cfc618b59f5,True,97,False,0001000248b600312661000100000000,3.4016,none,0,0
arc-29f88567ae8045f1,mus-7da2d05ea97943f1,367636,7da2d05ea97943f14588f654e68b3907a4d21fdea910469f67c4bb8edb2f7b9a,True,97,False,00010001ee6600312661001e00000000,3.6505,none,0,0
arc-29f88567ae8045f1,mus-2750008cc9bb8873,341877,2750008cc9bb8873cb81348202eed5cf5614f874cadc70095e3f39a8fe22013a,True,97,False,00010001f4c600312661001c00000000,3.4603,none,0,0
arc-29f88567ae8045f1,mus-cf3424d512491c2a,622112,cf3424d512491c2ad2373ae27d6e9ef8295281eedfc25b3b80c2fb87d0f199fc,True,97,False,00010002ccc600312661001e00000000,3.6923,none,0,0
arc-29f88567ae8045f1,mus-4a46aaeb6d7880dd,433261,4a46aaeb6d7880ddfbdea319dd9233baa58850d78b10dc482ceca6a4f91a2bf4,True,97,False,00010002493600312661000100000000,3.4022,none,0,0
arc-f89fe8486238b75d,mus-5d6f817449d2b169,367636,5d6f817449d2b16908d09bc44e6275cde328c2eae691835fac9249c54181e976,True,97,False,00010001ee6600312661001e00000000,3.6503,none,0,0
arc-f89fe8486238b75d,mus-7d0d3605b81a3b34,341877,7d0d3605b81a3b346b9b906c460b440a53810d282e51c95667cd6cd2d6cdb1b4,True,97,False,00010001f4c600312661001c00000000,3.4603,none,0,0
arc-f89fe8486238b75d,mus-1cdbeca60cc60580,622112,1cdbeca60cc6058084ec48443bdd658a8003c0d320c88689b57f10b76e4ef79c,True,97,False,00010002ccc600312661001e00000000,3.6924,none,0,0
arc-f89fe8486238b75d,mus-d0f414284d4ab6f5,433261,d0f414284d4ab6f55be5b0070014ac2160f9af13e1354e1fc1528f4d219dcdbd,True,97,False,00010002493600312661000100000000,3.4020,none,0,0
arc-2312a1be44d28f71,mus-9f1dd915bff7983c,53795,9f1dd915bff7983cf7c9a53ad143f3ec79d77e59807a39d70163c405317608c1,True,2000,False,00010000606600312661000100000000,3.3583,none,0,0
arc-2312a1be44d28f71,mus-e4c4763cf7493a83,19557,e4c4763cf7493a83c0d5f5382f766aaeb134e3fbe18795ebe9d923ea65b49e03,True,2000,False,0001000045c600312661000100000000,3.3298,none,0,0
arc-538c5b944843fb58,mus-c04678db6a01cd60,18757,c04678db6a01cd60f11de371d64645a253098dcc8fae3b6ba1e2e457c20995d4,True,97,False,0001000042f600312661000100000000,3.3380,none,0,0
arc-5f6f126d5a217ec1,mus-39caa62b88c4bede,349609,39caa62b88c4bede4dbfc434d682582cc66dbf79fa9b9f2400e180b1aa8f4fb6,False,2.6,False,000001c7000002000000444100480000,4.3390,none,0,0
arc-5f6f126d5a217ec1,mus-0f7558ad3262ae46,300457,0f7558ad3262ae465294816504f9910d7ef3fae914673efa6e0e3b46a072881d,False,2.6,False,000001a70000020000004441003c0000,4.3330,none,0,0
arc-5f6f126d5a217ec1,mus-304c8fceccc53997,360873,304c8fceccc53997cdb2384258680aa3c15fe91eaef5141c7c3232f755bd0607,False,2.6,False,000001d0000002000000444100480000,4.3209,none,0,0
arc-5f6f126d5a217ec1,mus-fbf6c2e03a930e7c,361385,fbf6c2e03a930e7c1e51733231b116261c7bfff23c43450afdef1716bfd1d371,False,2.6,False,000001cb000002000000444100480000,4.3208,none,0,0
arc-386e7919e7d656da,mus-c04678db6a01cd60,18757,c04678db6a01cd60f11de371d64645a253098dcc8fae3b6ba1e2e457c20995d4,True,97,False,0001000042f600312661000100000000,3.3380,none,0,0
arc-0ed199c0a7c850b8,mus-4ae5b9287e81ce47,358825,4ae5b9287e81ce476506bc2ad37f32e7f9a6df8d98bea3ea32111ef0401b2a9a,False,2.6,False,000001cf000002000000444100480000,4.3592,none,0,0
arc-f94574eac19d274d,mus-820ce44eb88f6418,407490,820ce44eb88f641870cc8cfcf1321ba7f187d0fee6cb9da2685ca46d433a027a,True,3.2,False,00010004f646fffe3031000000000004,3.4899,none,0,0
arc-f94574eac19d274d,mus-f4db14d468588894,409930,f4db14d468588894e9c762253bea74601fb0fa8f11218af9f5fba45630c8c24a,True,3.2,False,00010004f566fffe3031000000000004,3.5468,none,0,0
arc-f94574eac19d274d,mus-2e7af092bd5645bf,425806,2e7af092bd5645bfff0b1de2b67ca2ecfadf1339ec7b8ea248e2e019b021baa4,True,3.2,False,000100050b36fffe3031000000000004,3.6586,none,0,0
arc-f94574eac19d274d,mus-a85ef95061c4ca1a,414832,a85ef95061c4ca1a25d540003295469167f1011d1db8d046f959f985f70ae543,True,3.2,False,00010004fea6fffe3031000000000004,3.6319,none,0,0
arc-f94574eac19d274d,mus-dab4b613bda291e0,418430,dab4b613bda291e05b6eaed74e02e53f46f238ae50eceb742fb8708ab37609c4,True,3.2,False,0001000501b6fffe3031000000000004,3.5659,none,0,0
arc-f94574eac19d274d,mus-9fe11c2f364f19c7,409700,9fe11c2f364f19c7292b66c6e960e090d68bdc4edea97f61b9538a770b18e23b,True,3.2,False,00010004f676fffe3031000000000004,3.6018,none,0,0
arc-f94574eac19d274d,mus-eaa69959a2676041,412444,eaa69959a26760418cdd8f0e6d61f1524b4dadeb1a38e40221f608305634f728,True,3.2,False,00010004fce6fffe3031000000000004,3.5902,none,0,0
arc-f94574eac19d274d,mus-5f45f35f8bb6a234,398062,5f45f35f8bb6a234e6433d30b7b969b74256f72fab6ece2ef7d3e5d842c428cc,True,3.2,False,00010004ed76fffe3031000000000004,3.5061,none,0,0
arc-0ed199c0a7c850b8,mus-e27f1677a53f3e9d,305577,e27f1677a53f3e9de2d33846ec914e1c3114bd0b19b3a201fe189e7de9184fb1,False,2.6,False,000001ad0000020000004441003c0000,4.3682,none,0,0
arc-0ed199c0a7c850b8,mus-f1b626a761c56d83,306601,f1b626a761c56d83d1bbb34a30b578165b73a0c9200555a2d3f1341efdb5a0fa,False,2.6,False,000001ad0000020000004441003c0000,4.3680,none,0,0
arc-0ed199c0a7c850b8,mus-302ac97b0dffa19f,370089,302ac97b0dffa19fdd35f5b94a0e8db5c2752b839155004ea5f60b591652ade5,False,2.6,False,000001d8000002000000444100480000,4.3844,none,0,0
arc-0ed199c0a7c850b8,mus-37c7131dae939d2d,371625,37c7131dae939d2d5939ce084d9e90ab8c4722ddcb2077f7c4151c4b8355be31,False,2.6,False,000001d6000002000000444100480000,4.3281,none,0,0
arc-4ce19f29fe96de43,mus-04555a76ead7e711,162037,04555a76ead7e7116ba79a51b89eed270a8e1877f4ca8eb84d06395231202e2d,True,2012,True,1a007efe000014cedcbb789cecbd09bc,7.9413,little,4,11883
arc-5cbf9ee8530ab447,mus-5b94917c5e7ec857,65610,5b94917c5e7ec857bfcc506d2dea0d9f76abc9b91092e0b34d8d7199f2d0ece4,True,2002,True,000f000083ef35b37f5b000400c43011,7.6075,none,0,0
arc-5cbf9ee8530ab447,mus-16efb488c5def37e,219069,16efb488c5def37e7365f6ef026aaf300546bdb9ccf92fcb10d86b9801df867e,True,2002,True,000f000157c710a21d57000400c43011,7.6234,none,0,0
arc-5cbf9ee8530ab447,mus-ec18f6018d1ffc4f,64365,ec18f6018d1ffc4fae27f7fdb98758b4cdc858c00ed87e2a9f5c70cca8388c3a,True,2002,True,000f00008099aec32afb000400c43011,7.6273,none,0,0
arc-5cbf9ee8530ab447,mus-37499354c83e0d78,70268,37499354c83e0d78c0a05b1cc6f9d3a2293078ca478fcbf0830b05eef5e4ecce,True,2002,True,000f000088828d17fb20000400c43011,7.6509,none,0,0
arc-5cbf9ee8530ab447,mus-0b07a42ef613675d,70654,0b07a42ef613675d2c54e2f3faaa4756460dfc99eb3d13ce6fa740344601a97f,True,2002,True,000f000088d729797ecd000400c43011,7.6492,none,0,0
arc-5cbf9ee8530ab447,mus-bb85e14a1686bde7,66338,bb85e14a1686bde778629f5807d3a5d05453d04673c2dbb42135f6127f2aa6ac,True,2002,True,000f0000850c33baedc5000400c43011,7.6296,none,0,0
arc-5cbf9ee8530ab447,mus-7fb4cb9a2f5153fb,62610,7fb4cb9a2f5153fb2896f31e388f665c17ca10fb5bce66dd8097c376622f2a24,True,2002,True,000f000081117c1415c5000400c43011,7.6207,none,0,0
arc-134f51c5bf1b9cde,mus-ba0c0a6bb9be41bd,48461,ba0c0a6bb9be41bda2708b8ea714d0c4f4793410160922c2d2c139f3526ca10d,False,2.6,False,00000032000002000000464e50657472,4.4088,none,0,0
arc-147cb91cf1e5e4e4,mus-3015b50ef47155ec,78410,3015b50ef47155ec7ebf6dfbea5fb6a169d6424ef1c548807556c967c93de8eb,True,3.5,False,00010000be16fffe3031000000000004,3.4161,none,0,0
arc-37311a9a53a9535f,mus-89ce3ed8eb27df1c,19391,89ce3ed8eb27df1c2675206f1db5e19bd6ab020de22f7fbab83da00f25414643,True,97,True,00010000431600312661000100000000,3.3189,none,0,0
arc-37311a9a53a9535f,mus-d6ecceec28c25275,7510,d6ecceec28c25275c55f27e1bdbd7224429eddd589dccf5b8f65e2f7a6efb276,True,2005,True,000f000016e1c130d85e000400c43011,7.7082,none,0,0
arc-37311a9a53a9535f,mus-59e2ef2bdc0a9416,3576,59e2ef2bdc0a9416a1cdd0f23cab730c4599f36064576c47055ed3814aa4f57f,True,2004,True,000f00000a589db7d422000400c43061,7.6223,none,0,0
arc-37311a9a53a9535f,mus-6ebf82c156b4068a,7432,6ebf82c156b4068aa6b4c8811ad98ee7411a28ec40391efcc9ffa3f57d310ff2,True,2002,True,000f000015fa0c0b9f98000400c43011,7.7104,none,0,0
arc-37311a9a53a9535f,mus-d8c3fb79994d0615,48379,d8c3fb79994d0615ab362809d51377a4953deccae9d9b708910d4d3607d3ca4e,True,2003,True,000f00005c0ddf5b6ae7000400c43011,7.5776,none,0,0
arc-37311a9a53a9535f,mus-24e8d482ddc433b1,7047,24e8d482ddc433b1dedfca3f346eb6eb47d980c4df915c2285c0cb02f8f6655f,True,2003,True,000f0000156a44af1b9a000400c43011,7.7092,none,0,0
arc-37311a9a53a9535f,mus-fb865fb6ac00dfe4,6958,fb865fb6ac00dfe47d76cd359f642fd5171182e7b2afeac762dedabfcd194c74,True,2003,True,000f0000154e325325fb000400c43011,7.6969,none,0,0
arc-37311a9a53a9535f,mus-0d9fee5e183ee7f9,6942,0d9fee5e183ee7f9e32e47a7d3edc953f67d99a8d82c03fcdb236cc8bc667a85,True,2003,True,000f0000154e5f770242000400c43011,7.6964,none,0,0
arc-37311a9a53a9535f,mus-db63fb8ea470442e,7031,db63fb8ea470442edf0547bce747fc65fc24c9e4d1eb9516a19cf1651f127304,True,2003,True,000f0000152cb62eaa75000400c43011,7.7041,none,0,0
arc-37311a9a53a9535f,mus-911401494ae5298d,6939,911401494ae5298d78723cb95ddbaa587651078f67fff31aa2579059b0e375f4,True,2003,True,000f0000154bcae3ede2000400c43011,7.6925,none,0,0
arc-37311a9a53a9535f,mus-80154697115b9b08,6926,80154697115b9b086f19a6ac43b9f9c9e9faa5227b0e7b441a24abfbe84c90ac,True,2002,True,000f0000151ef59cea1a000400c43011,7.6987,none,0,0
arc-37311a9a53a9535f,mus-a03a5f4f6aacf182,6671,a03a5f4f6aacf182eab067695d55ac2b3d6fef11775337a65e005601a4774cb9,True,2002,True,000f00001425331d2342000400c43011,7.7007,none,0,0
arc-37311a9a53a9535f,mus-4ee520004faafb33,21601,4ee520004faafb33d1446a2b322386f7f7493aaa748b8b1b400266adb49125b2,True,2000,True,0001000049a600312661000100000000,3.3409,none,0,0
arc-37311a9a53a9535f,mus-fbd112fad7effc4c,54760,fbd112fad7effc4c4e1f69d931bb810ffbc30bdd4b0a144d9fa4a325521de184,True,2004b,True,0f00309100003c606a78000462000863,7.6551,none,0,0
arc-37311a9a53a9535f,mus-990f5f9c9e38e168,54793,990f5f9c9e38e1682e5b2325957e2c12d1f7508d62fe41bac891af25b1b487f6,True,2004b,True,0f00309100003c606a78000462000863,7.6551,none,0,0
arc-37311a9a53a9535f,mus-68448786262eb644,54974,68448786262eb6449a5544be5a54a45540ccc26c29884dc10d68f6f881e4126b,True,2005,True,0f008e910000abd320dd000462000863,7.6518,none,0,0
arc-37311a9a53a9535f,mus-a6f99ac6b21bb9ef,55204,a6f99ac6b21bb9ef6e5d00fcbca1e8afc393f73d75d03799cd88dcbe5ca69c78,True,2005,True,000f0000c826318ddf2f000400c03011,7.5927,none,0,0
arc-37311a9a53a9535f,mus-14816048bc29d651,7024,14816048bc29d65193bec1f1ae1550177b5636a4689453a4f7605d1c9fe4cfbb,True,2003,True,000f000015b20c2a36d2000400c43011,7.7031,none,0,0
arc-37311a9a53a9535f,mus-bf8a2d7e1feccad7,7552,bf8a2d7e1feccad7356ac1f14a1a65b122d19edc7251eaa6c990e9813fc08442,True,2003,True,000f00001675cbd5145f000400c43011,7.7091,none,0,0
arc-37311a9a53a9535f,mus-02cf5aedce61bd4e,21809,02cf5aedce61bd4ebfd2bbd573ff430153daded4eed1d047931d7be062c25f0d,True,2000,False,00010000479600312661000100000000,3.3648,none,0,0
arc-37311a9a53a9535f,mus-15ec9b233136225f,21051,15ec9b233136225f12ae2bc122211338dc5fd3cff24ade15a105663c33b54900,True,2000,False,00010000469600312661000100000000,3.3495,none,0,0
arc-37311a9a53a9535f,mus-f879c5edd8c4e7e7,20067,f879c5edd8c4e7e705b4b6f7d43d19f262cc94329ad362cfc62c019f557bcf13,True,2000,False,0001000045f600312661000100000000,3.3199,none,0,0
arc-37311a9a53a9535f,mus-b31070a56377b624,22005,b31070a56377b62496efaf630797dff1acb8e6850a15b8cfdeeb63b79de1fedd,True,2000,False,0001000047f600312661000100000000,3.3616,none,0,0
arc-37311a9a53a9535f,mus-85205b4af9c9eee8,21561,85205b4af9c9eee8b3fcc8466dd00eb42fcfeba7ec45d5a5e5e3d0c29d971acd,True,2000,False,0001000047b600312661000100000000,3.3605,none,0,0
arc-37311a9a53a9535f,mus-3501a8bdefb28717,21975,3501a8bdefb287178c54c467f49cc9bb34bc5313187af8e1de2eaa1bdc461499,True,2000,False,00010000467600312661000100000000,3.3393,none,0,0
arc-37311a9a53a9535f,mus-7f09920de16277b1,20329,7f09920de16277b108eedcb7db9608c1e9d06df6261c7ad630200ee262448f37,True,2000,False,00010000458600312661000100000000,3.3204,none,0,0
arc-37311a9a53a9535f,mus-4c2ffbaf1f32229c,57589,4c2ffbaf1f32229ce4117993dd288afb51648a8720813a6cbff59d4a1a9535ad,True,2002,True,000f000044f11b3623b1000400c03011,7.6471,none,0,0
arc-37311a9a53a9535f,mus-e61f7e1b10423f66,21941,e61f7e1b10423f66b7ea959cc68e3ac476dc3109e208347bdc0d8c4515194718,True,2000,False,00010000464600312661000100000000,3.3105,none,0,0
arc-37311a9a53a9535f,mus-b2d9dcf1ec2d48cb,21893,b2d9dcf1ec2d48cbd74513888a3da1d688c35aabebb4c9ed854ea224d6d3bcea,True,2000,False,0001000047c600312661000100000000,3.3757,none,0,0
arc-37311a9a53a9535f,mus-8df43d75fab0c654,21137,8df43d75fab0c65479f90de5de01deb4c02944200e1900b64e8a1251790fe863,True,2000,False,00010000458600312661000100000000,3.3097,none,0,0
arc-37311a9a53a9535f,mus-a2b773298e64f7c0,6793,a2b773298e64f7c0807c4c0429bb477279b96ba74ca6531f324ef5e3b684d94e,True,2002,True,000f0000143bb3006434000400c43011,7.7064,none,0,0
arc-37311a9a53a9535f,mus-d17af0a403b0a7eb,50261,d17af0a403b0a7eb60e33acf8b713a1da148209828871510ff56776a07b9db8d,True,2004b,True,000f0000b7d483ab1d98000400c03011,7.5889,none,0,0
arc-37311a9a53a9535f,mus-91a68b7f67e10791,21931,91a68b7f67e107915cca982128b80dc08df5495c5f31bdc5f86f6fdc659bfd35,True,2000,True,00010000489600312661000100000000,3.3821,none,0,0
arc-37311a9a53a9535f,mus-06b43fd49f77c1c6,7261,06b43fd49f77c1c6202cec1b62d41cea5f89ad86fded1b4b5acc33b904903399,True,2003,True,000f00001612829ad5f6000400c43011,7.7012,none,0,0
arc-37311a9a53a9535f,mus-5529691254be299b,7120,5529691254be299b9fb7279e5ca549811b1be216a7a69173a1cc4cff6f27f957,True,2003,True,000f000015a2e30ac75a000400c43011,7.7077,none,0,0
arc-37311a9a53a9535f,mus-138dd65b1eba2ce4,67567,138dd65b1eba2ce4db9981affdfafd2fadf396b5dc549217f9f5d85f99a02e5a,True,2003,True,000f0000576152f0058a000400c03011,7.6674,none,0,0
arc-37311a9a53a9535f,mus-2fc904f04995a9cd,4169,2fc904f04995a9cd10d2218ad9694ac12aba7a10f707c76da1f496d4d1e5d564,True,2006,True,000f0000096e2b1fbba10004fef98311,7.5330,none,0,0
arc-37311a9a53a9535f,mus-76f77e0eed85f646,11190,76f77e0eed85f6462d38f096663d9d4581c71b6d0d8fd52bcc44fbdc4f6fe25c,True,2003,True,000f000018c09bca7a6b000400c43011,7.7850,none,0,0
arc-37311a9a53a9535f,mus-8eb13cc6ed55aabd,7481,8eb13cc6ed55aabdff4ae84d61ffeb3b8ceda73a545100a438994c04eec65877,True,2003,True,000f0000167ed6976ae6000400c43011,7.7118,none,0,0
arc-37311a9a53a9535f,mus-2830345e776c26ec,7129,2830345e776c26ecc8723c25811217323a330801bf381228a4f40808148f3bc6,True,2002,True,000f00001549703ab025000400c43011,7.7228,none,0,0
arc-37311a9a53a9535f,mus-23d53e1722e95ca1,7916,23d53e1722e95ca1e37fce361e1712178a11a62aaec3528a6084ce8f7da7c39d,True,2003,True,000f000016168130a282000400c43011,7.7539,none,0,0
arc-37311a9a53a9535f,mus-349d6da9f63ce02b,7098,349d6da9f63ce02bf86762b7c66e6ef7067cfa3e2bc80df22c4ea871c73aa52d,True,2003,True,000f000015939216aee6000400c43011,7.7161,none,0,0
arc-37311a9a53a9535f,mus-1c6ebc82db7ec32b,6859,1c6ebc82db7ec32b17c8cbd1ce5ffd4a9dea8c8f72313ae745b854622d60bfc9,True,2003,True,000f0000150a8c6aa12a000400c43011,7.7015,none,0,0
arc-37311a9a53a9535f,mus-b9aa3f379134f423,6808,b9aa3f379134f423d3f5a249c17b098a421d9735a9c3fbc885c377208003765a,True,2003,True,000f00001509ae1bcc2d000400c43011,7.6943,none,0,0
arc-7a2a8e5f29789841,mus-89ce3ed8eb27df1c,19391,89ce3ed8eb27df1c2675206f1db5e19bd6ab020de22f7fbab83da00f25414643,True,97,True,00010000431600312661000100000000,3.3189,none,0,0
arc-7a2a8e5f29789841,mus-d6ecceec28c25275,7510,d6ecceec28c25275c55f27e1bdbd7224429eddd589dccf5b8f65e2f7a6efb276,True,2005,True,000f000016e1c130d85e000400c43011,7.7082,none,0,0
arc-7a2a8e5f29789841,mus-59e2ef2bdc0a9416,3576,59e2ef2bdc0a9416a1cdd0f23cab730c4599f36064576c47055ed3814aa4f57f,True,2004,True,000f00000a589db7d422000400c43061,7.6223,none,0,0
arc-7a2a8e5f29789841,mus-c2dc80160698b3ef,3378,c2dc80160698b3ef72bd73972dd7a50ab4f0d7f1ac26520c04fd428917498aac,True,2005,True,000f000009bb25da21b9000400c43061,7.6000,none,0,0
arc-7a2a8e5f29789841,mus-86fafceb1ef2ebe2,3218,86fafceb1ef2ebe2ff26f71800a3877eb16e7e22a595a5693e84726cf827393e,True,2007,True,001a000008f7f4212f80789ced5a6b6c,7.9095,big,4,168
arc-7a2a8e5f29789841,mus-11b51f94b27cc3d2,3714,11b51f94b27cc3d2d6810e5e1cfb91cebb2af70b818f0a8f51bea2d1d282aa9e,True,2005,True,000f00000a5e55d0b40c000400c43061,7.6195,none,0,0
arc-7a2a8e5f29789841,mus-7ff6bcb8b1bd7c75,7877,7ff6bcb8b1bd7c7547b3921affb575f72ebb9ee365e3ded7bbaeac99ae631678,True,2007,True,001a00001786183192fb789ced5d7b70,7.9654,big,4,497
arc-7a2a8e5f29789841,mus-6ebf82c156b4068a,7432,6ebf82c156b4068aa6b4c8811ad98ee7411a28ec40391efcc9ffa3f57d310ff2,True,2002,True,000f000015fa0c0b9f98000400c43011,7.7104,none,0,0
arc-7a2a8e5f29789841,mus-e6a2adc8a1b6363d,8386,e6a2adc8a1b6363dff7ffccff4e59eb40ae5acf97f8951933da08d0c76a3eeba,True,2007,True,1a00bc1800005961c936789ced5d7b74,7.9648,little,4,559
arc-7a2a8e5f29789841,mus-cbfd18533841eaca,9104,cbfd18533841eacad52c24e839dd5d25999bdcb41da7d37f646cf278eca0e480,True,2009,True,1a005f1b00009e6b824d789ced5d7b94,7.9687,little,4,628
arc-7a2a8e5f29789841,mus-76ef4d96d05bedff,9118,76ef4d96d05bedff6d98ca529bbc95779b06ce70bbea4811ee0e89bef043775a,True,2009,True,1a006d1b00003a0b4002789ced5d7b94,7.9700,little,4,628
arc-7a2a8e5f29789841,mus-0c01aaaa7ec30e30,8594,0c01aaaa7ec30e3033181a25de6e40f0d3c7ff315add6b009d26fc4543eb2e74,True,2007,True,1a00ba180000a224aba6789ced5d7b74,7.9602,little,4,571
arc-7a2a8e5f29789841,mus-d8c3fb79994d0615,48379,d8c3fb79994d0615ab362809d51377a4953deccae9d9b708910d4d3607d3ca4e,True,2003,True,000f00005c0ddf5b6ae7000400c43011,7.5776,none,0,0
arc-7a2a8e5f29789841,mus-24e8d482ddc433b1,7047,24e8d482ddc433b1dedfca3f346eb6eb47d980c4df915c2285c0cb02f8f6655f,True,2003,True,000f0000156a44af1b9a000400c43011,7.7092,none,0,0
arc-7a2a8e5f29789841,mus-fb865fb6ac00dfe4,6958,fb865fb6ac00dfe47d76cd359f642fd5171182e7b2afeac762dedabfcd194c74,True,2003,True,000f0000154e325325fb000400c43011,7.6969,none,0,0
arc-7a2a8e5f29789841,mus-0d9fee5e183ee7f9,6942,0d9fee5e183ee7f9e32e47a7d3edc953f67d99a8d82c03fcdb236cc8bc667a85,True,2003,True,000f0000154e5f770242000400c43011,7.6964,none,0,0
arc-7a2a8e5f29789841,mus-db63fb8ea470442e,7031,db63fb8ea470442edf0547bce747fc65fc24c9e4d1eb9516a19cf1651f127304,True,2003,True,000f0000152cb62eaa75000400c43011,7.7041,none,0,0
arc-7a2a8e5f29789841,mus-911401494ae5298d,6939,911401494ae5298d78723cb95ddbaa587651078f67fff31aa2579059b0e375f4,True,2003,True,000f0000154bcae3ede2000400c43011,7.6925,none,0,0
arc-7a2a8e5f29789841,mus-80154697115b9b08,6926,80154697115b9b086f19a6ac43b9f9c9e9faa5227b0e7b441a24abfbe84c90ac,True,2002,True,000f0000151ef59cea1a000400c43011,7.6987,none,0,0
arc-7a2a8e5f29789841,mus-a03a5f4f6aacf182,6671,a03a5f4f6aacf182eab067695d55ac2b3d6fef11775337a65e005601a4774cb9,True,2002,True,000f00001425331d2342000400c43011,7.7007,none,0,0
arc-7a2a8e5f29789841,mus-d35597c0a02d04ce,8357,d35597c0a02d04ce1ad21469ffb489ab66ff4fe2668b90d868b230923f104177,True,2008,True,1a000d180000b27fc476789ced5d7b94,7.9647,little,4,543
arc-7a2a8e5f29789841,mus-4ee520004faafb33,21601,4ee520004faafb33d1446a2b322386f7f7493aaa748b8b1b400266adb49125b2,True,2000,True,0001000049a600312661000100000000,3.3409,none,0,0
arc-7a2a8e5f29789841,mus-fbd112fad7effc4c,54760,fbd112fad7effc4c4e1f69d931bb810ffbc30bdd4b0a144d9fa4a325521de184,True,2004b,True,0f00309100003c606a78000462000863,7.6551,none,0,0
arc-7a2a8e5f29789841,mus-990f5f9c9e38e168,54793,990f5f9c9e38e1682e5b2325957e2c12d1f7508d62fe41bac891af25b1b487f6,True,2004b,True,0f00309100003c606a78000462000863,7.6551,none,0,0
arc-7a2a8e5f29789841,mus-68448786262eb644,54974,68448786262eb6449a5544be5a54a45540ccc26c29884dc10d68f6f881e4126b,True,2005,True,0f008e910000abd320dd000462000863,7.6518,none,0,0
arc-7a2a8e5f29789841,mus-a6f99ac6b21bb9ef,55204,a6f99ac6b21bb9ef6e5d00fcbca1e8afc393f73d75d03799cd88dcbe5ca69c78,True,2005,True,000f0000c826318ddf2f000400c03011,7.5927,none,0,0
arc-7a2a8e5f29789841,mus-14816048bc29d651,7024,14816048bc29d65193bec1f1ae1550177b5636a4689453a4f7605d1c9fe4cfbb,True,2003,True,000f000015b20c2a36d2000400c43011,7.7031,none,0,0
arc-7a2a8e5f29789841,mus-bf8a2d7e1feccad7,7552,bf8a2d7e1feccad7356ac1f14a1a65b122d19edc7251eaa6c990e9813fc08442,True,2003,True,000f00001675cbd5145f000400c43011,7.7091,none,0,0
arc-7a2a8e5f29789841,mus-02cf5aedce61bd4e,21809,02cf5aedce61bd4ebfd2bbd573ff430153daded4eed1d047931d7be062c25f0d,True,2000,False,00010000479600312661000100000000,3.3648,none,0,0
arc-7a2a8e5f29789841,mus-15ec9b233136225f,21051,15ec9b233136225f12ae2bc122211338dc5fd3cff24ade15a105663c33b54900,True,2000,False,00010000469600312661000100000000,3.3495,none,0,0
arc-7a2a8e5f29789841,mus-f879c5edd8c4e7e7,20067,f879c5edd8c4e7e705b4b6f7d43d19f262cc94329ad362cfc62c019f557bcf13,True,2000,False,0001000045f600312661000100000000,3.3199,none,0,0
arc-7a2a8e5f29789841,mus-b31070a56377b624,22005,b31070a56377b62496efaf630797dff1acb8e6850a15b8cfdeeb63b79de1fedd,True,2000,False,0001000047f600312661000100000000,3.3616,none,0,0
arc-7a2a8e5f29789841,mus-85205b4af9c9eee8,21561,85205b4af9c9eee8b3fcc8466dd00eb42fcfeba7ec45d5a5e5e3d0c29d971acd,True,2000,False,0001000047b600312661000100000000,3.3605,none,0,0
arc-7a2a8e5f29789841,mus-3501a8bdefb28717,21975,3501a8bdefb287178c54c467f49cc9bb34bc5313187af8e1de2eaa1bdc461499,True,2000,False,00010000467600312661000100000000,3.3393,none,0,0
arc-7a2a8e5f29789841,mus-7f09920de16277b1,20329,7f09920de16277b108eedcb7db9608c1e9d06df6261c7ad630200ee262448f37,True,2000,False,00010000458600312661000100000000,3.3204,none,0,0
arc-7a2a8e5f29789841,mus-4c2ffbaf1f32229c,57589,4c2ffbaf1f32229ce4117993dd288afb51648a8720813a6cbff59d4a1a9535ad,True,2002,True,000f000044f11b3623b1000400c03011,7.6471,none,0,0
arc-7a2a8e5f29789841,mus-e61f7e1b10423f66,21941,e61f7e1b10423f66b7ea959cc68e3ac476dc3109e208347bdc0d8c4515194718,True,2000,False,00010000464600312661000100000000,3.3105,none,0,0
arc-7a2a8e5f29789841,mus-b2d9dcf1ec2d48cb,21893,b2d9dcf1ec2d48cbd74513888a3da1d688c35aabebb4c9ed854ea224d6d3bcea,True,2000,False,0001000047c600312661000100000000,3.3757,none,0,0
arc-7a2a8e5f29789841,mus-8df43d75fab0c654,21137,8df43d75fab0c65479f90de5de01deb4c02944200e1900b64e8a1251790fe863,True,2000,False,00010000458600312661000100000000,3.3097,none,0,0
arc-7a2a8e5f29789841,mus-a2b773298e64f7c0,6793,a2b773298e64f7c0807c4c0429bb477279b96ba74ca6531f324ef5e3b684d94e,True,2002,True,000f0000143bb3006434000400c43011,7.7064,none,0,0
arc-7a2a8e5f29789841,mus-d17af0a403b0a7eb,50261,d17af0a403b0a7eb60e33acf8b713a1da148209828871510ff56776a07b9db8d,True,2004b,True,000f0000b7d483ab1d98000400c03011,7.5889,none,0,0
arc-7a2a8e5f29789841,mus-91a68b7f67e10791,21931,91a68b7f67e107915cca982128b80dc08df5495c5f31bdc5f86f6fdc659bfd35,True,2000,True,00010000489600312661000100000000,3.3821,none,0,0
arc-7a2a8e5f29789841,mus-06b43fd49f77c1c6,7261,06b43fd49f77c1c6202cec1b62d41cea5f89ad86fded1b4b5acc33b904903399,True,2003,True,000f00001612829ad5f6000400c43011,7.7012,none,0,0
arc-7a2a8e5f29789841,mus-5529691254be299b,7120,5529691254be299b9fb7279e5ca549811b1be216a7a69173a1cc4cff6f27f957,True,2003,True,000f000015a2e30ac75a000400c43011,7.7077,none,0,0
arc-7a2a8e5f29789841,mus-138dd65b1eba2ce4,67567,138dd65b1eba2ce4db9981affdfafd2fadf396b5dc549217f9f5d85f99a02e5a,True,2003,True,000f0000576152f0058a000400c03011,7.6674,none,0,0
arc-7a2a8e5f29789841,mus-2fc904f04995a9cd,4169,2fc904f04995a9cd10d2218ad9694ac12aba7a10f707c76da1f496d4d1e5d564,True,2006,True,000f0000096e2b1fbba10004fef98311,7.5330,none,0,0
arc-7a2a8e5f29789841,mus-76f77e0eed85f646,11190,76f77e0eed85f6462d38f096663d9d4581c71b6d0d8fd52bcc44fbdc4f6fe25c,True,2003,True,000f000018c09bca7a6b000400c43011,7.7850,none,0,0
arc-7a2a8e5f29789841,mus-8eb13cc6ed55aabd,7481,8eb13cc6ed55aabdff4ae84d61ffeb3b8ceda73a545100a438994c04eec65877,True,2003,True,000f0000167ed6976ae6000400c43011,7.7118,none,0,0
arc-7a2a8e5f29789841,mus-2830345e776c26ec,7129,2830345e776c26ecc8723c25811217323a330801bf381228a4f40808148f3bc6,True,2002,True,000f00001549703ab025000400c43011,7.7228,none,0,0
arc-7a2a8e5f29789841,mus-23d53e1722e95ca1,7916,23d53e1722e95ca1e37fce361e1712178a11a62aaec3528a6084ce8f7da7c39d,True,2003,True,000f000016168130a282000400c43011,7.7539,none,0,0
arc-7a2a8e5f29789841,mus-349d6da9f63ce02b,7098,349d6da9f63ce02bf86762b7c66e6ef7067cfa3e2bc80df22c4ea871c73aa52d,True,2003,True,000f000015939216aee6000400c43011,7.7161,none,0,0
arc-7a2a8e5f29789841,mus-1c6ebc82db7ec32b,6859,1c6ebc82db7ec32b17c8cbd1ce5ffd4a9dea8c8f72313ae745b854622d60bfc9,True,2003,True,000f0000150a8c6aa12a000400c43011,7.7015,none,0,0
arc-7a2a8e5f29789841,mus-b9aa3f379134f423,6808,b9aa3f379134f423d3f5a249c17b098a421d9735a9c3fbc885c377208003765a,True,2003,True,000f00001509ae1bcc2d000400c43011,7.6943,none,0,0
arc-ea6ad62f40ca05d9,mus-65ca63a2b484034f,225324,65ca63a2b484034f454eef833f9699b8ba6a6a7cc08bdff844e533a14d4e8f64,False,2.6,True,00000080000002000000464e50657472,4.3593,none,0,0
arc-ea6ad62f40ca05d9,mus-9799a2f4be2f3327,223788,9799a2f4be2f33279d44c64b0a2171dde7c2fdc70a55edd9decf8dba37b2be41,False,2.6,True,00000080000002000000464e50657472,4.3214,none,0,0
arc-ea6ad62f40ca05d9,mus-3ef51aa511a8e399,118283,3ef51aa511a8e399a7c0ca9cd7ec04b0030ebf7590d848fdd1aefeca9805c48a,True,2002,True,000f0000bf7b485e5648000400c43011,7.5572,none,0,0
arc-ea6ad62f40ca05d9,mus-1d44a22e039b1067,286252,1d44a22e039b1067bba803fe99607b8f250c509c5a5dbb3aca6940ae374ead2f,False,2.6,True,000000a5000002000000464e50657472,4.3166,none,0,0
arc-092fb29713200c9e,mus-787efdec464e1034,361897,787efdec464e103408b7f942bf60727aca66fcf3a4747c3b3bddb126bd9d1771,False,2.6,False,000001d2000002000000444100480000,4.3543,none,0,0
arc-092fb29713200c9e,mus-f79196d7b51aae1b,309673,f79196d7b51aae1be9758e25712ad8269d019d9384a738d3bf4d1768f2dfe865,False,2.6,False,000001b10000020000004441003c0000,4.3860,none,0,0
arc-092fb29713200c9e,mus-55b5304a7ac2243f,705449,55b5304a7ac2243f08a4fb40a3c95136e435b4e2d23e12ed339417d2dc780673,False,2.6,False,0000023a000002000000444100300000,4.4001,none,0,0
arc-092fb29713200c9e,mus-eb983bfb797ac614,311209,eb983bfb797ac61456057963d75fff7e3dbe1a2f0a075bdd78e974ac97bf4586,False,2.6,False,000001b20000020000004441003c0000,4.3668,none,0,0
arc-092fb29713200c9e,mus-a84b213c9de3e2a9,372137,a84b213c9de3e2a9b31a9b7162d69c64a02b25cc3963da58386f41969e1edf86,False,2.6,False,000001da000002000000444100480000,4.3671,none,0,0
arc-092fb29713200c9e,mus-93de49fadac51203,374697,93de49fadac512036ceac9e2359e5e35bca5390ebc99ace3d479f9b872f36cc2,False,2.6,False,000001d9000002000000444100480000,4.3215,none,0,0
arc-4563f0d8167d4a2d,mus-c14da9153ee0a51a,361897,c14da9153ee0a51acccade0926e94ede1eeeb2c9a5d461a4e8a8505b60f7eaf8,False,2.6,False,000001d2000002000000444100480000,4.3585,none,0,0
arc-4563f0d8167d4a2d,mus-5e78955c7112a9c9,705449,5e78955c7112a9c9bc4646b292324ff16f5e50ff34d309584c653603c7219438,False,2.6,False,0000023a000002000000444100300000,4.4012,none,0,0
arc-4563f0d8167d4a2d,mus-4579cb043755fa77,372137,4579cb043755fa7713d4394e355590cf5195976b251c0a533dc620fd7b2673bf,False,2.6,False,000001da000002000000444100480000,4.3662,none,0,0
arc-4563f0d8167d4a2d,mus-8796af73d3c0d17b,374697,8796af73d3c0d17b02280f860688c7b322e1e87abc09ca9d58400b45f80acd7b,False,2.6,False,000001d9000002000000444100480000,4.3219,none,0,0
arc-807cad457f3b7768,mus-371dd062abd6bbc0,46897,371dd062abd6bbc007ade4ca08ba77886aec421f9c6440b8696618972b12cdee,True,2008,True,1a0036570000626f0061789cedbd0960,7.9533,little,4,0
arc-807cad457f3b7768,mus-89ce3ed8eb27df1c,19391,89ce3ed8eb27df1c2675206f1db5e19bd6ab020de22f7fbab83da00f25414643,True,97,True,00010000431600312661000100000000,3.3189,none,0,0
arc-807cad457f3b7768,mus-d6ecceec28c25275,7510,d6ecceec28c25275c55f27e1bdbd7224429eddd589dccf5b8f65e2f7a6efb276,True,2005,True,000f000016e1c130d85e000400c43011,7.7082,none,0,0
arc-807cad457f3b7768,mus-59e2ef2bdc0a9416,3576,59e2ef2bdc0a9416a1cdd0f23cab730c4599f36064576c47055ed3814aa4f57f,True,2004,True,000f00000a589db7d422000400c43061,7.6223,none,0,0
arc-807cad457f3b7768,mus-c2dc80160698b3ef,3378,c2dc80160698b3ef72bd73972dd7a50ab4f0d7f1ac26520c04fd428917498aac,True,2005,True,000f000009bb25da21b9000400c43061,7.6000,none,0,0
arc-807cad457f3b7768,mus-86fafceb1ef2ebe2,3218,86fafceb1ef2ebe2ff26f71800a3877eb16e7e22a595a5693e84726cf827393e,True,2007,True,001a000008f7f4212f80789ced5a6b6c,7.9095,big,4,168
arc-807cad457f3b7768,mus-11b51f94b27cc3d2,3714,11b51f94b27cc3d2d6810e5e1cfb91cebb2af70b818f0a8f51bea2d1d282aa9e,True,2005,True,000f00000a5e55d0b40c000400c43061,7.6195,none,0,0
arc-807cad457f3b7768,mus-7ff6bcb8b1bd7c75,7877,7ff6bcb8b1bd7c7547b3921affb575f72ebb9ee365e3ded7bbaeac99ae631678,True,2007,True,001a00001786183192fb789ced5d7b70,7.9654,big,4,497
arc-807cad457f3b7768,mus-6ebf82c156b4068a,7432,6ebf82c156b4068aa6b4c8811ad98ee7411a28ec40391efcc9ffa3f57d310ff2,True,2002,True,000f000015fa0c0b9f98000400c43011,7.7104,none,0,0
arc-807cad457f3b7768,mus-e6a2adc8a1b6363d,8386,e6a2adc8a1b6363dff7ffccff4e59eb40ae5acf97f8951933da08d0c76a3eeba,True,2007,True,1a00bc1800005961c936789ced5d7b74,7.9648,little,4,559
arc-807cad457f3b7768,mus-cbfd18533841eaca,9104,cbfd18533841eacad52c24e839dd5d25999bdcb41da7d37f646cf278eca0e480,True,2009,True,1a005f1b00009e6b824d789ced5d7b94,7.9687,little,4,628
arc-807cad457f3b7768,mus-76ef4d96d05bedff,9118,76ef4d96d05bedff6d98ca529bbc95779b06ce70bbea4811ee0e89bef043775a,True,2009,True,1a006d1b00003a0b4002789ced5d7b94,7.9700,little,4,628
arc-807cad457f3b7768,mus-0c01aaaa7ec30e30,8594,0c01aaaa7ec30e3033181a25de6e40f0d3c7ff315add6b009d26fc4543eb2e74,True,2007,True,1a00ba180000a224aba6789ced5d7b74,7.9602,little,4,571
arc-807cad457f3b7768,mus-d8c3fb79994d0615,48379,d8c3fb79994d0615ab362809d51377a4953deccae9d9b708910d4d3607d3ca4e,True,2003,True,000f00005c0ddf5b6ae7000400c43011,7.5776,none,0,0
arc-807cad457f3b7768,mus-24e8d482ddc433b1,7047,24e8d482ddc433b1dedfca3f346eb6eb47d980c4df915c2285c0cb02f8f6655f,True,2003,True,000f0000156a44af1b9a000400c43011,7.7092,none,0,0
arc-807cad457f3b7768,mus-fb865fb6ac00dfe4,6958,fb865fb6ac00dfe47d76cd359f642fd5171182e7b2afeac762dedabfcd194c74,True,2003,True,000f0000154e325325fb000400c43011,7.6969,none,0,0
arc-807cad457f3b7768,mus-0d9fee5e183ee7f9,6942,0d9fee5e183ee7f9e32e47a7d3edc953f67d99a8d82c03fcdb236cc8bc667a85,True,2003,True,000f0000154e5f770242000400c43011,7.6964,none,0,0
arc-807cad457f3b7768,mus-db63fb8ea470442e,7031,db63fb8ea470442edf0547bce747fc65fc24c9e4d1eb9516a19cf1651f127304,True,2003,True,000f0000152cb62eaa75000400c43011,7.7041,none,0,0
arc-807cad457f3b7768,mus-911401494ae5298d,6939,911401494ae5298d78723cb95ddbaa587651078f67fff31aa2579059b0e375f4,True,2003,True,000f0000154bcae3ede2000400c43011,7.6925,none,0,0
arc-807cad457f3b7768,mus-80154697115b9b08,6926,80154697115b9b086f19a6ac43b9f9c9e9faa5227b0e7b441a24abfbe84c90ac,True,2002,True,000f0000151ef59cea1a000400c43011,7.6987,none,0,0
arc-807cad457f3b7768,mus-a03a5f4f6aacf182,6671,a03a5f4f6aacf182eab067695d55ac2b3d6fef11775337a65e005601a4774cb9,True,2002,True,000f00001425331d2342000400c43011,7.7007,none,0,0
arc-807cad457f3b7768,mus-d35597c0a02d04ce,8357,d35597c0a02d04ce1ad21469ffb489ab66ff4fe2668b90d868b230923f104177,True,2008,True,1a000d180000b27fc476789ced5d7b94,7.9647,little,4,543
arc-807cad457f3b7768,mus-66f5aeb0315a8381,6927,66f5aeb0315a838191fefdb7d3dc51161669c2b6362c090e7f383847035b26ef,True,2003,True,000f0000152fcdead9ac000400c43011,7.6987,none,0,0
arc-807cad457f3b7768,mus-c7e0faa94df7fc67,3294,c7e0faa94df7fc6782953b9a51304b2b46ae50d7f37154dd619c2682ab34fac2,True,2004,True,000f000009b0e7b21967000400c43061,7.5739,none,0,0
arc-807cad457f3b7768,mus-e09f13d06ff0f25e,62326,e09f13d06ff0f25edd527d1f2d83a0cda3b524068bc0d7142625c8447df97db3,True,2004b,True,000f0000afe2dd400706000400c03011,7.6393,none,0,0
arc-807cad457f3b7768,mus-8fc93fa852c6c878,36852,8fc93fa852c6c8788398a94e71e8af2a970a7ba827fab11a7d44fe7cb2e8d4c6,True,2007,True,1a0004550000e6834b4a789ced7d0980,7.9552,little,4,3968
arc-807cad457f3b7768,mus-d955d380e0816070,53976,d955d380e08160703583c18f6d0466bf41a15f5e64bae1eeb81b69df22bc13dd,True,2007,True,001a00007c115b083f16789cec5d0b9c,7.9451,big,4,0
arc-807cad457f3b7768,mus-5a6641ad7416ea92,51573,5a6641ad7416ea9231a7133f6c68ceaea86a508b5711b8bc1e647093769719d7,True,2007,True,1a0089740000accb21ce789cec9d077c,7.8969,little,4,1032
arc-807cad457f3b7768,mus-a8051c254bd6f164,7953,a8051c254bd6f16479d7143dff62b0da7b7a252df57edb41dd33360bba4e3399,True,2007,True,1a003d16000041d79f01789ced5d7b70,7.9580,little,4,641
arc-807cad457f3b7768,mus-07e9922dfd8de9db,8005,07e9922dfd8de9db7a05d84c3090818a519f0ba2463dc0fea4d2b8e349816fc8,True,2003,True,000f0000188b74af1277000400c43011,7.7030,none,0,0
arc-807cad457f3b7768,mus-c24bfbc168830692,69329,c24bfbc168830692bb66cfce9cde1461da6535035cf27c305393ef3f08abe859,True,2003,True,000f0000760450631162000400c03011,7.6801,none,0,0
arc-807cad457f3b7768,mus-da9e72c0a8ce7f8c,35105,da9e72c0a8ce7f8c958d436fb1683d92fc03ec70c0db963d91c4c09af1053840,True,2009,True,1a00db3d00006fb9bbde789ced7d097c,7.9599,little,4,4260
arc-807cad457f3b7768,mus-a369ff13b7923d44,68873,a369ff13b7923d44fdaeac50d4740c2896776aa31df1c8d8bd1d97f978c2e008,True,2001,True,000f0000743e87b7ea4c000400c03011,7.6511,none,0,0
arc-807cad457f3b7768,mus-a369ff13b7923d44,68873,a369ff13b7923d44fdaeac50d4740c2896776aa31df1c8d8bd1d97f978c2e008,True,2001,True,000f0000743e87b7ea4c000400c03011,7.6511,none,0,0
arc-807cad457f3b7768,mus-b538555731e7e648,68820,b538555731e7e6484823b7db135cafbfa1e58b663810056173134f4367aecb07,True,2001,True,000f000074092e9555a6000400c03011,7.6526,none,0,0
arc-807cad457f3b7768,mus-386ac60522cf2c79,57933,386ac60522cf2c796517532d2c453c8e1fe6398bf0f890916e4dda459230f4a8,True,2004b,True,000f0000ab884ce4b552000400c43011,7.6359,none,0,0
arc-807cad457f3b7768,mus-9d3e84ae9fef4203,69395,9d3e84ae9fef42039229c45d0594f4b16f5779a87490f5ad0ea1dd21ce3d02aa,True,2003,True,000f00007646a9cd65aa000400c03011,7.6759,none,0,0
arc-807cad457f3b7768,mus-b7bd99a606120406,7798,b7bd99a6061204065e4bed38dd8e95814c3d989a756d8186614790fe387547c1,True,2004,True,000f00001866aa847a6a000400c43011,7.6847,none,0,0
arc-807cad457f3b7768,mus-2cebc1f4ff3f76e7,45164,2cebc1f4ff3f76e7f5df39e7c4d6ec39d6404797055cbaf3c117e97e82e46792,True,2007,True,1a00964b00007e7302f6789ced7d097c,7.9713,little,4,4980
arc-807cad457f3b7768,mus-21b30fb5dfc9bca2,44768,21b30fb5dfc9bca28dae7644d81d6f7167ffb9b8e6e5a8b4d41ed50b3f2bbb02,True,2007,True,1a008d4b00005bf8d099789ced7d097c,7.9709,little,4,4966
arc-807cad457f3b7768,mus-fe92f682d4c805a5,13849,fe92f682d4c805a5243c2b8ac68f0b3e585c62ba9430cf9c6878de7942e8b4b8,True,2006,True,000f00001fd93696a55f0004fef98311,7.6970,none,0,0
arc-807cad457f3b7768,mus-4c2fe14dd692de72,7498,4c2fe14dd692de72bff46b34a27b25676d4101abe9632b3089e99ee2c23b95a5,True,2004b,True,000f00001724eb2367fd000400c43011,7.6923,none,0,0
arc-807cad457f3b7768,mus-2efe626e25523012,47654,2efe626e25523012ecd74b8d3bfd674181caca35eedfb55aae5084d0ec008c3a,True,2008,True,1a009458000024f2ef23789cedbd0980,7.9650,little,4,5515
arc-807cad457f3b7768,mus-8971876eba2eb983,12225,8971876eba2eb9838999660af20c114775092ae408205a96ad8e7d3bec62dfd3,True,2007,True,001a00001d90ee6a1c40789ced5d0b74,7.9375,big,4,745
arc-807cad457f3b7768,mus-3328146a837dac17,7534,3328146a837dac1776bec308bfe5a41f70ba439165b6de52216afc9f4eaf8be9,True,2007,True,001a000017162a2419aa789ced5d7b74,7.9640,big,4,490
arc-807cad457f3b7768,mus-3e534597a67ed9c1,182081,3e534597a67ed9c1ac4f72984daee6ad801b31302c653572ac009afe4b85d2c1,True,2004,True,000f00012bfd105ae1e6000400c03011,7.5397,none,0,0
arc-807cad457f3b7768,mus-40fa91aa964cd9a1,89182,40fa91aa964cd9a191b2c834f8d6114e1291f093dd47419b44f0ed559b17203d,True,2004,True,000f00009b1cd808f444000400c03011,7.5899,none,0,0
arc-807cad457f3b7768,mus-c431943270ed2d15,20093,c431943270ed2d1511fba82beeee42f8b04fac82ed322ad56dc357b1b7a0ae4e,True,2000,False,0001000045b600312661000100000000,3.3212,none,0,0
arc-807cad457f3b7768,mus-f780d2453d79d0e1,6977,f780d2453d79d0e19dbc94c8c9cc92c29587d3c4a8478466d2e265c716fc0af0,True,2003,True,000f0000159acda891c4000400c43011,7.6823,none,0,0
arc-807cad457f3b7768,mus-f1080c13aad8092f,19381,f1080c13aad8092f20fb93ab9a0c12caa7d3787a57d75ab29d6099303ce1d188,True,97,True,0001000042f600312661000100000000,3.3184,none,0,0
arc-807cad457f3b7768,mus-794e09f86dbd0e76,25009,794e09f86dbd0e76717f2dd4343eca9edd517fbbc4d26d0ab99c292fac920a75,True,2000,False,0001000048d600312661000100000000,3.4141,none,0,0
arc-807cad457f3b7768,mus-d70a22ab0e8a3e9d,61827,d70a22ab0e8a3e9d8a0257a258c970f2f3fbfa53ba3f1a5eb89263b46f2281d7,True,2004,True,000f000058a8bb9f36c7000400c03011,7.6702,none,0,0
arc-807cad457f3b7768,mus-71c74ed45f158193,6952,71c74ed45f1581930787fba2122ad5d5162572cf532b5e2bc58c2cd36bf98a49,True,2003,True,000f000015db369b3ed3000400c43011,7.6925,none,0,0
arc-807cad457f3b7768,mus-876c549180b7b7b1,62443,876c549180b7b7b19163aa117d0847ae6f19adc0e9fa326c01880861d31c1b95,True,2004,True,000f00005b9577b67c51000400c03011,7.6724,none,0,0
arc-807cad457f3b7768,mus-66761b4c242d72c3,6546,66761b4c242d72c3e4bd594fbe2e894a002b9d2915d7654fc92e6c08ba7667b3,True,2009,True,1a007014000055dde0ee789ced5c7d6c,7.9548,little,4,506
arc-807cad457f3b7768,mus-98a4e9f18c4db36c,6616,98a4e9f18c4db36c98f0e2e6b9add8043402c00b6c74c09fad137d708e951409,True,2009,True,1a00c014000078b36a43789ced5c7d6c,7.9590,little,4,515
arc-807cad457f3b7768,mus-aa553913b2156c53,21307,aa553913b2156c535fd9482f986f08ca402902f8ca5c278e9a61c513cc076ab4,True,2000,True,00010000495600312661000100000000,3.3523,none,0,0
arc-807cad457f3b7768,mus-21e22f4f76ea6c8d,20959,21e22f4f76ea6c8d61506c799fa883a45a29631ead619787229dcc7ba28414af,True,2000,True,0001000047b600312661000100000000,3.3250,none,0,0
arc-807cad457f3b7768,mus-f33e7f20f7dd0d2a,23895,f33e7f20f7dd0d2a77887b26a32b519722dde3312cd16279bf27d83b8e56ca49,True,2000,False,0001000047a600312661000100000000,3.3281,none,0,0
arc-807cad457f3b7768,mus-d4bb822075c16678,8015,d4bb822075c1667810f0d999a6e7e7486503869d1c10f6644db56a12a3848c97,True,2004b,True,000f00001753d2c57ed4000400c43011,7.7181,none,0,0
arc-807cad457f3b7768,mus-b549f44a5904134f,64180,b549f44a5904134fdad7f276547530144b2217ab81409068aa3aac856dfb54ad,True,2005,True,0f00f85a000024a391bd000460000863,7.7081,none,0,0
arc-807cad457f3b7768,mus-5b95aaf5c41195e4,19733,5b95aaf5c41195e4433fffb36c6cb0687beac242113477e076a31c43c88783aa,True,97,True,00010000441600312661000100000000,3.3077,none,0,0
arc-807cad457f3b7768,mus-bfbfdabc42ac2d94,19909,bfbfdabc42ac2d94bc746ef1d1a993a970052c96250b6292cb2a2ea3e930bb9e,True,2000,False,0001000045b600312661000100000000,3.3204,none,0,0
arc-807cad457f3b7768,mus-7e7a2e84756b7380,6104,7e7a2e84756b73804d8da951b15bc4b8239fcb17ce5d43c00e8e20b22268c2dd,True,2002,True,000f000013826d31787a000400c43011,7.6389,none,0,0
arc-807cad457f3b7768,mus-17369c1d72ad3e05,94135,17369c1d72ad3e0529195bdb59d0670fb9f11f12b5b9481aa677aacdfcf56175,True,2000,False,000100008a7600312661000100000000,3.6332,none,0,0
arc-807cad457f3b7768,mus-17369c1d72ad3e05,94135,17369c1d72ad3e0529195bdb59d0670fb9f11f12b5b9481aa677aacdfcf56175,True,2000,False,000100008a7600312661000100000000,3.6332,none,0,0
arc-807cad457f3b7768,mus-a7d59b9a3199944e,7988,a7d59b9a3199944ed0385fad3a33859af0f377aa40742945462d15366ec1bdc7,True,2005,True,000f0000175b67aef744000400c43011,7.7186,none,0,0
arc-807cad457f3b7768,mus-645ac9da0acaf4d7,18879,645ac9da0acaf4d7416d40fa0443496ccfbcbb9e8d1b5c4ea73a7f22919ca070,True,97,True,00010000422600312661000100000000,3.3072,none,0,0
arc-807cad457f3b7768,mus-f3e9ef8950e4d49e,18793,f3e9ef8950e4d49e487f37e6c2ac755a6396289793c6deecd69eca1b3448bfb0,True,97,True,00010000422600312661000100000000,3.3061,none,0,0
arc-807cad457f3b7768,mus-d1a90cc453593325,7025,d1a90cc453593325e893e82f18fe1a026ba956011a7255925fca2a3157cd0a34,True,2003,True,000f0000162491454310000400c43011,7.6826,none,0,0
arc-807cad457f3b7768,mus-2e442c6f7144284d,6970,2e442c6f7144284d0427216a14579fd2e88b8650debd4358e5dedfed17dbef97,True,2003,True,000f000015a4d380eb03000400c43011,7.6852,none,0,0
arc-807cad457f3b7768,mus-07bb32110967763b,19225,07bb32110967763b6628d9ba21dda9a0aaadc288912bef338f066cda48c1c2d3,True,97,True,0001000043b600312661000100000000,3.3168,none,0,0
arc-807cad457f3b7768,mus-7a941673c7f1fc38,6903,7a941673c7f1fc38654e743e6b591dd8bdbc0919987229c1eaea1e83c9b9befe,True,2003,True,000f000015aad45768ec000400c43011,7.6877,none,0,0
arc-807cad457f3b7768,mus-33a317c1d05c20e5,5169,33a317c1d05c20e5a327d1c823b1de2832b25f922db6df0790c188f35fd04e0f,True,2006,True,000f00000c4d920b5a7a0004fef98311,7.5807,none,0,0
arc-807cad457f3b7768,mus-72553498b152f984,19997,72553498b152f9841b9fdb69c99a15b01c68cf2ef244865c1d3b074162d57a90,True,2000,False,00010000455600312661000100000000,3.3119,none,0,0
arc-807cad457f3b7768,mus-bae7740587c1f769,6883,bae7740587c1f7692529dc262767ff5e6381edede280136838b220e1d9494314,True,2003,True,000f0000152c8146388f000400c43011,7.6975,none,0,0
arc-807cad457f3b7768,mus-9ae245d230bc9ff4,6811,9ae245d230bc9ff42a06c35524fed13c7868962b3aeea3eb2d595622cb74dd1f,True,2003,True,000f0000150851643cc0000400c43011,7.6985,none,0,0
arc-807cad457f3b7768,mus-3a8b724cf3adba80,20149,3a8b724cf3adba8008f41a3e6be0e57cce63100d3cc13a73bf24bcbdec5ac376,True,2000,False,00010000453600312661000100000000,3.3151,none,0,0
arc-807cad457f3b7768,mus-f231a694f653028f,229487,f231a694f653028f18c301f348d4a56389a092c3a5624e6148bde2d06a53837f,True,2007,True,001a00011c17246b0a22789cec7d777c,7.9543,big,4,0
arc-807cad457f3b7768,mus-b49abdad295dffbc,4156,b49abdad295dffbc77e4ba45c86bec76be95c1322b1012498dd3b689cb464597,True,2003,True,000f00000d95b7d90081000400c43061,7.5109,none,0,0
arc-807cad457f3b7768,mus-b4c6e4247ffcca82,7299,b4c6e4247ffcca827da225a7d24c8136475bb106f56df65cb391a2c413d57d26,True,2003,True,000f000015f41bd2eed1000400c43011,7.7086,none,0,0
arc-807cad457f3b7768,mus-179dfb5d2e481125,6794,179dfb5d2e481125a4dc46ce924edbd31a6e2c2364c5fa660e0a92b00a5d9fce,True,2002,True,000f0000151e8d228260000400c43011,7.6810,none,0,0
arc-807cad457f3b7768,mus-4f609ff3244e9450,7435,4f609ff3244e94500f5874ae7927c989630dfcc1832f4842e22a4015f75a3b11,True,2002,True,000f000017b1f89d488f000400c43011,7.6586,none,0,0
arc-807cad457f3b7768,mus-d996aa765ef6bf13,3113,d996aa765ef6bf137fe2f23cd59f94c863b625bb24cf698c0d0ca1385ca33979,True,2006,True,000f0000090c751f72f50004fef98311,7.5872,none,0,0
arc-807cad457f3b7768,mus-0f7ed5bd148a9ad4,3086,0f7ed5bd148a9ad43720dff8f761b4d5c74f1198a493fcb9828a2ae5f70eff65,True,2006,True,000f000008f62630c0520004fef98311,7.5832,none,0,0
arc-807cad457f3b7768,mus-87a14c2ba9fbbbbc,173861,87a14c2ba9fbbbbca348bcc6c5cea36f30e834de7575b040126448877ed8ce1c,True,2006,True,000f00014ea77e753fab0004fef98311,7.6582,none,0,0
arc-807cad457f3b7768,mus-4ee520004faafb33,21601,4ee520004faafb33d1446a2b322386f7f7493aaa748b8b1b400266adb49125b2,True,2000,True,0001000049a600312661000100000000,3.3409,none,0,0
arc-807cad457f3b7768,mus-fbd112fad7effc4c,54760,fbd112fad7effc4c4e1f69d931bb810ffbc30bdd4b0a144d9fa4a325521de184,True,2004b,True,0f00309100003c606a78000462000863,7.6551,none,0,0
arc-807cad457f3b7768,mus-990f5f9c9e38e168,54793,990f5f9c9e38e1682e5b2325957e2c12d1f7508d62fe41bac891af25b1b487f6,True,2004b,True,0f00309100003c606a78000462000863,7.6551,none,0,0
arc-807cad457f3b7768,mus-68448786262eb644,54974,68448786262eb6449a5544be5a54a45540ccc26c29884dc10d68f6f881e4126b,True,2005,True,0f008e910000abd320dd000462000863,7.6518,none,0,0
arc-807cad457f3b7768,mus-a6f99ac6b21bb9ef,55204,a6f99ac6b21bb9ef6e5d00fcbca1e8afc393f73d75d03799cd88dcbe5ca69c78,True,2005,True,000f0000c826318ddf2f000400c03011,7.5927,none,0,0
arc-807cad457f3b7768,mus-14816048bc29d651,7024,14816048bc29d65193bec1f1ae1550177b5636a4689453a4f7605d1c9fe4cfbb,True,2003,True,000f000015b20c2a36d2000400c43011,7.7031,none,0,0
arc-807cad457f3b7768,mus-bf8a2d7e1feccad7,7552,bf8a2d7e1feccad7356ac1f14a1a65b122d19edc7251eaa6c990e9813fc08442,True,2003,True,000f00001675cbd5145f000400c43011,7.7091,none,0,0
arc-807cad457f3b7768,mus-02cf5aedce61bd4e,21809,02cf5aedce61bd4ebfd2bbd573ff430153daded4eed1d047931d7be062c25f0d,True,2000,False,00010000479600312661000100000000,3.3648,none,0,0
arc-807cad457f3b7768,mus-15ec9b233136225f,21051,15ec9b233136225f12ae2bc122211338dc5fd3cff24ade15a105663c33b54900,True,2000,False,00010000469600312661000100000000,3.3495,none,0,0
arc-807cad457f3b7768,mus-f879c5edd8c4e7e7,20067,f879c5edd8c4e7e705b4b6f7d43d19f262cc94329ad362cfc62c019f557bcf13,True,2000,False,0001000045f600312661000100000000,3.3199,none,0,0
arc-807cad457f3b7768,mus-b31070a56377b624,22005,b31070a56377b62496efaf630797dff1acb8e6850a15b8cfdeeb63b79de1fedd,True,2000,False,0001000047f600312661000100000000,3.3616,none,0,0
arc-807cad457f3b7768,mus-85205b4af9c9eee8,21561,85205b4af9c9eee8b3fcc8466dd00eb42fcfeba7ec45d5a5e5e3d0c29d971acd,True,2000,False,0001000047b600312661000100000000,3.3605,none,0,0
arc-807cad457f3b7768,mus-3501a8bdefb28717,21975,3501a8bdefb287178c54c467f49cc9bb34bc5313187af8e1de2eaa1bdc461499,True,2000,False,00010000467600312661000100000000,3.3393,none,0,0
arc-807cad457f3b7768,mus-7f09920de16277b1,20329,7f09920de16277b108eedcb7db9608c1e9d06df6261c7ad630200ee262448f37,True,2000,False,00010000458600312661000100000000,3.3204,none,0,0
arc-807cad457f3b7768,mus-4c2ffbaf1f32229c,57589,4c2ffbaf1f32229ce4117993dd288afb51648a8720813a6cbff59d4a1a9535ad,True,2002,True,000f000044f11b3623b1000400c03011,7.6471,none,0,0
arc-807cad457f3b7768,mus-e61f7e1b10423f66,21941,e61f7e1b10423f66b7ea959cc68e3ac476dc3109e208347bdc0d8c4515194718,True,2000,False,00010000464600312661000100000000,3.3105,none,0,0
arc-807cad457f3b7768,mus-b2d9dcf1ec2d48cb,21893,b2d9dcf1ec2d48cbd74513888a3da1d688c35aabebb4c9ed854ea224d6d3bcea,True,2000,False,0001000047c600312661000100000000,3.3757,none,0,0
arc-807cad457f3b7768,mus-8df43d75fab0c654,21137,8df43d75fab0c65479f90de5de01deb4c02944200e1900b64e8a1251790fe863,True,2000,False,00010000458600312661000100000000,3.3097,none,0,0
arc-807cad457f3b7768,mus-a2b773298e64f7c0,6793,a2b773298e64f7c0807c4c0429bb477279b96ba74ca6531f324ef5e3b684d94e,True,2002,True,000f0000143bb3006434000400c43011,7.7064,none,0,0
arc-807cad457f3b7768,mus-d17af0a403b0a7eb,50261,d17af0a403b0a7eb60e33acf8b713a1da148209828871510ff56776a07b9db8d,True,2004b,True,000f0000b7d483ab1d98000400c03011,7.5889,none,0,0
arc-807cad457f3b7768,mus-91a68b7f67e10791,21931,91a68b7f67e107915cca982128b80dc08df5495c5f31bdc5f86f6fdc659bfd35,True,2000,True,00010000489600312661000100000000,3.3821,none,0,0
arc-807cad457f3b7768,mus-06b43fd49f77c1c6,7261,06b43fd49f77c1c6202cec1b62d41cea5f89ad86fded1b4b5acc33b904903399,True,2003,True,000f00001612829ad5f6000400c43011,7.7012,none,0,0
arc-807cad457f3b7768,mus-5529691254be299b,7120,5529691254be299b9fb7279e5ca549811b1be216a7a69173a1cc4cff6f27f957,True,2003,True,000f000015a2e30ac75a000400c43011,7.7077,none,0,0
arc-807cad457f3b7768,mus-138dd65b1eba2ce4,67567,138dd65b1eba2ce4db9981affdfafd2fadf396b5dc549217f9f5d85f99a02e5a,True,2003,True,000f0000576152f0058a000400c03011,7.6674,none,0,0
arc-807cad457f3b7768,mus-2fc904f04995a9cd,4169,2fc904f04995a9cd10d2218ad9694ac12aba7a10f707c76da1f496d4d1e5d564,True,2006,True,000f0000096e2b1fbba10004fef98311,7.5330,none,0,0
arc-807cad457f3b7768,mus-76f77e0eed85f646,11190,76f77e0eed85f6462d38f096663d9d4581c71b6d0d8fd52bcc44fbdc4f6fe25c,True,2003,True,000f000018c09bca7a6b000400c43011,7.7850,none,0,0
arc-807cad457f3b7768,mus-8eb13cc6ed55aabd,7481,8eb13cc6ed55aabdff4ae84d61ffeb3b8ceda73a545100a438994c04eec65877,True,2003,True,000f0000167ed6976ae6000400c43011,7.7118,none,0,0
arc-807cad457f3b7768,mus-2830345e776c26ec,7129,2830345e776c26ecc8723c25811217323a330801bf381228a4f40808148f3bc6,True,2002,True,000f00001549703ab025000400c43011,7.7228,none,0,0
arc-807cad457f3b7768,mus-23d53e1722e95ca1,7916,23d53e1722e95ca1e37fce361e1712178a11a62aaec3528a6084ce8f7da7c39d,True,2003,True,000f000016168130a282000400c43011,7.7539,none,0,0
arc-807cad457f3b7768,mus-349d6da9f63ce02b,7098,349d6da9f63ce02bf86762b7c66e6ef7067cfa3e2bc80df22c4ea871c73aa52d,True,2003,True,000f000015939216aee6000400c43011,7.7161,none,0,0
arc-807cad457f3b7768,mus-1c6ebc82db7ec32b,6859,1c6ebc82db7ec32b17c8cbd1ce5ffd4a9dea8c8f72313ae745b854622d60bfc9,True,2003,True,000f0000150a8c6aa12a000400c43011,7.7015,none,0,0
arc-807cad457f3b7768,mus-b9aa3f379134f423,6808,b9aa3f379134f423d3f5a249c17b098a421d9735a9c3fbc885c377208003765a,True,2003,True,000f00001509ae1bcc2d000400c43011,7.6943,none,0,0
arc-807cad457f3b7768,mus-01c845fbcdfc27a4,22620,01c845fbcdfc27a4f61033f66dbd16bf3a72a2bde6ff4cc4dda46733389ebf03,True,97,True,646a206173646b6173646a6c6b6a2061,3.7335,none,0,0
arc-807cad457f3b7768,mus-35b764881cf54f67,18677,35b764881cf54f67e2e4dfcd3d1f7071a330fd03e0f7a5afb6314a6b4857eb29,True,97,True,0001000042a600312661000100000000,3.3191,none,0,0
arc-807cad457f3b7768,mus-914a0b7fe576d29f,3156,914a0b7fe576d29fd2d18c4c0f16a10a8dbe2aafea8b0ed3493872ae0a8fccda,True,2006,True,000f00000968053bda3b0004fef98311,7.5815,none,0,0
arc-807cad457f3b7768,mus-598235678a9ff161,20291,598235678a9ff161642cf4c7e5a4e25f9a6f658e75f99d300d5a0d4c241fb214,True,2000,True,0001000048c600312661000100000000,3.3010,none,0,0
arc-807cad457f3b7768,mus-b8ea2439d152f4a8,93345,b8ea2439d152f4a8d1dff4a91c6fae6a06b308c29157c9daf545701b3b31c362,True,2002,True,0f00171101001d55a2ad000462000863,7.5960,none,0,0
arc-807cad457f3b7768,mus-ecd2fe88676ee47a,47263,ecd2fe88676ee47aa4d76789152ee779066b9e57f958735923b42d7ce4a61d53,True,97,True,00010000897600312661000100000000,3.2368,none,0,0
arc-807cad457f3b7768,mus-37162e43a5cb8074,5027,37162e43a5cb80742c7e88bc04cb7ad2d44c9b309bfab18e48036b468d7a24cb,True,2006,True,000f0000090407c38a7a0004fef98311,7.2593,none,0,0
arc-807cad457f3b7768,mus-302c33d4dffb58dc,59531,302c33d4dffb58dca4858f0e0043dd9537a51d303761dfbc3b9f541cc2756072,True,2003,True,000f0000530e2966bf49000400c03011,7.6683,none,0,0
arc-807cad457f3b7768,mus-8194100ac23173ad,5251,8194100ac23173add081f1e054054803ddc31165b00301f075d90d32f2807f8d,True,2006,True,000f000009e4ac15c89e0004fef98311,7.2969,none,0,0
arc-807cad457f3b7768,mus-cf0e36e5f32091eb,47359,cf0e36e5f32091eba84523477006e4fdb9078241ad720b9b5eeefa6edfb99bc2,True,2000,True,00010000870600312661000100000000,3.3840,none,0,0
arc-807cad457f3b7768,mus-80f406e825f1e188,23997,80f406e825f1e1889163061d541ed6ce3661e330c1e9ad32b25d7de05b75346d,True,2000,True,0001000054d600312661000100000000,3.1407,none,0,0
arc-807cad457f3b7768,mus-c9980ba9b8150520,26130,c9980ba9b8150520c5e6a1cf534e8ecfd60fc347709de0b9cb3ca86dce842ef4,True,2008,True,001a00003c6e0584ba15789ced9d0760,7.9361,big,4,2024
arc-807cad457f3b7768,mus-c0c21145b3fc61fa,7419,c0c21145b3fc61fa0f185988e6bb4968b739f0dcceb697be5f545d0cbf6600df,True,2005,True,000f0000167fc09cc2a9000400c43011,7.6961,none,0,0
arc-807cad457f3b7768,mus-7591273e1e295e7c,18817,7591273e1e295e7ca54ff276ddce39d903194c14395e0df69223c6d9d9e06c98,True,97,False,0001000042b600312661000100000000,3.3199,none,0,0
arc-807cad457f3b7768,mus-baf04c0390a2fd12,112660,baf04c0390a2fd1277f60fc0a571e20138da26948cf83ae88c593b6258c21b60,True,2000,True,0100764101005a006126010000000000,3.7051,none,0,0
arc-807cad457f3b7768,mus-fcebc87c1e8bca55,84424,fcebc87c1e8bca55da57918dda2955f3a9fb7c4bbf6c01c0d8076f5d212bbe70,True,2006,True,000f00009a493c3e54300004fef98311,7.7240,none,0,0
arc-807cad457f3b7768,mus-c4540bb157662939,19293,c4540bb15766293907308afbb1ded979461eb59419626b37e15a98afbc7fbffa,True,97,True,00010000431600312661000100000000,3.3190,none,0,0
arc-807cad457f3b7768,mus-4c13a94a52080dcd,20837,4c13a94a52080dcdce733a0720cb3930b0c6c47f7e538956f55b9e91880a7f32,True,97,True,00010000461600312661000100000000,3.3417,none,0,0
arc-807cad457f3b7768,mus-a7f6b30593dc7bbc,22626,a7f6b30593dc7bbc97a6dfb0e48fcacf2aa60415d151f1dbcd11af2f1a315000,True,2004b,True,0f00c9420000d5f44241000462000863,7.6508,none,0,0
arc-807cad457f3b7768,mus-a7f6b30593dc7bbc,22626,a7f6b30593dc7bbc97a6dfb0e48fcacf2aa60415d151f1dbcd11af2f1a315000,True,2004b,True,0f00c9420000d5f44241000462000863,7.6508,none,0,0
arc-807cad457f3b7768,mus-47a19375e0a05fba,54663,47a19375e0a05fba3d9c4fea5166e97028ce5adebbd188f50a3917f8418b086e,True,2002,True,000f0000478a0c6f33e1000400c03011,7.6961,none,0,0
arc-807cad457f3b7768,mus-f6a86ccf82feaad1,64185,f6a86ccf82feaad1bb35eb3dbcb353100fa70949f7d6af062a13c6656562fb78,True,2005,True,0f00f85a000024a391bd000460000863,7.7081,none,0,0
arc-807cad457f3b7768,mus-d89e8fe12e271440,3351,d89e8fe12e27144018c683da2792aff10cbedb6afb0f9a8063d53df0c87f1d9c,True,2005,True,000f000009e2078a19d4000400c43061,7.6045,none,0,0
arc-807cad457f3b7768,mus-de90627d1c31566b,3451,de90627d1c31566b89423703950b0c0acc77b83163445000e50b382cb45f0ecc,True,2005,True,000f00000a1a3c9b3e88000400c43061,7.5999,none,0,0
arc-807cad457f3b7768,mus-6f92285413755b41,3604,6f92285413755b417304122802451d7b57a65c182db681e867e47194e9e7d389,True,2005,True,000f00000a5766f80ace000400c43061,7.6196,none,0,0
arc-807cad457f3b7768,mus-5396a1b805b5ddee,62389,5396a1b805b5ddee2f779e940968d6abd5a3e8062622f4b07610d3a6e9b514fa,True,2004b,True,0f00ee590000e287c57c000460000863,7.7160,none,0,0
arc-807cad457f3b7768,mus-7d0196f16214836a,6956,7d0196f16214836a28567420db20e78462568246238bfb9a6b5f40932d5e8c2e,True,2003,True,000f0000152cb62eaa75000400c43011,7.6996,none,0,0
arc-e9defcd55d5ee9ed,mus-371dd062abd6bbc0,46897,371dd062abd6bbc007ade4ca08ba77886aec421f9c6440b8696618972b12cdee,True,2008,True,1a0036570000626f0061789cedbd0960,7.9533,little,4,0
arc-e9defcd55d5ee9ed,mus-89ce3ed8eb27df1c,19391,89ce3ed8eb27df1c2675206f1db5e19bd6ab020de22f7fbab83da00f25414643,True,97,True,00010000431600312661000100000000,3.3189,none,0,0
arc-e9defcd55d5ee9ed,mus-d6ecceec28c25275,7510,d6ecceec28c25275c55f27e1bdbd7224429eddd589dccf5b8f65e2f7a6efb276,True,2005,True,000f000016e1c130d85e000400c43011,7.7082,none,0,0
arc-e9defcd55d5ee9ed,mus-59e2ef2bdc0a9416,3576,59e2ef2bdc0a9416a1cdd0f23cab730c4599f36064576c47055ed3814aa4f57f,True,2004,True,000f00000a589db7d422000400c43061,7.6223,none,0,0
arc-e9defcd55d5ee9ed,mus-c2dc80160698b3ef,3378,c2dc80160698b3ef72bd73972dd7a50ab4f0d7f1ac26520c04fd428917498aac,True,2005,True,000f000009bb25da21b9000400c43061,7.6000,none,0,0
arc-e9defcd55d5ee9ed,mus-86fafceb1ef2ebe2,3218,86fafceb1ef2ebe2ff26f71800a3877eb16e7e22a595a5693e84726cf827393e,True,2007,True,001a000008f7f4212f80789ced5a6b6c,7.9095,big,4,168
arc-e9defcd55d5ee9ed,mus-11b51f94b27cc3d2,3714,11b51f94b27cc3d2d6810e5e1cfb91cebb2af70b818f0a8f51bea2d1d282aa9e,True,2005,True,000f00000a5e55d0b40c000400c43061,7.6195,none,0,0
arc-e9defcd55d5ee9ed,mus-7ff6bcb8b1bd7c75,7877,7ff6bcb8b1bd7c7547b3921affb575f72ebb9ee365e3ded7bbaeac99ae631678,True,2007,True,001a00001786183192fb789ced5d7b70,7.9654,big,4,497
arc-e9defcd55d5ee9ed,mus-6ebf82c156b4068a,7432,6ebf82c156b4068aa6b4c8811ad98ee7411a28ec40391efcc9ffa3f57d310ff2,True,2002,True,000f000015fa0c0b9f98000400c43011,7.7104,none,0,0
arc-e9defcd55d5ee9ed,mus-e6a2adc8a1b6363d,8386,e6a2adc8a1b6363dff7ffccff4e59eb40ae5acf97f8951933da08d0c76a3eeba,True,2007,True,1a00bc1800005961c936789ced5d7b74,7.9648,little,4,559
arc-e9defcd55d5ee9ed,mus-cbfd18533841eaca,9104,cbfd18533841eacad52c24e839dd5d25999bdcb41da7d37f646cf278eca0e480,True,2009,True,1a005f1b00009e6b824d789ced5d7b94,7.9687,little,4,628
arc-e9defcd55d5ee9ed,mus-76ef4d96d05bedff,9118,76ef4d96d05bedff6d98ca529bbc95779b06ce70bbea4811ee0e89bef043775a,True,2009,True,1a006d1b00003a0b4002789ced5d7b94,7.9700,little,4,628
arc-e9defcd55d5ee9ed,mus-0c01aaaa7ec30e30,8594,0c01aaaa7ec30e3033181a25de6e40f0d3c7ff315add6b009d26fc4543eb2e74,True,2007,True,1a00ba180000a224aba6789ced5d7b74,7.9602,little,4,571
arc-e9defcd55d5ee9ed,mus-d8c3fb79994d0615,48379,d8c3fb79994d0615ab362809d51377a4953deccae9d9b708910d4d3607d3ca4e,True,2003,True,000f00005c0ddf5b6ae7000400c43011,7.5776,none,0,0
arc-e9defcd55d5ee9ed,mus-24e8d482ddc433b1,7047,24e8d482ddc433b1dedfca3f346eb6eb47d980c4df915c2285c0cb02f8f6655f,True,2003,True,000f0000156a44af1b9a000400c43011,7.7092,none,0,0
arc-e9defcd55d5ee9ed,mus-fb865fb6ac00dfe4,6958,fb865fb6ac00dfe47d76cd359f642fd5171182e7b2afeac762dedabfcd194c74,True,2003,True,000f0000154e325325fb000400c43011,7.6969,none,0,0
arc-e9defcd55d5ee9ed,mus-0d9fee5e183ee7f9,6942,0d9fee5e183ee7f9e32e47a7d3edc953f67d99a8d82c03fcdb236cc8bc667a85,True,2003,True,000f0000154e5f770242000400c43011,7.6964,none,0,0
arc-e9defcd55d5ee9ed,mus-db63fb8ea470442e,7031,db63fb8ea470442edf0547bce747fc65fc24c9e4d1eb9516a19cf1651f127304,True,2003,True,000f0000152cb62eaa75000400c43011,7.7041,none,0,0
arc-e9defcd55d5ee9ed,mus-911401494ae5298d,6939,911401494ae5298d78723cb95ddbaa587651078f67fff31aa2579059b0e375f4,True,2003,True,000f0000154bcae3ede2000400c43011,7.6925,none,0,0
arc-e9defcd55d5ee9ed,mus-80154697115b9b08,6926,80154697115b9b086f19a6ac43b9f9c9e9faa5227b0e7b441a24abfbe84c90ac,True,2002,True,000f0000151ef59cea1a000400c43011,7.6987,none,0,0
arc-e9defcd55d5ee9ed,mus-fa7be26901d2fefb,38951,fa7be26901d2fefbcbfaf51f45dc09b0bd0084e2c178f3ec56aeb2b07f636d70,True,2012,True,1a005b5a0000cf00bb6c789ced7d0760,7.9680,little,4,3828
arc-e9defcd55d5ee9ed,mus-a03a5f4f6aacf182,6671,a03a5f4f6aacf182eab067695d55ac2b3d6fef11775337a65e005601a4774cb9,True,2002,True,000f00001425331d2342000400c43011,7.7007,none,0,0
arc-e9defcd55d5ee9ed,mus-d35597c0a02d04ce,8357,d35597c0a02d04ce1ad21469ffb489ab66ff4fe2668b90d868b230923f104177,True,2008,True,1a000d180000b27fc476789ced5d7b94,7.9647,little,4,543
arc-e9defcd55d5ee9ed,mus-66f5aeb0315a8381,6927,66f5aeb0315a838191fefdb7d3dc51161669c2b6362c090e7f383847035b26ef,True,2003,True,000f0000152fcdead9ac000400c43011,7.6987,none,0,0
arc-e9defcd55d5ee9ed,mus-c7e0faa94df7fc67,3294,c7e0faa94df7fc6782953b9a51304b2b46ae50d7f37154dd619c2682ab34fac2,True,2004,True,000f000009b0e7b21967000400c43061,7.5739,none,0,0
arc-e9defcd55d5ee9ed,mus-e09f13d06ff0f25e,62326,e09f13d06ff0f25edd527d1f2d83a0cda3b524068bc0d7142625c8447df97db3,True,2004b,True,000f0000afe2dd400706000400c03011,7.6393,none,0,0
arc-e9defcd55d5ee9ed,mus-8fc93fa852c6c878,36852,8fc93fa852c6c8788398a94e71e8af2a970a7ba827fab11a7d44fe7cb2e8d4c6,True,2007,True,1a0004550000e6834b4a789ced7d0980,7.9552,little,4,3968
arc-e9defcd55d5ee9ed,mus-42d5121d1ed3a26d,46679,42d5121d1ed3a26d5d471efc7971264f5fcbe984ccd63798eef38a84439a8fda,True,2012,True,1a00236e0000c5fb3637789cec7d0760,7.9589,little,4,1965
arc-e9defcd55d5ee9ed,mus-487b1e9ef8523107,46815,487b1e9ef852310709a614bcc6f54d2b134ba4972b936ec3b6670e66e1fe66ff,True,2012,True,1a007d6e0000bf5160f9789cec7d0960,7.9584,little,4,1966
arc-e9defcd55d5ee9ed,mus-d955d380e0816070,53976,d955d380e08160703583c18f6d0466bf41a15f5e64bae1eeb81b69df22bc13dd,True,2007,True,001a00007c115b083f16789cec5d0b9c,7.9451,big,4,0
arc-e9defcd55d5ee9ed,mus-5a6641ad7416ea92,51573,5a6641ad7416ea9231a7133f6c68ceaea86a508b5711b8bc1e647093769719d7,True,2007,True,1a0089740000accb21ce789cec9d077c,7.8969,little,4,1032
arc-e9defcd55d5ee9ed,mus-a8051c254bd6f164,7953,a8051c254bd6f16479d7143dff62b0da7b7a252df57edb41dd33360bba4e3399,True,2007,True,1a003d16000041d79f01789ced5d7b70,7.9580,little,4,641
arc-e9defcd55d5ee9ed,mus-07e9922dfd8de9db,8005,07e9922dfd8de9db7a05d84c3090818a519f0ba2463dc0fea4d2b8e349816fc8,True,2003,True,000f0000188b74af1277000400c43011,7.7030,none,0,0
arc-e9defcd55d5ee9ed,mus-e26dcc1c3ed199a5,31885,e26dcc1c3ed199a5fca73e247985bb57f94147a080496359a1a5ba64d97069c7,True,2012,True,1a002240000085d26595789ced7d0980,7.9551,little,4,3469
arc-e9defcd55d5ee9ed,mus-c24bfbc168830692,69329,c24bfbc168830692bb66cfce9cde1461da6535035cf27c305393ef3f08abe859,True,2003,True,000f0000760450631162000400c03011,7.6801,none,0,0
arc-e9defcd55d5ee9ed,mus-da9e72c0a8ce7f8c,35105,da9e72c0a8ce7f8c958d436fb1683d92fc03ec70c0db963d91c4c09af1053840,True,2009,True,1a00db3d00006fb9bbde789ced7d097c,7.9599,little,4,4260
arc-e9defcd55d5ee9ed,mus-a369ff13b7923d44,68873,a369ff13b7923d44fdaeac50d4740c2896776aa31df1c8d8bd1d97f978c2e008,True,2001,True,000f0000743e87b7ea4c000400c03011,7.6511,none,0,0
arc-e9defcd55d5ee9ed,mus-a369ff13b7923d44,68873,a369ff13b7923d44fdaeac50d4740c2896776aa31df1c8d8bd1d97f978c2e008,True,2001,True,000f0000743e87b7ea4c000400c03011,7.6511,none,0,0
arc-e9defcd55d5ee9ed,mus-792a576857ee9821,31870,792a576857ee98219bf35166aa0ebe38ab04fa6741c3950f0bf7658cbc486a14,True,2012,True,1a00f93f0000e5df4198789ced7d0b60,7.9562,little,4,3468
arc-e9defcd55d5ee9ed,mus-b538555731e7e648,68820,b538555731e7e6484823b7db135cafbfa1e58b663810056173134f4367aecb07,True,2001,True,000f000074092e9555a6000400c03011,7.6526,none,0,0
arc-e9defcd55d5ee9ed,mus-386ac60522cf2c79,57933,386ac60522cf2c796517532d2c453c8e1fe6398bf0f890916e4dda459230f4a8,True,2004b,True,000f0000ab884ce4b552000400c43011,7.6359,none,0,0
arc-e9defcd55d5ee9ed,mus-9d3e84ae9fef4203,69395,9d3e84ae9fef42039229c45d0594f4b16f5779a87490f5ad0ea1dd21ce3d02aa,True,2003,True,000f00007646a9cd65aa000400c03011,7.6759,none,0,0
arc-e9defcd55d5ee9ed,mus-b7bd99a606120406,7798,b7bd99a6061204065e4bed38dd8e95814c3d989a756d8186614790fe387547c1,True,2004,True,000f00001866aa847a6a000400c43011,7.6847,none,0,0
arc-e9defcd55d5ee9ed,mus-2cebc1f4ff3f76e7,45164,2cebc1f4ff3f76e7f5df39e7c4d6ec39d6404797055cbaf3c117e97e82e46792,True,2007,True,1a00964b00007e7302f6789ced7d097c,7.9713,little,4,4980
arc-e9defcd55d5ee9ed,mus-21b30fb5dfc9bca2,44768,21b30fb5dfc9bca28dae7644d81d6f7167ffb9b8e6e5a8b4d41ed50b3f2bbb02,True,2007,True,1a008d4b00005bf8d099789ced7d097c,7.9709,little,4,4966
arc-e9defcd55d5ee9ed,mus-fe92f682d4c805a5,13849,fe92f682d4c805a5243c2b8ac68f0b3e585c62ba9430cf9c6878de7942e8b4b8,True,2006,True,000f00001fd93696a55f0004fef98311,7.6970,none,0,0
arc-e9defcd55d5ee9ed,mus-855fb28eb29080f7,11715,855fb28eb29080f76ef80c8811cf57afd26a5a0ba66166f3fefa2ea7fa0ea01a,True,2008,True,1a00f01d0000df1c141f789ced9d0f74,7.9160,little,4,909
arc-e9defcd55d5ee9ed,mus-4c2fe14dd692de72,7498,4c2fe14dd692de72bff46b34a27b25676d4101abe9632b3089e99ee2c23b95a5,True,2004b,True,000f00001724eb2367fd000400c43011,7.6923,none,0,0
arc-e9defcd55d5ee9ed,mus-2efe626e25523012,47654,2efe626e25523012ecd74b8d3bfd674181caca35eedfb55aae5084d0ec008c3a,True,2008,True,1a009458000024f2ef23789cedbd0980,7.9650,little,4,5515
arc-e9defcd55d5ee9ed,mus-8e48e87a9f0bc356,41082,8e48e87a9f0bc35610d9d180d8d52299953836637dfc1994c4599d0352614769,True,2012,True,1a00d861000010f38e2e789ced5d0980,7.9741,little,4,3969
arc-e9defcd55d5ee9ed,mus-8971876eba2eb983,12225,8971876eba2eb9838999660af20c114775092ae408205a96ad8e7d3bec62dfd3,True,2007,True,001a00001d90ee6a1c40789ced5d0b74,7.9375,big,4,745
arc-e9defcd55d5ee9ed,mus-3e534597a67ed9c1,182081,3e534597a67ed9c1ac4f72984daee6ad801b31302c653572ac009afe4b85d2c1,True,2004,True,000f00012bfd105ae1e6000400c03011,7.5397,none,0,0
arc-e9defcd55d5ee9ed,mus-40fa91aa964cd9a1,89182,40fa91aa964cd9a191b2c834f8d6114e1291f093dd47419b44f0ed559b17203d,True,2004,True,000f00009b1cd808f444000400c03011,7.5899,none,0,0
arc-e9defcd55d5ee9ed,mus-c431943270ed2d15,20093,c431943270ed2d1511fba82beeee42f8b04fac82ed322ad56dc357b1b7a0ae4e,True,2000,True,0001000045b600312661000100000000,3.3212,none,0,0
arc-e9defcd55d5ee9ed,mus-f780d2453d79d0e1,6977,f780d2453d79d0e19dbc94c8c9cc92c29587d3c4a8478466d2e265c716fc0af0,True,2003,True,000f0000159acda891c4000400c43011,7.6823,none,0,0
arc-e9defcd55d5ee9ed,mus-f1080c13aad8092f,19381,f1080c13aad8092f20fb93ab9a0c12caa7d3787a57d75ab29d6099303ce1d188,True,97,True,0001000042f600312661000100000000,3.3184,none,0,0
arc-e9defcd55d5ee9ed,mus-794e09f86dbd0e76,25009,794e09f86dbd0e76717f2dd4343eca9edd517fbbc4d26d0ab99c292fac920a75,True,2000,True,0001000048d600312661000100000000,3.4141,none,0,0
arc-e9defcd55d5ee9ed,mus-d70a22ab0e8a3e9d,61827,d70a22ab0e8a3e9d8a0257a258c970f2f3fbfa53ba3f1a5eb89263b46f2281d7,True,2004,True,000f000058a8bb9f36c7000400c03011,7.6702,none,0,0
arc-e9defcd55d5ee9ed,mus-71c74ed45f158193,6952,71c74ed45f1581930787fba2122ad5d5162572cf532b5e2bc58c2cd36bf98a49,True,2003,True,000f000015db369b3ed3000400c43011,7.6925,none,0,0
arc-e9defcd55d5ee9ed,mus-9df241cd6c44e231,39315,9df241cd6c44e231d8e311e9c7eccac97e5ba281094cc00955c83ad76145bb5f,True,2012,True,1a00915d000094a118e7789ced5d0960,7.9694,little,4,3806
arc-e9defcd55d5ee9ed,mus-bc53454a08847b3a,40296,bc53454a08847b3a306cac1b869cecaa72b394f6c64f6d403442b9ea7f2b1d44,True,2012,True,1a007c5f0000da6261df789ced7d0960,7.9737,little,4,3886
arc-e9defcd55d5ee9ed,mus-66761b4c242d72c3,6546,66761b4c242d72c3e4bd594fbe2e894a002b9d2915d7654fc92e6c08ba7667b3,True,2009,True,1a007014000055dde0ee789ced5c7d6c,7.9548,little,4,506
arc-e9defcd55d5ee9ed,mus-98a4e9f18c4db36c,6616,98a4e9f18c4db36c98f0e2e6b9add8043402c00b6c74c09fad137d708e951409,True,2009,True,1a00c014000078b36a43789ced5c7d6c,7.9590,little,4,515
arc-e9defcd55d5ee9ed,mus-aa553913b2156c53,21307,aa553913b2156c535fd9482f986f08ca402902f8ca5c278e9a61c513cc076ab4,True,2000,True,00010000495600312661000100000000,3.3523,none,0,0
arc-e9defcd55d5ee9ed,mus-21e22f4f76ea6c8d,20959,21e22f4f76ea6c8d61506c799fa883a45a29631ead619787229dcc7ba28414af,True,2000,True,0001000047b600312661000100000000,3.3250,none,0,0
arc-e9defcd55d5ee9ed,mus-f33e7f20f7dd0d2a,23895,f33e7f20f7dd0d2a77887b26a32b519722dde3312cd16279bf27d83b8e56ca49,True,2000,True,0001000047a600312661000100000000,3.3281,none,0,0
arc-e9defcd55d5ee9ed,mus-d4bb822075c16678,8015,d4bb822075c1667810f0d999a6e7e7486503869d1c10f6644db56a12a3848c97,True,2004b,True,000f00001753d2c57ed4000400c43011,7.7181,none,0,0
arc-e9defcd55d5ee9ed,mus-b549f44a5904134f,64180,b549f44a5904134fdad7f276547530144b2217ab81409068aa3aac856dfb54ad,True,2005,True,0f00f85a000024a391bd000460000863,7.7081,none,0,0
arc-e9defcd55d5ee9ed,mus-5b95aaf5c41195e4,19733,5b95aaf5c41195e4433fffb36c6cb0687beac242113477e076a31c43c88783aa,True,97,True,00010000441600312661000100000000,3.3077,none,0,0
arc-e9defcd55d5ee9ed,mus-bfbfdabc42ac2d94,19909,bfbfdabc42ac2d94bc746ef1d1a993a970052c96250b6292cb2a2ea3e930bb9e,True,2000,True,0001000045b600312661000100000000,3.3204,none,0,0
arc-e9defcd55d5ee9ed,mus-7e7a2e84756b7380,6104,7e7a2e84756b73804d8da951b15bc4b8239fcb17ce5d43c00e8e20b22268c2dd,True,2002,True,000f000013826d31787a000400c43011,7.6389,none,0,0
arc-e9defcd55d5ee9ed,mus-17369c1d72ad3e05,94135,17369c1d72ad3e0529195bdb59d0670fb9f11f12b5b9481aa677aacdfcf56175,True,2000,True,000100008a7600312661000100000000,3.6332,none,0,0
arc-e9defcd55d5ee9ed,mus-17369c1d72ad3e05,94135,17369c1d72ad3e0529195bdb59d0670fb9f11f12b5b9481aa677aacdfcf56175,True,2000,True,000100008a7600312661000100000000,3.6332,none,0,0
arc-e9defcd55d5ee9ed,mus-a7d59b9a3199944e,7988,a7d59b9a3199944ed0385fad3a33859af0f377aa40742945462d15366ec1bdc7,True,2005,True,000f0000175b67aef744000400c43011,7.7186,none,0,0
arc-e9defcd55d5ee9ed,mus-645ac9da0acaf4d7,18879,645ac9da0acaf4d7416d40fa0443496ccfbcbb9e8d1b5c4ea73a7f22919ca070,True,97,True,00010000422600312661000100000000,3.3072,none,0,0
arc-e9defcd55d5ee9ed,mus-f3e9ef8950e4d49e,18793,f3e9ef8950e4d49e487f37e6c2ac755a6396289793c6deecd69eca1b3448bfb0,True,97,True,00010000422600312661000100000000,3.3061,none,0,0
arc-e9defcd55d5ee9ed,mus-3837e439ea81eb51,71816,3837e439ea81eb51d54b4091b7a33b9af0334296717e955d1005289d6d6ba274,True,2012,True,1a007b63000043724830789ced5d0960,7.9694,little,4,3925
arc-e9defcd55d5ee9ed,mus-d1a90cc453593325,7025,d1a90cc453593325e893e82f18fe1a026ba956011a7255925fca2a3157cd0a34,True,2003,True,000f0000162491454310000400c43011,7.6826,none,0,0
arc-e9defcd55d5ee9ed,mus-2e442c6f7144284d,6970,2e442c6f7144284d0427216a14579fd2e88b8650debd4358e5dedfed17dbef97,True,2003,True,000f000015a4d380eb03000400c43011,7.6852,none,0,0
arc-e9defcd55d5ee9ed,mus-07bb32110967763b,19225,07bb32110967763b6628d9ba21dda9a0aaadc288912bef338f066cda48c1c2d3,True,97,True,0001000043b600312661000100000000,3.3168,none,0,0
arc-e9defcd55d5ee9ed,mus-7a941673c7f1fc38,6903,7a941673c7f1fc38654e743e6b591dd8bdbc0919987229c1eaea1e83c9b9befe,True,2003,True,000f000015aad45768ec000400c43011,7.6877,none,0,0
arc-e9defcd55d5ee9ed,mus-33a317c1d05c20e5,5169,33a317c1d05c20e5a327d1c823b1de2832b25f922db6df0790c188f35fd04e0f,True,2006,True,000f00000c4d920b5a7a0004fef98311,7.5807,none,0,0
arc-e9defcd55d5ee9ed,mus-72553498b152f984,19997,72553498b152f9841b9fdb69c99a15b01c68cf2ef244865c1d3b074162d57a90,True,2000,True,00010000455600312661000100000000,3.3119,none,0,0
arc-e9defcd55d5ee9ed,mus-12d5ee0cfbe3b5de,39619,12d5ee0cfbe3b5de55e116bdaf9d4ec59e3060cefb2b10866d3f92ded68e36c5,True,2012,True,1a004b5e00004fc2d1e5789ced7d0960,7.9671,little,4,3861
arc-e9defcd55d5ee9ed,mus-bae7740587c1f769,6883,bae7740587c1f7692529dc262767ff5e6381edede280136838b220e1d9494314,True,2003,True,000f0000152c8146388f000400c43011,7.6975,none,0,0
arc-e9defcd55d5ee9ed,mus-9ae245d230bc9ff4,6811,9ae245d230bc9ff42a06c35524fed13c7868962b3aeea3eb2d595622cb74dd1f,True,2003,True,000f0000150851643cc0000400c43011,7.6985,none,0,0
arc-e9defcd55d5ee9ed,mus-3a8b724cf3adba80,20149,3a8b724cf3adba8008f41a3e6be0e57cce63100d3cc13a73bf24bcbdec5ac376,True,2000,True,00010000453600312661000100000000,3.3151,none,0,0
arc-e9defcd55d5ee9ed,mus-ddd62e03c5ee4505,218455,ddd62e03c5ee450551c268fac5d301b78f3532f6db7ae385e4cd2fef472f5be3,True,2007,True,1a00370b01005854ce99789cec9d777c,7.9430,little,4,0
arc-e9defcd55d5ee9ed,mus-20bb13847ef0d640,44199,20bb13847ef0d6409abe75de00a6c10febef56cf6166e440d97b0100fb0ec3d4,True,2012,True,1a00f268000027cea19d789ced5d0960,7.9573,little,4,4445
arc-e9defcd55d5ee9ed,mus-df5ee10cc8473040,39140,df5ee10cc847304087a884ada61e869c97b9a6bd07cb00db61ce6951f24b761b,True,2012,True,1a00d95c0000a34a6755789ced7d0760,7.9697,little,4,3799
arc-e9defcd55d5ee9ed,mus-b49abdad295dffbc,4156,b49abdad295dffbc77e4ba45c86bec76be95c1322b1012498dd3b689cb464597,True,2003,True,000f00000d95b7d90081000400c43061,7.5109,none,0,0
arc-e9defcd55d5ee9ed,mus-b4c6e4247ffcca82,7299,b4c6e4247ffcca827da225a7d24c8136475bb106f56df65cb391a2c413d57d26,True,2003,True,000f000015f41bd2eed1000400c43011,7.7086,none,0,0
arc-e9defcd55d5ee9ed,mus-179dfb5d2e481125,6794,179dfb5d2e481125a4dc46ce924edbd31a6e2c2364c5fa660e0a92b00a5d9fce,True,2002,True,000f0000151e8d228260000400c43011,7.6810,none,0,0
arc-e9defcd55d5ee9ed,mus-9961c014cb8fd999,39066,9961c014cb8fd9994b9b8c8ee40c9b6b53d2cf474cc77054451fc3dedde1f5d9,True,2012,True,1a00a45c00001b33f73a789ced7d0760,7.9710,little,4,3793
arc-e9defcd55d5ee9ed,mus-9264aff2412bef2f,39701,9264aff2412bef2f093e6348abf7098999ae79ec4f2510028af65d26e3104ea9,True,2012,True,1a00425e00008bf5e9d1789ced7d0760,7.9675,little,4,3828
arc-e9defcd55d5ee9ed,mus-4f609ff3244e9450,7435,4f609ff3244e94500f5874ae7927c989630dfcc1832f4842e22a4015f75a3b11,True,2002,True,000f000017b1f89d488f000400c43011,7.6586,none,0,0
arc-e9defcd55d5ee9ed,mus-d996aa765ef6bf13,3113,d996aa765ef6bf137fe2f23cd59f94c863b625bb24cf698c0d0ca1385ca33979,True,2006,True,000f0000090c751f72f50004fef98311,7.5872,none,0,0
arc-e9defcd55d5ee9ed,mus-689251eaceba73c7,50605,689251eaceba73c7c2ec878c47f49306a4163f5071a974a0e30672192e97d12c,True,2012,True,1a004d7000003e26bc41789cec5d0960,7.9496,little,4,2051
arc-e9defcd55d5ee9ed,mus-0f7ed5bd148a9ad4,3086,0f7ed5bd148a9ad43720dff8f761b4d5c74f1198a493fcb9828a2ae5f70eff65,True,2006,True,000f000008f62630c0520004fef98311,7.5832,none,0,0
arc-e9defcd55d5ee9ed,mus-cc7be9d90365a08c,40000,cc7be9d90365a08ce8ed30c1a65c8948fe58aaf5dc888dd66dc12c27836c6504,True,2012,True,1a00905e000017c675ac789ced7d0960,7.9675,little,4,3855
arc-e9defcd55d5ee9ed,mus-87a14c2ba9fbbbbc,173861,87a14c2ba9fbbbbca348bcc6c5cea36f30e834de7575b040126448877ed8ce1c,True,2006,True,000f00014ea77e753fab0004fef98311,7.6582,none,0,0
arc-e9defcd55d5ee9ed,mus-4ee520004faafb33,21601,4ee520004faafb33d1446a2b322386f7f7493aaa748b8b1b400266adb49125b2,True,2000,True,0001000049a600312661000100000000,3.3409,none,0,0
arc-e9defcd55d5ee9ed,mus-fbd112fad7effc4c,54760,fbd112fad7effc4c4e1f69d931bb810ffbc30bdd4b0a144d9fa4a325521de184,True,2004b,True,0f00309100003c606a78000462000863,7.6551,none,0,0
arc-e9defcd55d5ee9ed,mus-990f5f9c9e38e168,54793,990f5f9c9e38e1682e5b2325957e2c12d1f7508d62fe41bac891af25b1b487f6,True,2004b,True,0f00309100003c606a78000462000863,7.6551,none,0,0
arc-e9defcd55d5ee9ed,mus-68448786262eb644,54974,68448786262eb6449a5544be5a54a45540ccc26c29884dc10d68f6f881e4126b,True,2005,True,0f008e910000abd320dd000462000863,7.6518,none,0,0
arc-e9defcd55d5ee9ed,mus-a6f99ac6b21bb9ef,55204,a6f99ac6b21bb9ef6e5d00fcbca1e8afc393f73d75d03799cd88dcbe5ca69c78,True,2005,True,000f0000c826318ddf2f000400c03011,7.5927,none,0,0
arc-e9defcd55d5ee9ed,mus-14816048bc29d651,7024,14816048bc29d65193bec1f1ae1550177b5636a4689453a4f7605d1c9fe4cfbb,True,2003,True,000f000015b20c2a36d2000400c43011,7.7031,none,0,0
arc-e9defcd55d5ee9ed,mus-bf8a2d7e1feccad7,7552,bf8a2d7e1feccad7356ac1f14a1a65b122d19edc7251eaa6c990e9813fc08442,True,2003,True,000f00001675cbd5145f000400c43011,7.7091,none,0,0
arc-e9defcd55d5ee9ed,mus-02cf5aedce61bd4e,21809,02cf5aedce61bd4ebfd2bbd573ff430153daded4eed1d047931d7be062c25f0d,True,2000,True,00010000479600312661000100000000,3.3648,none,0,0
arc-e9defcd55d5ee9ed,mus-15ec9b233136225f,21051,15ec9b233136225f12ae2bc122211338dc5fd3cff24ade15a105663c33b54900,True,2000,True,00010000469600312661000100000000,3.3495,none,0,0
arc-e9defcd55d5ee9ed,mus-f879c5edd8c4e7e7,20067,f879c5edd8c4e7e705b4b6f7d43d19f262cc94329ad362cfc62c019f557bcf13,True,2000,True,0001000045f600312661000100000000,3.3199,none,0,0
arc-e9defcd55d5ee9ed,mus-b31070a56377b624,22005,b31070a56377b62496efaf630797dff1acb8e6850a15b8cfdeeb63b79de1fedd,True,2000,True,0001000047f600312661000100000000,3.3616,none,0,0
arc-e9defcd55d5ee9ed,mus-85205b4af9c9eee8,21561,85205b4af9c9eee8b3fcc8466dd00eb42fcfeba7ec45d5a5e5e3d0c29d971acd,True,2000,True,0001000047b600312661000100000000,3.3605,none,0,0
arc-e9defcd55d5ee9ed,mus-3501a8bdefb28717,21975,3501a8bdefb287178c54c467f49cc9bb34bc5313187af8e1de2eaa1bdc461499,True,2000,True,00010000467600312661000100000000,3.3393,none,0,0
arc-e9defcd55d5ee9ed,mus-7f09920de16277b1,20329,7f09920de16277b108eedcb7db9608c1e9d06df6261c7ad630200ee262448f37,True,2000,True,00010000458600312661000100000000,3.3204,none,0,0
arc-e9defcd55d5ee9ed,mus-4c2ffbaf1f32229c,57589,4c2ffbaf1f32229ce4117993dd288afb51648a8720813a6cbff59d4a1a9535ad,True,2002,True,000f000044f11b3623b1000400c03011,7.6471,none,0,0
arc-e9defcd55d5ee9ed,mus-e61f7e1b10423f66,21941,e61f7e1b10423f66b7ea959cc68e3ac476dc3109e208347bdc0d8c4515194718,True,2000,True,00010000464600312661000100000000,3.3105,none,0,0
arc-e9defcd55d5ee9ed,mus-b2d9dcf1ec2d48cb,21893,b2d9dcf1ec2d48cbd74513888a3da1d688c35aabebb4c9ed854ea224d6d3bcea,True,2000,True,0001000047c600312661000100000000,3.3757,none,0,0
arc-e9defcd55d5ee9ed,mus-8df43d75fab0c654,21137,8df43d75fab0c65479f90de5de01deb4c02944200e1900b64e8a1251790fe863,True,2000,True,00010000458600312661000100000000,3.3097,none,0,0
arc-e9defcd55d5ee9ed,mus-a2b773298e64f7c0,6793,a2b773298e64f7c0807c4c0429bb477279b96ba74ca6531f324ef5e3b684d94e,True,2002,True,000f0000143bb3006434000400c43011,7.7064,none,0,0
arc-e9defcd55d5ee9ed,mus-d17af0a403b0a7eb,50261,d17af0a403b0a7eb60e33acf8b713a1da148209828871510ff56776a07b9db8d,True,2004b,True,000f0000b7d483ab1d98000400c03011,7.5889,none,0,0
arc-e9defcd55d5ee9ed,mus-91a68b7f67e10791,21931,91a68b7f67e107915cca982128b80dc08df5495c5f31bdc5f86f6fdc659bfd35,True,2000,True,00010000489600312661000100000000,3.3821,none,0,0
arc-e9defcd55d5ee9ed,mus-06b43fd49f77c1c6,7261,06b43fd49f77c1c6202cec1b62d41cea5f89ad86fded1b4b5acc33b904903399,True,2003,True,000f00001612829ad5f6000400c43011,7.7012,none,0,0
arc-e9defcd55d5ee9ed,mus-5529691254be299b,7120,5529691254be299b9fb7279e5ca549811b1be216a7a69173a1cc4cff6f27f957,True,2003,True,000f000015a2e30ac75a000400c43011,7.7077,none,0,0
arc-e9defcd55d5ee9ed,mus-138dd65b1eba2ce4,67567,138dd65b1eba2ce4db9981affdfafd2fadf396b5dc549217f9f5d85f99a02e5a,True,2003,True,000f0000576152f0058a000400c03011,7.6674,none,0,0
arc-e9defcd55d5ee9ed,mus-2fc904f04995a9cd,4169,2fc904f04995a9cd10d2218ad9694ac12aba7a10f707c76da1f496d4d1e5d564,True,2006,True,000f0000096e2b1fbba10004fef98311,7.5330,none,0,0
arc-e9defcd55d5ee9ed,mus-76f77e0eed85f646,11190,76f77e0eed85f6462d38f096663d9d4581c71b6d0d8fd52bcc44fbdc4f6fe25c,True,2003,True,000f000018c09bca7a6b000400c43011,7.7850,none,0,0
arc-e9defcd55d5ee9ed,mus-8eb13cc6ed55aabd,7481,8eb13cc6ed55aabdff4ae84d61ffeb3b8ceda73a545100a438994c04eec65877,True,2003,True,000f0000167ed6976ae6000400c43011,7.7118,none,0,0
arc-e9defcd55d5ee9ed,mus-2830345e776c26ec,7129,2830345e776c26ecc8723c25811217323a330801bf381228a4f40808148f3bc6,True,2002,True,000f00001549703ab025000400c43011,7.7228,none,0,0
arc-e9defcd55d5ee9ed,mus-23d53e1722e95ca1,7916,23d53e1722e95ca1e37fce361e1712178a11a62aaec3528a6084ce8f7da7c39d,True,2003,True,000f000016168130a282000400c43011,7.7539,none,0,0
arc-e9defcd55d5ee9ed,mus-349d6da9f63ce02b,7098,349d6da9f63ce02bf86762b7c66e6ef7067cfa3e2bc80df22c4ea871c73aa52d,True,2003,True,000f000015939216aee6000400c43011,7.7161,none,0,0
arc-e9defcd55d5ee9ed,mus-1c6ebc82db7ec32b,6859,1c6ebc82db7ec32b17c8cbd1ce5ffd4a9dea8c8f72313ae745b854622d60bfc9,True,2003,True,000f0000150a8c6aa12a000400c43011,7.7015,none,0,0
arc-e9defcd55d5ee9ed,mus-b9aa3f379134f423,6808,b9aa3f379134f423d3f5a249c17b098a421d9735a9c3fbc885c377208003765a,True,2003,True,000f00001509ae1bcc2d000400c43011,7.6943,none,0,0
arc-e9defcd55d5ee9ed,mus-0a6fc83ce178bb33,39123,0a6fc83ce178bb3389c237a4d61b6c984690ba8e467a111663371e7bab3b4b89,True,2012,True,1a00ba5c00000c655e82789ced7d0760,7.9710,little,4,3796
arc-e9defcd55d5ee9ed,mus-01c845fbcdfc27a4,22620,01c845fbcdfc27a4f61033f66dbd16bf3a72a2bde6ff4cc4dda46733389ebf03,True,97,True,646a206173646b6173646a6c6b6a2061,3.7335,none,0,0
arc-e9defcd55d5ee9ed,mus-35b764881cf54f67,18677,35b764881cf54f67e2e4dfcd3d1f7071a330fd03e0f7a5afb6314a6b4857eb29,True,97,True,0001000042a600312661000100000000,3.3191,none,0,0
arc-e9defcd55d5ee9ed,mus-914a0b7fe576d29f,3156,914a0b7fe576d29fd2d18c4c0f16a10a8dbe2aafea8b0ed3493872ae0a8fccda,True,2006,True,000f00000968053bda3b0004fef98311,7.5815,none,0,0
arc-e9defcd55d5ee9ed,mus-598235678a9ff161,20291,598235678a9ff161642cf4c7e5a4e25f9a6f658e75f99d300d5a0d4c241fb214,True,2000,True,0001000048c600312661000100000000,3.3010,none,0,0
arc-e9defcd55d5ee9ed,mus-b8ea2439d152f4a8,93345,b8ea2439d152f4a8d1dff4a91c6fae6a06b308c29157c9daf545701b3b31c362,True,2002,True,0f00171101001d55a2ad000462000863,7.5960,none,0,0
arc-e9defcd55d5ee9ed,mus-ecd2fe88676ee47a,47263,ecd2fe88676ee47aa4d76789152ee779066b9e57f958735923b42d7ce4a61d53,True,97,True,00010000897600312661000100000000,3.2368,none,0,0
arc-e9defcd55d5ee9ed,mus-37162e43a5cb8074,5027,37162e43a5cb80742c7e88bc04cb7ad2d44c9b309bfab18e48036b468d7a24cb,True,2006,True,000f0000090407c38a7a0004fef98311,7.2593,none,0,0
arc-e9defcd55d5ee9ed,mus-302c33d4dffb58dc,59531,302c33d4dffb58dca4858f0e0043dd9537a51d303761dfbc3b9f541cc2756072,True,2003,True,000f0000530e2966bf49000400c03011,7.6683,none,0,0
arc-e9defcd55d5ee9ed,mus-8194100ac23173ad,5251,8194100ac23173add081f1e054054803ddc31165b00301f075d90d32f2807f8d,True,2006,True,000f000009e4ac15c89e0004fef98311,7.2969,none,0,0
arc-e9defcd55d5ee9ed,mus-cf0e36e5f32091eb,47359,cf0e36e5f32091eba84523477006e4fdb9078241ad720b9b5eeefa6edfb99bc2,True,2000,True,00010000870600312661000100000000,3.3840,none,0,0
arc-e9defcd55d5ee9ed,mus-80f406e825f1e188,23997,80f406e825f1e1889163061d541ed6ce3661e330c1e9ad32b25d7de05b75346d,True,2000,True,0001000054d600312661000100000000,3.1407,none,0,0
arc-e9defcd55d5ee9ed,mus-98798d4472754198,11466,98798d4472754198d97ec2f96b77de7b6626e96ca5dcf4e846e70bc2cd77e2b8,True,2008,True,1a001f1d0000e44ffa58789ced5d0b74,7.9346,little,4,826
arc-e9defcd55d5ee9ed,mus-c9980ba9b8150520,26130,c9980ba9b8150520c5e6a1cf534e8ecfd60fc347709de0b9cb3ca86dce842ef4,True,2008,True,001a00003c6e0584ba15789ced9d0760,7.9361,big,4,2024
arc-e9defcd55d5ee9ed,mus-c0c21145b3fc61fa,7419,c0c21145b3fc61fa0f185988e6bb4968b739f0dcceb697be5f545d0cbf6600df,True,2005,True,000f0000167fc09cc2a9000400c43011,7.6961,none,0,0
arc-e9defcd55d5ee9ed,mus-7591273e1e295e7c,18817,7591273e1e295e7ca54ff276ddce39d903194c14395e0df69223c6d9d9e06c98,True,97,True,0001000042b600312661000100000000,3.3199,none,0,0
arc-e9defcd55d5ee9ed,mus-baf04c0390a2fd12,112660,baf04c0390a2fd1277f60fc0a571e20138da26948cf83ae88c593b6258c21b60,True,2000,True,0100764101005a006126010000000000,3.7051,none,0,0
arc-e9defcd55d5ee9ed,mus-fcebc87c1e8bca55,84424,fcebc87c1e8bca55da57918dda2955f3a9fb7c4bbf6c01c0d8076f5d212bbe70,True,2006,True,000f00009a493c3e54300004fef98311,7.7240,none,0,0
arc-e9defcd55d5ee9ed,mus-c4540bb157662939,19293,c4540bb15766293907308afbb1ded979461eb59419626b37e15a98afbc7fbffa,True,97,True,00010000431600312661000100000000,3.3190,none,0,0
arc-e9defcd55d5ee9ed,mus-4c13a94a52080dcd,20837,4c13a94a52080dcdce733a0720cb3930b0c6c47f7e538956f55b9e91880a7f32,True,97,True,00010000461600312661000100000000,3.3417,none,0,0
arc-e9defcd55d5ee9ed,mus-a7f6b30593dc7bbc,22626,a7f6b30593dc7bbc97a6dfb0e48fcacf2aa60415d151f1dbcd11af2f1a315000,True,2004b,True,0f00c9420000d5f44241000462000863,7.6508,none,0,0
arc-e9defcd55d5ee9ed,mus-a7f6b30593dc7bbc,22626,a7f6b30593dc7bbc97a6dfb0e48fcacf2aa60415d151f1dbcd11af2f1a315000,True,2004b,True,0f00c9420000d5f44241000462000863,7.6508,none,0,0
arc-e9defcd55d5ee9ed,mus-a65115f6aef83360,40641,a65115f6aef833601ec18fb62ff44eb0d4e8bcfc482057aef4b577d7ee780af3,True,2012,True,1a000c5f0000ff752b9a789ced7d0760,7.9724,little,4,3884
arc-e9defcd55d5ee9ed,mus-47a19375e0a05fba,54663,47a19375e0a05fba3d9c4fea5166e97028ce5adebbd188f50a3917f8418b086e,True,2002,True,000f0000478a0c6f33e1000400c03011,7.6961,none,0,0
arc-e9defcd55d5ee9ed,mus-f6a86ccf82feaad1,64185,f6a86ccf82feaad1bb35eb3dbcb353100fa70949f7d6af062a13c6656562fb78,True,2005,True,0f00f85a000024a391bd000460000863,7.7081,none,0,0
arc-e9defcd55d5ee9ed,mus-d89e8fe12e271440,3351,d89e8fe12e27144018c683da2792aff10cbedb6afb0f9a8063d53df0c87f1d9c,True,2005,True,000f000009e2078a19d4000400c43061,7.6045,none,0,0
arc-e9defcd55d5ee9ed,mus-de90627d1c31566b,3451,de90627d1c31566b89423703950b0c0acc77b83163445000e50b382cb45f0ecc,True,2005,True,000f00000a1a3c9b3e88000400c43061,7.5999,none,0,0
arc-e9defcd55d5ee9ed,mus-6f92285413755b41,3604,6f92285413755b417304122802451d7b57a65c182db681e867e47194e9e7d389,True,2005,True,000f00000a5766f80ace000400c43061,7.6196,none,0,0
arc-e9defcd55d5ee9ed,mus-5396a1b805b5ddee,62389,5396a1b805b5ddee2f779e940968d6abd5a3e8062622f4b07610d3a6e9b514fa,True,2004b,True,0f00ee590000e287c57c000460000863,7.7160,none,0,0
arc-e9defcd55d5ee9ed,mus-7d0196f16214836a,6956,7d0196f16214836a28567420db20e78462568246238bfb9a6b5f40932d5e8c2e,True,2003,True,000f0000152cb62eaa75000400c43011,7.6996,none,0,0
arc-c2a3755edb784406,mus-371dd062abd6bbc0,46897,371dd062abd6bbc007ade4ca08ba77886aec421f9c6440b8696618972b12cdee,True,2008,True,1a0036570000626f0061789cedbd0960,7.9533,little,4,0
arc-c2a3755edb784406,mus-89ce3ed8eb27df1c,19391,89ce3ed8eb27df1c2675206f1db5e19bd6ab020de22f7fbab83da00f25414643,True,97,True,00010000431600312661000100000000,3.3189,none,0,0
arc-c2a3755edb784406,mus-d6ecceec28c25275,7510,d6ecceec28c25275c55f27e1bdbd7224429eddd589dccf5b8f65e2f7a6efb276,True,2005,True,000f000016e1c130d85e000400c43011,7.7082,none,0,0
arc-c2a3755edb784406,mus-59e2ef2bdc0a9416,3576,59e2ef2bdc0a9416a1cdd0f23cab730c4599f36064576c47055ed3814aa4f57f,True,2004,True,000f00000a589db7d422000400c43061,7.6223,none,0,0
arc-c2a3755edb784406,mus-c2dc80160698b3ef,3378,c2dc80160698b3ef72bd73972dd7a50ab4f0d7f1ac26520c04fd428917498aac,True,2005,True,000f000009bb25da21b9000400c43061,7.6000,none,0,0
arc-c2a3755edb784406,mus-86fafceb1ef2ebe2,3218,86fafceb1ef2ebe2ff26f71800a3877eb16e7e22a595a5693e84726cf827393e,True,2007,True,001a000008f7f4212f80789ced5a6b6c,7.9095,big,4,168
arc-c2a3755edb784406,mus-11b51f94b27cc3d2,3714,11b51f94b27cc3d2d6810e5e1cfb91cebb2af70b818f0a8f51bea2d1d282aa9e,True,2005,True,000f00000a5e55d0b40c000400c43061,7.6195,none,0,0
arc-c2a3755edb784406,mus-7ff6bcb8b1bd7c75,7877,7ff6bcb8b1bd7c7547b3921affb575f72ebb9ee365e3ded7bbaeac99ae631678,True,2007,True,001a00001786183192fb789ced5d7b70,7.9654,big,4,497
arc-c2a3755edb784406,mus-6ebf82c156b4068a,7432,6ebf82c156b4068aa6b4c8811ad98ee7411a28ec40391efcc9ffa3f57d310ff2,True,2002,True,000f000015fa0c0b9f98000400c43011,7.7104,none,0,0
arc-c2a3755edb784406,mus-e6a2adc8a1b6363d,8386,e6a2adc8a1b6363dff7ffccff4e59eb40ae5acf97f8951933da08d0c76a3eeba,True,2007,True,1a00bc1800005961c936789ced5d7b74,7.9648,little,4,559
arc-c2a3755edb784406,mus-cbfd18533841eaca,9104,cbfd18533841eacad52c24e839dd5d25999bdcb41da7d37f646cf278eca0e480,True,2009,True,1a005f1b00009e6b824d789ced5d7b94,7.9687,little,4,628
arc-c2a3755edb784406,mus-76ef4d96d05bedff,9118,76ef4d96d05bedff6d98ca529bbc95779b06ce70bbea4811ee0e89bef043775a,True,2009,True,1a006d1b00003a0b4002789ced5d7b94,7.9700,little,4,628
arc-c2a3755edb784406,mus-0c01aaaa7ec30e30,8594,0c01aaaa7ec30e3033181a25de6e40f0d3c7ff315add6b009d26fc4543eb2e74,True,2007,True,1a00ba180000a224aba6789ced5d7b74,7.9602,little,4,571
arc-c2a3755edb784406,mus-d8c3fb79994d0615,48379,d8c3fb79994d0615ab362809d51377a4953deccae9d9b708910d4d3607d3ca4e,True,2003,True,000f00005c0ddf5b6ae7000400c43011,7.5776,none,0,0
arc-c2a3755edb784406,mus-24e8d482ddc433b1,7047,24e8d482ddc433b1dedfca3f346eb6eb47d980c4df915c2285c0cb02f8f6655f,True,2003,True,000f0000156a44af1b9a000400c43011,7.7092,none,0,0
arc-c2a3755edb784406,mus-fb865fb6ac00dfe4,6958,fb865fb6ac00dfe47d76cd359f642fd5171182e7b2afeac762dedabfcd194c74,True,2003,True,000f0000154e325325fb000400c43011,7.6969,none,0,0
arc-c2a3755edb784406,mus-0d9fee5e183ee7f9,6942,0d9fee5e183ee7f9e32e47a7d3edc953f67d99a8d82c03fcdb236cc8bc667a85,True,2003,True,000f0000154e5f770242000400c43011,7.6964,none,0,0
arc-c2a3755edb784406,mus-db63fb8ea470442e,7031,db63fb8ea470442edf0547bce747fc65fc24c9e4d1eb9516a19cf1651f127304,True,2003,True,000f0000152cb62eaa75000400c43011,7.7041,none,0,0
arc-c2a3755edb784406,mus-911401494ae5298d,6939,911401494ae5298d78723cb95ddbaa587651078f67fff31aa2579059b0e375f4,True,2003,True,000f0000154bcae3ede2000400c43011,7.6925,none,0,0
arc-c2a3755edb784406,mus-80154697115b9b08,6926,80154697115b9b086f19a6ac43b9f9c9e9faa5227b0e7b441a24abfbe84c90ac,True,2002,True,000f0000151ef59cea1a000400c43011,7.6987,none,0,0
arc-c2a3755edb784406,mus-a03a5f4f6aacf182,6671,a03a5f4f6aacf182eab067695d55ac2b3d6fef11775337a65e005601a4774cb9,True,2002,True,000f00001425331d2342000400c43011,7.7007,none,0,0
arc-c2a3755edb784406,mus-d35597c0a02d04ce,8357,d35597c0a02d04ce1ad21469ffb489ab66ff4fe2668b90d868b230923f104177,True,2008,True,1a000d180000b27fc476789ced5d7b94,7.9647,little,4,543
arc-c2a3755edb784406,mus-66f5aeb0315a8381,6927,66f5aeb0315a838191fefdb7d3dc51161669c2b6362c090e7f383847035b26ef,True,2003,True,000f0000152fcdead9ac000400c43011,7.6987,none,0,0
arc-c2a3755edb784406,mus-c7e0faa94df7fc67,3294,c7e0faa94df7fc6782953b9a51304b2b46ae50d7f37154dd619c2682ab34fac2,True,2004,True,000f000009b0e7b21967000400c43061,7.5739,none,0,0
arc-c2a3755edb784406,mus-e09f13d06ff0f25e,62326,e09f13d06ff0f25edd527d1f2d83a0cda3b524068bc0d7142625c8447df97db3,True,2004b,True,000f0000afe2dd400706000400c03011,7.6393,none,0,0
arc-c2a3755edb784406,mus-8fc93fa852c6c878,36852,8fc93fa852c6c8788398a94e71e8af2a970a7ba827fab11a7d44fe7cb2e8d4c6,True,2007,True,1a0004550000e6834b4a789ced7d0980,7.9552,little,4,3968
arc-c2a3755edb784406,mus-42d5121d1ed3a26d,46679,42d5121d1ed3a26d5d471efc7971264f5fcbe984ccd63798eef38a84439a8fda,True,2012,True,1a00236e0000c5fb3637789cec7d0760,7.9589,little,4,1965
arc-c2a3755edb784406,mus-487b1e9ef8523107,46815,487b1e9ef852310709a614bcc6f54d2b134ba4972b936ec3b6670e66e1fe66ff,True,2012,True,1a007d6e0000bf5160f9789cec7d0960,7.9584,little,4,1966
arc-c2a3755edb784406,mus-d955d380e0816070,53976,d955d380e08160703583c18f6d0466bf41a15f5e64bae1eeb81b69df22bc13dd,True,2007,True,001a00007c115b083f16789cec5d0b9c,7.9451,big,4,0
arc-c2a3755edb784406,mus-5a6641ad7416ea92,51573,5a6641ad7416ea9231a7133f6c68ceaea86a508b5711b8bc1e647093769719d7,True,2007,True,1a0089740000accb21ce789cec9d077c,7.8969,little,4,1032
arc-c2a3755edb784406,mus-a8051c254bd6f164,7953,a8051c254bd6f16479d7143dff62b0da7b7a252df57edb41dd33360bba4e3399,True,2007,True,1a003d16000041d79f01789ced5d7b70,7.9580,little,4,641
arc-c2a3755edb784406,mus-07e9922dfd8de9db,8005,07e9922dfd8de9db7a05d84c3090818a519f0ba2463dc0fea4d2b8e349816fc8,True,2003,True,000f0000188b74af1277000400c43011,7.7030,none,0,0
arc-c2a3755edb784406,mus-e26dcc1c3ed199a5,31885,e26dcc1c3ed199a5fca73e247985bb57f94147a080496359a1a5ba64d97069c7,True,2012,True,1a002240000085d26595789ced7d0980,7.9551,little,4,3469
arc-c2a3755edb784406,mus-c24bfbc168830692,69329,c24bfbc168830692bb66cfce9cde1461da6535035cf27c305393ef3f08abe859,True,2003,True,000f0000760450631162000400c03011,7.6801,none,0,0
arc-c2a3755edb784406,mus-da9e72c0a8ce7f8c,35105,da9e72c0a8ce7f8c958d436fb1683d92fc03ec70c0db963d91c4c09af1053840,True,2009,True,1a00db3d00006fb9bbde789ced7d097c,7.9599,little,4,4260
arc-c2a3755edb784406,mus-a369ff13b7923d44,68873,a369ff13b7923d44fdaeac50d4740c2896776aa31df1c8d8bd1d97f978c2e008,True,2001,True,000f0000743e87b7ea4c000400c03011,7.6511,none,0,0
arc-c2a3755edb784406,mus-a369ff13b7923d44,68873,a369ff13b7923d44fdaeac50d4740c2896776aa31df1c8d8bd1d97f978c2e008,True,2001,True,000f0000743e87b7ea4c000400c03011,7.6511,none,0,0
arc-c2a3755edb784406,mus-792a576857ee9821,31870,792a576857ee98219bf35166aa0ebe38ab04fa6741c3950f0bf7658cbc486a14,True,2012,True,1a00f93f0000e5df4198789ced7d0b60,7.9562,little,4,3468
arc-c2a3755edb784406,mus-b538555731e7e648,68820,b538555731e7e6484823b7db135cafbfa1e58b663810056173134f4367aecb07,True,2001,True,000f000074092e9555a6000400c03011,7.6526,none,0,0
arc-c2a3755edb784406,mus-386ac60522cf2c79,57933,386ac60522cf2c796517532d2c453c8e1fe6398bf0f890916e4dda459230f4a8,True,2004b,True,000f0000ab884ce4b552000400c43011,7.6359,none,0,0
arc-c2a3755edb784406,mus-9d3e84ae9fef4203,69395,9d3e84ae9fef42039229c45d0594f4b16f5779a87490f5ad0ea1dd21ce3d02aa,True,2003,True,000f00007646a9cd65aa000400c03011,7.6759,none,0,0
arc-c2a3755edb784406,mus-b7bd99a606120406,7798,b7bd99a6061204065e4bed38dd8e95814c3d989a756d8186614790fe387547c1,True,2004,True,000f00001866aa847a6a000400c43011,7.6847,none,0,0
arc-c2a3755edb784406,mus-2cebc1f4ff3f76e7,45164,2cebc1f4ff3f76e7f5df39e7c4d6ec39d6404797055cbaf3c117e97e82e46792,True,2007,True,1a00964b00007e7302f6789ced7d097c,7.9713,little,4,4980
arc-c2a3755edb784406,mus-21b30fb5dfc9bca2,44768,21b30fb5dfc9bca28dae7644d81d6f7167ffb9b8e6e5a8b4d41ed50b3f2bbb02,True,2007,True,1a008d4b00005bf8d099789ced7d097c,7.9709,little,4,4966
arc-c2a3755edb784406,mus-fe92f682d4c805a5,13849,fe92f682d4c805a5243c2b8ac68f0b3e585c62ba9430cf9c6878de7942e8b4b8,True,2006,True,000f00001fd93696a55f0004fef98311,7.6970,none,0,0
arc-c2a3755edb784406,mus-855fb28eb29080f7,11715,855fb28eb29080f76ef80c8811cf57afd26a5a0ba66166f3fefa2ea7fa0ea01a,True,2008,True,1a00f01d0000df1c141f789ced9d0f74,7.9160,little,4,909
arc-c2a3755edb784406,mus-4c2fe14dd692de72,7498,4c2fe14dd692de72bff46b34a27b25676d4101abe9632b3089e99ee2c23b95a5,True,2004b,True,000f00001724eb2367fd000400c43011,7.6923,none,0,0
arc-c2a3755edb784406,mus-2efe626e25523012,47654,2efe626e25523012ecd74b8d3bfd674181caca35eedfb55aae5084d0ec008c3a,True,2008,True,1a009458000024f2ef23789cedbd0980,7.9650,little,4,5515
arc-c2a3755edb784406,mus-8e48e87a9f0bc356,41082,8e48e87a9f0bc35610d9d180d8d52299953836637dfc1994c4599d0352614769,True,2012,True,1a00d861000010f38e2e789ced5d0980,7.9741,little,4,3969
arc-c2a3755edb784406,mus-8971876eba2eb983,12225,8971876eba2eb9838999660af20c114775092ae408205a96ad8e7d3bec62dfd3,True,2007,True,001a00001d90ee6a1c40789ced5d0b74,7.9375,big,4,745
arc-c2a3755edb784406,mus-3328146a837dac17,7534,3328146a837dac1776bec308bfe5a41f70ba439165b6de52216afc9f4eaf8be9,True,2007,True,001a000017162a2419aa789ced5d7b74,7.9640,big,4,490
arc-c2a3755edb784406,mus-3e534597a67ed9c1,182081,3e534597a67ed9c1ac4f72984daee6ad801b31302c653572ac009afe4b85d2c1,True,2004,True,000f00012bfd105ae1e6000400c03011,7.5397,none,0,0
arc-c2a3755edb784406,mus-40fa91aa964cd9a1,89182,40fa91aa964cd9a191b2c834f8d6114e1291f093dd47419b44f0ed559b17203d,True,2004,True,000f00009b1cd808f444000400c03011,7.5899,none,0,0
arc-c2a3755edb784406,mus-c431943270ed2d15,20093,c431943270ed2d1511fba82beeee42f8b04fac82ed322ad56dc357b1b7a0ae4e,True,2000,True,0001000045b600312661000100000000,3.3212,none,0,0
arc-c2a3755edb784406,mus-f780d2453d79d0e1,6977,f780d2453d79d0e19dbc94c8c9cc92c29587d3c4a8478466d2e265c716fc0af0,True,2003,True,000f0000159acda891c4000400c43011,7.6823,none,0,0
arc-c2a3755edb784406,mus-f1080c13aad8092f,19381,f1080c13aad8092f20fb93ab9a0c12caa7d3787a57d75ab29d6099303ce1d188,True,97,True,0001000042f600312661000100000000,3.3184,none,0,0
arc-c2a3755edb784406,mus-794e09f86dbd0e76,25009,794e09f86dbd0e76717f2dd4343eca9edd517fbbc4d26d0ab99c292fac920a75,True,2000,True,0001000048d600312661000100000000,3.4141,none,0,0
arc-c2a3755edb784406,mus-d70a22ab0e8a3e9d,61827,d70a22ab0e8a3e9d8a0257a258c970f2f3fbfa53ba3f1a5eb89263b46f2281d7,True,2004,True,000f000058a8bb9f36c7000400c03011,7.6702,none,0,0
arc-c2a3755edb784406,mus-71c74ed45f158193,6952,71c74ed45f1581930787fba2122ad5d5162572cf532b5e2bc58c2cd36bf98a49,True,2003,True,000f000015db369b3ed3000400c43011,7.6925,none,0,0
arc-c2a3755edb784406,mus-9df241cd6c44e231,39315,9df241cd6c44e231d8e311e9c7eccac97e5ba281094cc00955c83ad76145bb5f,True,2012,True,1a00915d000094a118e7789ced5d0960,7.9694,little,4,3806
arc-c2a3755edb784406,mus-bc53454a08847b3a,40296,bc53454a08847b3a306cac1b869cecaa72b394f6c64f6d403442b9ea7f2b1d44,True,2012,True,1a007c5f0000da6261df789ced7d0960,7.9737,little,4,3886
arc-c2a3755edb784406,mus-66761b4c242d72c3,6546,66761b4c242d72c3e4bd594fbe2e894a002b9d2915d7654fc92e6c08ba7667b3,True,2009,True,1a007014000055dde0ee789ced5c7d6c,7.9548,little,4,506
arc-c2a3755edb784406,mus-98a4e9f18c4db36c,6616,98a4e9f18c4db36c98f0e2e6b9add8043402c00b6c74c09fad137d708e951409,True,2009,True,1a00c014000078b36a43789ced5c7d6c,7.9590,little,4,515
arc-c2a3755edb784406,mus-aa553913b2156c53,21307,aa553913b2156c535fd9482f986f08ca402902f8ca5c278e9a61c513cc076ab4,True,2000,True,00010000495600312661000100000000,3.3523,none,0,0
arc-c2a3755edb784406,mus-21e22f4f76ea6c8d,20959,21e22f4f76ea6c8d61506c799fa883a45a29631ead619787229dcc7ba28414af,True,2000,True,0001000047b600312661000100000000,3.3250,none,0,0
arc-c2a3755edb784406,mus-f33e7f20f7dd0d2a,23895,f33e7f20f7dd0d2a77887b26a32b519722dde3312cd16279bf27d83b8e56ca49,True,2000,True,0001000047a600312661000100000000,3.3281,none,0,0
arc-c2a3755edb784406,mus-d4bb822075c16678,8015,d4bb822075c1667810f0d999a6e7e7486503869d1c10f6644db56a12a3848c97,True,2004b,True,000f00001753d2c57ed4000400c43011,7.7181,none,0,0
arc-c2a3755edb784406,mus-b549f44a5904134f,64180,b549f44a5904134fdad7f276547530144b2217ab81409068aa3aac856dfb54ad,True,2005,True,0f00f85a000024a391bd000460000863,7.7081,none,0,0
arc-c2a3755edb784406,mus-5b95aaf5c41195e4,19733,5b95aaf5c41195e4433fffb36c6cb0687beac242113477e076a31c43c88783aa,True,97,True,00010000441600312661000100000000,3.3077,none,0,0
arc-c2a3755edb784406,mus-bfbfdabc42ac2d94,19909,bfbfdabc42ac2d94bc746ef1d1a993a970052c96250b6292cb2a2ea3e930bb9e,True,2000,True,0001000045b600312661000100000000,3.3204,none,0,0
arc-c2a3755edb784406,mus-7e7a2e84756b7380,6104,7e7a2e84756b73804d8da951b15bc4b8239fcb17ce5d43c00e8e20b22268c2dd,True,2002,True,000f000013826d31787a000400c43011,7.6389,none,0,0
arc-c2a3755edb784406,mus-17369c1d72ad3e05,94135,17369c1d72ad3e0529195bdb59d0670fb9f11f12b5b9481aa677aacdfcf56175,True,2000,True,000100008a7600312661000100000000,3.6332,none,0,0
arc-c2a3755edb784406,mus-17369c1d72ad3e05,94135,17369c1d72ad3e0529195bdb59d0670fb9f11f12b5b9481aa677aacdfcf56175,True,2000,True,000100008a7600312661000100000000,3.6332,none,0,0
arc-c2a3755edb784406,mus-a7d59b9a3199944e,7988,a7d59b9a3199944ed0385fad3a33859af0f377aa40742945462d15366ec1bdc7,True,2005,True,000f0000175b67aef744000400c43011,7.7186,none,0,0
arc-c2a3755edb784406,mus-645ac9da0acaf4d7,18879,645ac9da0acaf4d7416d40fa0443496ccfbcbb9e8d1b5c4ea73a7f22919ca070,True,97,True,00010000422600312661000100000000,3.3072,none,0,0
arc-c2a3755edb784406,mus-f3e9ef8950e4d49e,18793,f3e9ef8950e4d49e487f37e6c2ac755a6396289793c6deecd69eca1b3448bfb0,True,97,True,00010000422600312661000100000000,3.3061,none,0,0
arc-c2a3755edb784406,mus-3837e439ea81eb51,71816,3837e439ea81eb51d54b4091b7a33b9af0334296717e955d1005289d6d6ba274,True,2012,True,1a007b63000043724830789ced5d0960,7.9694,little,4,3925
arc-c2a3755edb784406,mus-d1a90cc453593325,7025,d1a90cc453593325e893e82f18fe1a026ba956011a7255925fca2a3157cd0a34,True,2003,True,000f0000162491454310000400c43011,7.6826,none,0,0
arc-c2a3755edb784406,mus-2e442c6f7144284d,6970,2e442c6f7144284d0427216a14579fd2e88b8650debd4358e5dedfed17dbef97,True,2003,True,000f000015a4d380eb03000400c43011,7.6852,none,0,0
arc-c2a3755edb784406,mus-07bb32110967763b,19225,07bb32110967763b6628d9ba21dda9a0aaadc288912bef338f066cda48c1c2d3,True,97,True,0001000043b600312661000100000000,3.3168,none,0,0
arc-c2a3755edb784406,mus-7a941673c7f1fc38,6903,7a941673c7f1fc38654e743e6b591dd8bdbc0919987229c1eaea1e83c9b9befe,True,2003,True,000f000015aad45768ec000400c43011,7.6877,none,0,0
arc-c2a3755edb784406,mus-33a317c1d05c20e5,5169,33a317c1d05c20e5a327d1c823b1de2832b25f922db6df0790c188f35fd04e0f,True,2006,True,000f00000c4d920b5a7a0004fef98311,7.5807,none,0,0
arc-c2a3755edb784406,mus-72553498b152f984,19997,72553498b152f9841b9fdb69c99a15b01c68cf2ef244865c1d3b074162d57a90,True,2000,True,00010000455600312661000100000000,3.3119,none,0,0
arc-c2a3755edb784406,mus-12d5ee0cfbe3b5de,39619,12d5ee0cfbe3b5de55e116bdaf9d4ec59e3060cefb2b10866d3f92ded68e36c5,True,2012,True,1a004b5e00004fc2d1e5789ced7d0960,7.9671,little,4,3861
arc-c2a3755edb784406,mus-bae7740587c1f769,6883,bae7740587c1f7692529dc262767ff5e6381edede280136838b220e1d9494314,True,2003,True,000f0000152c8146388f000400c43011,7.6975,none,0,0
arc-c2a3755edb784406,mus-9ae245d230bc9ff4,6811,9ae245d230bc9ff42a06c35524fed13c7868962b3aeea3eb2d595622cb74dd1f,True,2003,True,000f0000150851643cc0000400c43011,7.6985,none,0,0
arc-c2a3755edb784406,mus-3a8b724cf3adba80,20149,3a8b724cf3adba8008f41a3e6be0e57cce63100d3cc13a73bf24bcbdec5ac376,True,2000,True,00010000453600312661000100000000,3.3151,none,0,0
arc-c2a3755edb784406,mus-ddd62e03c5ee4505,218455,ddd62e03c5ee450551c268fac5d301b78f3532f6db7ae385e4cd2fef472f5be3,True,2007,True,1a00370b01005854ce99789cec9d777c,7.9430,little,4,0
arc-c2a3755edb784406,mus-20bb13847ef0d640,44199,20bb13847ef0d6409abe75de00a6c10febef56cf6166e440d97b0100fb0ec3d4,True,2012,True,1a00f268000027cea19d789ced5d0960,7.9573,little,4,4445
arc-c2a3755edb784406,mus-df5ee10cc8473040,39140,df5ee10cc847304087a884ada61e869c97b9a6bd07cb00db61ce6951f24b761b,True,2012,True,1a00d95c0000a34a6755789ced7d0760,7.9697,little,4,3799
arc-c2a3755edb784406,mus-b49abdad295dffbc,4156,b49abdad295dffbc77e4ba45c86bec76be95c1322b1012498dd3b689cb464597,True,2003,True,000f00000d95b7d90081000400c43061,7.5109,none,0,0
arc-c2a3755edb784406,mus-b4c6e4247ffcca82,7299,b4c6e4247ffcca827da225a7d24c8136475bb106f56df65cb391a2c413d57d26,True,2003,True,000f000015f41bd2eed1000400c43011,7.7086,none,0,0
arc-c2a3755edb784406,mus-179dfb5d2e481125,6794,179dfb5d2e481125a4dc46ce924edbd31a6e2c2364c5fa660e0a92b00a5d9fce,True,2002,True,000f0000151e8d228260000400c43011,7.6810,none,0,0
arc-c2a3755edb784406,mus-9961c014cb8fd999,39066,9961c014cb8fd9994b9b8c8ee40c9b6b53d2cf474cc77054451fc3dedde1f5d9,True,2012,True,1a00a45c00001b33f73a789ced7d0760,7.9710,little,4,3793
arc-c2a3755edb784406,mus-9264aff2412bef2f,39701,9264aff2412bef2f093e6348abf7098999ae79ec4f2510028af65d26e3104ea9,True,2012,True,1a00425e00008bf5e9d1789ced7d0760,7.9675,little,4,3828
arc-c2a3755edb784406,mus-4f609ff3244e9450,7435,4f609ff3244e94500f5874ae7927c989630dfcc1832f4842e22a4015f75a3b11,True,2002,True,000f000017b1f89d488f000400c43011,7.6586,none,0,0
arc-c2a3755edb784406,mus-d996aa765ef6bf13,3113,d996aa765ef6bf137fe2f23cd59f94c863b625bb24cf698c0d0ca1385ca33979,True,2006,True,000f0000090c751f72f50004fef98311,7.5872,none,0,0
arc-c2a3755edb784406,mus-689251eaceba73c7,50605,689251eaceba73c7c2ec878c47f49306a4163f5071a974a0e30672192e97d12c,True,2012,True,1a004d7000003e26bc41789cec5d0960,7.9496,little,4,2051
arc-c2a3755edb784406,mus-0f7ed5bd148a9ad4,3086,0f7ed5bd148a9ad43720dff8f761b4d5c74f1198a493fcb9828a2ae5f70eff65,True,2006,True,000f000008f62630c0520004fef98311,7.5832,none,0,0
arc-c2a3755edb784406,mus-cc7be9d90365a08c,40000,cc7be9d90365a08ce8ed30c1a65c8948fe58aaf5dc888dd66dc12c27836c6504,True,2012,True,1a00905e000017c675ac789ced7d0960,7.9675,little,4,3855
arc-c2a3755edb784406,mus-87a14c2ba9fbbbbc,173861,87a14c2ba9fbbbbca348bcc6c5cea36f30e834de7575b040126448877ed8ce1c,True,2006,True,000f00014ea77e753fab0004fef98311,7.6582,none,0,0
arc-c2a3755edb784406,mus-4ee520004faafb33,21601,4ee520004faafb33d1446a2b322386f7f7493aaa748b8b1b400266adb49125b2,True,2000,True,0001000049a600312661000100000000,3.3409,none,0,0
arc-c2a3755edb784406,mus-fbd112fad7effc4c,54760,fbd112fad7effc4c4e1f69d931bb810ffbc30bdd4b0a144d9fa4a325521de184,True,2004b,True,0f00309100003c606a78000462000863,7.6551,none,0,0
arc-c2a3755edb784406,mus-990f5f9c9e38e168,54793,990f5f9c9e38e1682e5b2325957e2c12d1f7508d62fe41bac891af25b1b487f6,True,2004b,True,0f00309100003c606a78000462000863,7.6551,none,0,0
arc-c2a3755edb784406,mus-68448786262eb644,54974,68448786262eb6449a5544be5a54a45540ccc26c29884dc10d68f6f881e4126b,True,2005,True,0f008e910000abd320dd000462000863,7.6518,none,0,0
arc-c2a3755edb784406,mus-a6f99ac6b21bb9ef,55204,a6f99ac6b21bb9ef6e5d00fcbca1e8afc393f73d75d03799cd88dcbe5ca69c78,True,2005,True,000f0000c826318ddf2f000400c03011,7.5927,none,0,0
arc-c2a3755edb784406,mus-14816048bc29d651,7024,14816048bc29d65193bec1f1ae1550177b5636a4689453a4f7605d1c9fe4cfbb,True,2003,True,000f000015b20c2a36d2000400c43011,7.7031,none,0,0
arc-c2a3755edb784406,mus-bf8a2d7e1feccad7,7552,bf8a2d7e1feccad7356ac1f14a1a65b122d19edc7251eaa6c990e9813fc08442,True,2003,True,000f00001675cbd5145f000400c43011,7.7091,none,0,0
arc-c2a3755edb784406,mus-02cf5aedce61bd4e,21809,02cf5aedce61bd4ebfd2bbd573ff430153daded4eed1d047931d7be062c25f0d,True,2000,True,00010000479600312661000100000000,3.3648,none,0,0
arc-c2a3755edb784406,mus-15ec9b233136225f,21051,15ec9b233136225f12ae2bc122211338dc5fd3cff24ade15a105663c33b54900,True,2000,True,00010000469600312661000100000000,3.3495,none,0,0
arc-c2a3755edb784406,mus-f879c5edd8c4e7e7,20067,f879c5edd8c4e7e705b4b6f7d43d19f262cc94329ad362cfc62c019f557bcf13,True,2000,True,0001000045f600312661000100000000,3.3199,none,0,0
arc-c2a3755edb784406,mus-b31070a56377b624,22005,b31070a56377b62496efaf630797dff1acb8e6850a15b8cfdeeb63b79de1fedd,True,2000,True,0001000047f600312661000100000000,3.3616,none,0,0
arc-c2a3755edb784406,mus-85205b4af9c9eee8,21561,85205b4af9c9eee8b3fcc8466dd00eb42fcfeba7ec45d5a5e5e3d0c29d971acd,True,2000,True,0001000047b600312661000100000000,3.3605,none,0,0
arc-c2a3755edb784406,mus-3501a8bdefb28717,21975,3501a8bdefb287178c54c467f49cc9bb34bc5313187af8e1de2eaa1bdc461499,True,2000,True,00010000467600312661000100000000,3.3393,none,0,0
arc-c2a3755edb784406,mus-7f09920de16277b1,20329,7f09920de16277b108eedcb7db9608c1e9d06df6261c7ad630200ee262448f37,True,2000,True,00010000458600312661000100000000,3.3204,none,0,0
arc-c2a3755edb784406,mus-4c2ffbaf1f32229c,57589,4c2ffbaf1f32229ce4117993dd288afb51648a8720813a6cbff59d4a1a9535ad,True,2002,True,000f000044f11b3623b1000400c03011,7.6471,none,0,0
arc-c2a3755edb784406,mus-e61f7e1b10423f66,21941,e61f7e1b10423f66b7ea959cc68e3ac476dc3109e208347bdc0d8c4515194718,True,2000,True,00010000464600312661000100000000,3.3105,none,0,0
arc-c2a3755edb784406,mus-b2d9dcf1ec2d48cb,21893,b2d9dcf1ec2d48cbd74513888a3da1d688c35aabebb4c9ed854ea224d6d3bcea,True,2000,True,0001000047c600312661000100000000,3.3757,none,0,0
arc-c2a3755edb784406,mus-8df43d75fab0c654,21137,8df43d75fab0c65479f90de5de01deb4c02944200e1900b64e8a1251790fe863,True,2000,True,00010000458600312661000100000000,3.3097,none,0,0
arc-c2a3755edb784406,mus-a2b773298e64f7c0,6793,a2b773298e64f7c0807c4c0429bb477279b96ba74ca6531f324ef5e3b684d94e,True,2002,True,000f0000143bb3006434000400c43011,7.7064,none,0,0
arc-c2a3755edb784406,mus-d17af0a403b0a7eb,50261,d17af0a403b0a7eb60e33acf8b713a1da148209828871510ff56776a07b9db8d,True,2004b,True,000f0000b7d483ab1d98000400c03011,7.5889,none,0,0
arc-c2a3755edb784406,mus-91a68b7f67e10791,21931,91a68b7f67e107915cca982128b80dc08df5495c5f31bdc5f86f6fdc659bfd35,True,2000,True,00010000489600312661000100000000,3.3821,none,0,0
arc-c2a3755edb784406,mus-06b43fd49f77c1c6,7261,06b43fd49f77c1c6202cec1b62d41cea5f89ad86fded1b4b5acc33b904903399,True,2003,True,000f00001612829ad5f6000400c43011,7.7012,none,0,0
arc-c2a3755edb784406,mus-5529691254be299b,7120,5529691254be299b9fb7279e5ca549811b1be216a7a69173a1cc4cff6f27f957,True,2003,True,000f000015a2e30ac75a000400c43011,7.7077,none,0,0
arc-c2a3755edb784406,mus-138dd65b1eba2ce4,67567,138dd65b1eba2ce4db9981affdfafd2fadf396b5dc549217f9f5d85f99a02e5a,True,2003,True,000f0000576152f0058a000400c03011,7.6674,none,0,0
arc-c2a3755edb784406,mus-2fc904f04995a9cd,4169,2fc904f04995a9cd10d2218ad9694ac12aba7a10f707c76da1f496d4d1e5d564,True,2006,True,000f0000096e2b1fbba10004fef98311,7.5330,none,0,0
arc-c2a3755edb784406,mus-76f77e0eed85f646,11190,76f77e0eed85f6462d38f096663d9d4581c71b6d0d8fd52bcc44fbdc4f6fe25c,True,2003,True,000f000018c09bca7a6b000400c43011,7.7850,none,0,0
arc-c2a3755edb784406,mus-8eb13cc6ed55aabd,7481,8eb13cc6ed55aabdff4ae84d61ffeb3b8ceda73a545100a438994c04eec65877,True,2003,True,000f0000167ed6976ae6000400c43011,7.7118,none,0,0
arc-c2a3755edb784406,mus-2830345e776c26ec,7129,2830345e776c26ecc8723c25811217323a330801bf381228a4f40808148f3bc6,True,2002,True,000f00001549703ab025000400c43011,7.7228,none,0,0
arc-c2a3755edb784406,mus-23d53e1722e95ca1,7916,23d53e1722e95ca1e37fce361e1712178a11a62aaec3528a6084ce8f7da7c39d,True,2003,True,000f000016168130a282000400c43011,7.7539,none,0,0
arc-c2a3755edb784406,mus-349d6da9f63ce02b,7098,349d6da9f63ce02bf86762b7c66e6ef7067cfa3e2bc80df22c4ea871c73aa52d,True,2003,True,000f000015939216aee6000400c43011,7.7161,none,0,0
arc-c2a3755edb784406,mus-1c6ebc82db7ec32b,6859,1c6ebc82db7ec32b17c8cbd1ce5ffd4a9dea8c8f72313ae745b854622d60bfc9,True,2003,True,000f0000150a8c6aa12a000400c43011,7.7015,none,0,0
arc-c2a3755edb784406,mus-b9aa3f379134f423,6808,b9aa3f379134f423d3f5a249c17b098a421d9735a9c3fbc885c377208003765a,True,2003,True,000f00001509ae1bcc2d000400c43011,7.6943,none,0,0
arc-c2a3755edb784406,mus-0a6fc83ce178bb33,39123,0a6fc83ce178bb3389c237a4d61b6c984690ba8e467a111663371e7bab3b4b89,True,2012,True,1a00ba5c00000c655e82789ced7d0760,7.9710,little,4,3796
arc-c2a3755edb784406,mus-01c845fbcdfc27a4,22620,01c845fbcdfc27a4f61033f66dbd16bf3a72a2bde6ff4cc4dda46733389ebf03,True,97,True,646a206173646b6173646a6c6b6a2061,3.7335,none,0,0
arc-c2a3755edb784406,mus-35b764881cf54f67,18677,35b764881cf54f67e2e4dfcd3d1f7071a330fd03e0f7a5afb6314a6b4857eb29,True,97,True,0001000042a600312661000100000000,3.3191,none,0,0
arc-c2a3755edb784406,mus-914a0b7fe576d29f,3156,914a0b7fe576d29fd2d18c4c0f16a10a8dbe2aafea8b0ed3493872ae0a8fccda,True,2006,True,000f00000968053bda3b0004fef98311,7.5815,none,0,0
arc-c2a3755edb784406,mus-598235678a9ff161,20291,598235678a9ff161642cf4c7e5a4e25f9a6f658e75f99d300d5a0d4c241fb214,True,2000,True,0001000048c600312661000100000000,3.3010,none,0,0
arc-c2a3755edb784406,mus-b8ea2439d152f4a8,93345,b8ea2439d152f4a8d1dff4a91c6fae6a06b308c29157c9daf545701b3b31c362,True,2002,True,0f00171101001d55a2ad000462000863,7.5960,none,0,0
arc-c2a3755edb784406,mus-ecd2fe88676ee47a,47263,ecd2fe88676ee47aa4d76789152ee779066b9e57f958735923b42d7ce4a61d53,True,97,True,00010000897600312661000100000000,3.2368,none,0,0
arc-c2a3755edb784406,mus-37162e43a5cb8074,5027,37162e43a5cb80742c7e88bc04cb7ad2d44c9b309bfab18e48036b468d7a24cb,True,2006,True,000f0000090407c38a7a0004fef98311,7.2593,none,0,0
arc-c2a3755edb784406,mus-302c33d4dffb58dc,59531,302c33d4dffb58dca4858f0e0043dd9537a51d303761dfbc3b9f541cc2756072,True,2003,True,000f0000530e2966bf49000400c03011,7.6683,none,0,0
arc-c2a3755edb784406,mus-8194100ac23173ad,5251,8194100ac23173add081f1e054054803ddc31165b00301f075d90d32f2807f8d,True,2006,True,000f000009e4ac15c89e0004fef98311,7.2969,none,0,0
arc-c2a3755edb784406,mus-cf0e36e5f32091eb,47359,cf0e36e5f32091eba84523477006e4fdb9078241ad720b9b5eeefa6edfb99bc2,True,2000,True,00010000870600312661000100000000,3.3840,none,0,0
arc-c2a3755edb784406,mus-80f406e825f1e188,23997,80f406e825f1e1889163061d541ed6ce3661e330c1e9ad32b25d7de05b75346d,True,2000,True,0001000054d600312661000100000000,3.1407,none,0,0
arc-c2a3755edb784406,mus-c9980ba9b8150520,26130,c9980ba9b8150520c5e6a1cf534e8ecfd60fc347709de0b9cb3ca86dce842ef4,True,2008,True,001a00003c6e0584ba15789ced9d0760,7.9361,big,4,2024
arc-c2a3755edb784406,mus-c0c21145b3fc61fa,7419,c0c21145b3fc61fa0f185988e6bb4968b739f0dcceb697be5f545d0cbf6600df,True,2005,True,000f0000167fc09cc2a9000400c43011,7.6961,none,0,0
arc-c2a3755edb784406,mus-7591273e1e295e7c,18817,7591273e1e295e7ca54ff276ddce39d903194c14395e0df69223c6d9d9e06c98,True,97,True,0001000042b600312661000100000000,3.3199,none,0,0
arc-c2a3755edb784406,mus-baf04c0390a2fd12,112660,baf04c0390a2fd1277f60fc0a571e20138da26948cf83ae88c593b6258c21b60,True,2000,True,0100764101005a006126010000000000,3.7051,none,0,0
arc-c2a3755edb784406,mus-fcebc87c1e8bca55,84424,fcebc87c1e8bca55da57918dda2955f3a9fb7c4bbf6c01c0d8076f5d212bbe70,True,2006,True,000f00009a493c3e54300004fef98311,7.7240,none,0,0
arc-c2a3755edb784406,mus-c4540bb157662939,19293,c4540bb15766293907308afbb1ded979461eb59419626b37e15a98afbc7fbffa,True,97,True,00010000431600312661000100000000,3.3190,none,0,0
arc-c2a3755edb784406,mus-4c13a94a52080dcd,20837,4c13a94a52080dcdce733a0720cb3930b0c6c47f7e538956f55b9e91880a7f32,True,97,True,00010000461600312661000100000000,3.3417,none,0,0
arc-c2a3755edb784406,mus-a7f6b30593dc7bbc,22626,a7f6b30593dc7bbc97a6dfb0e48fcacf2aa60415d151f1dbcd11af2f1a315000,True,2004b,True,0f00c9420000d5f44241000462000863,7.6508,none,0,0
arc-c2a3755edb784406,mus-a7f6b30593dc7bbc,22626,a7f6b30593dc7bbc97a6dfb0e48fcacf2aa60415d151f1dbcd11af2f1a315000,True,2004b,True,0f00c9420000d5f44241000462000863,7.6508,none,0,0
arc-c2a3755edb784406,mus-47a19375e0a05fba,54663,47a19375e0a05fba3d9c4fea5166e97028ce5adebbd188f50a3917f8418b086e,True,2002,True,000f0000478a0c6f33e1000400c03011,7.6961,none,0,0
arc-c2a3755edb784406,mus-f6a86ccf82feaad1,64185,f6a86ccf82feaad1bb35eb3dbcb353100fa70949f7d6af062a13c6656562fb78,True,2005,True,0f00f85a000024a391bd000460000863,7.7081,none,0,0
arc-c2a3755edb784406,mus-d89e8fe12e271440,3351,d89e8fe12e27144018c683da2792aff10cbedb6afb0f9a8063d53df0c87f1d9c,True,2005,True,000f000009e2078a19d4000400c43061,7.6045,none,0,0
arc-c2a3755edb784406,mus-de90627d1c31566b,3451,de90627d1c31566b89423703950b0c0acc77b83163445000e50b382cb45f0ecc,True,2005,True,000f00000a1a3c9b3e88000400c43061,7.5999,none,0,0
arc-c2a3755edb784406,mus-6f92285413755b41,3604,6f92285413755b417304122802451d7b57a65c182db681e867e47194e9e7d389,True,2005,True,000f00000a5766f80ace000400c43061,7.6196,none,0,0
arc-c2a3755edb784406,mus-5396a1b805b5ddee,62389,5396a1b805b5ddee2f779e940968d6abd5a3e8062622f4b07610d3a6e9b514fa,True,2004b,True,0f00ee590000e287c57c000460000863,7.7160,none,0,0
arc-c2a3755edb784406,mus-7d0196f16214836a,6956,7d0196f16214836a28567420db20e78462568246238bfb9a6b5f40932d5e8c2e,True,2003,True,000f0000152cb62eaa75000400c43011,7.6996,none,0,0
arc-12192faa5260dad3,mus-80675e9678523214,1870,80675e967852321496f21704677ef140f9e889e86ea69fafa4e49cd5732b694c,True,3.5,False,000d0000054e4f430001800000000000,2.8795,none,0,0
arc-12192faa5260dad3,mus-dc172cda21a6b290,47404,dc172cda21a6b290d984c3a78610d31d3ca8b067d42eff6dcbb9562031e98251,True,3.5,False,000100005af6fffe3031000000000004,3.3408,none,0,0
arc-12192faa5260dad3,mus-a00d10da93194075,65130,a00d10da93194075e104b86c9188082ee812ef2cad1a9a2eb2012f5a7082de3b,True,3.5,False,0001000067a6fffe3031000000000004,3.3966,none,0,0
arc-12192faa5260dad3,mus-629d9d5e50b0352c,50688,629d9d5e50b0352c64f24c185d0cb45df3e656ef82bee309aa7dd2b047b4ca5c,True,3.5,False,0001000060d6fffe3031000000000004,3.3850,none,0,0
arc-12192faa5260dad3,mus-b246520466194810,20488,b24652046619481064c223340bb4d09f03cf52cf4aa4afa0326e110863f2872a,True,3.5,False,000100004bc6fffe3031000000000004,3.5161,none,0,0
arc-d549e93641ee4aad,mus-33d03e05b3720b22,11966,33d03e05b3720b223cc10466b5dc6fd0ee6bc0a676955d10474a61ca144cc81f,False,2.6,False,00000014000002000000444100300000,3.8727,none,0,0
arc-12192faa5260dad3,mus-7e52db7272aa3564,23065,7e52db7272aa3564aa99b449a3c0ff6205446270f231309c63298a11f5527a92,True,3.7,False,000100004756fffe3031000000000000,3.2894,none,0,0
arc-5fd3471b81e579bc,mus-33d03e05b3720b22,11966,33d03e05b3720b223cc10466b5dc6fd0ee6bc0a676955d10474a61ca144cc81f,False,2.6,False,00000014000002000000444100300000,3.8727,none,0,0
arc-321e87efca81b68f,mus-1c3488e3e32e3f35,75432,1c3488e3e32e3f35c276e4555e24652c9778f237dba9f42894cb3a974a574fe2,True,3.5,False,0001000094d6fffe3031000000000004,3.5995,none,0,0
arc-321e87efca81b68f,mus-cf8c2e540edbf1e6,119463,cf8c2e540edbf1e6af37b3d66f52b127c21264d49543f98c48b7f1026fd25263,True,3.5,False,00010000c626fffe3031000000000004,3.6544,none,0,0
arc-321e87efca81b68f,mus-c221aadd9f98fac4,141078,c221aadd9f98fac45682849d8139dc75b1f95eca123dd4936e8b3c22792c0d46,True,3.5,False,00010000a746fffe3031000000000004,3.4260,none,0,0
arc-321e87efca81b68f,mus-f165bb9ee5196494,17199,f165bb9ee51964948d1eb9f7bd25f23aba8a9f006c5ca66aff81e2ca3a5ae2a3,True,3.5,False,000100003e96fffe3031000000000004,3.3601,none,0,0
arc-321e87efca81b68f,mus-fa003529c9810f6f,189151,fa003529c9810f6f6964629763f8090253088c9ab32b7da18865dac9cbbd0161,True,3.5,False,00010000ca36fffe3031000000000004,3.7258,none,0,0
arc-d25226b35f5575ae,mus-3d09b13da22c0f78,91804,3d09b13da22c0f781c32e32200d89bd2f3455cc915e40c2f12423b20c5c182b1,True,3.0,False,000100009596fffe3031000000000004,4.2202,none,0,0
arc-d25226b35f5575ae,mus-ee852bd48dba1dfd,187520,ee852bd48dba1dfd8beb6a9bf9bbaf836aa2c4690bd20608b236ded97fb13f43,True,3.0,False,000100010f66fffe3031000000000004,4.0500,none,0,0
arc-d25226b35f5575ae,mus-b08e5850d39be5f7,91024,b08e5850d39be5f7c50052d6d8d7ac135c270b2c869ea71f2a2e474dcc7275e5,True,3.0,False,000100008786fffe3031000000000004,3.9022,none,0,0
arc-d25226b35f5575ae,mus-8db5f15157ec4701,107278,8db5f15157ec47010945ef5fffed4e151e53085c7dc9110f93450260b7d8cb20,True,3.2,False,00010000f016fffe3031000000000004,3.7724,none,0,0
arc-d25226b35f5575ae,mus-e0b83e3206279632,18520,e0b83e3206279632fc7d46d4999310cd0e01c067ef1c5720b80b35f07af01a99,True,3.0,False,000100004446fffe3031000000000004,3.8852,none,0,0
arc-d25226b35f5575ae,mus-d5289e231e42d9d1,53262,d5289e231e42d9d17d297a3c11775fab29e6c9bb9dd3d9a613e3818796ed8a3e,True,3.0,False,000100007a56fffe3031000000000004,4.0115,none,0,0
arc-d25226b35f5575ae,mus-3f98253cc4f9ce78,221562,3f98253cc4f9ce782b008314a772513d352c613de3f54eb560bb1a8f71baff88,True,3.0,False,000100017b96fffe3031000000000004,4.1074,none,0,0
arc-169defc76061673e,mus-71d24fbce68a3ae8,110171,71d24fbce68a3ae8fc673e325fe0e92ac57fa16b9d8b1e059115ce10ffad86d8,True,97,False,00010000be6600312661000100000000,3.8829,none,0,0
arc-169defc76061673e,mus-39f92399904693d8,207226,39f92399904693d895e833990922a328c48993d377d2d9f93ccf434c27329955,True,97,False,0001000143d600312661000100000000,3.6278,none,0,0
arc-169defc76061673e,mus-d996e24666dd5663,107752,d996e24666dd56635bbc7a2c6a43c2941810472317009ad81ebc5a75eb14bc82,True,97,False,00010000aa3600312661000100000000,3.5778,none,0,0
arc-169defc76061673e,mus-0655a3822f9156eb,122620,0655a3822f9156ebf17b622dcc6c647994e2530bd053ea2ddec0a1f1722038b3,True,97,False,00010001133600312661000100000000,3.5948,none,0,0
arc-169defc76061673e,mus-717fac33518dc46a,65768,717fac33518dc46aedbf17924f3dc5b0149f91ca280235d490cc8bd8717b520b,True,97,False,00010000999600312661000100000000,3.6347,none,0,0
arc-169defc76061673e,mus-65d676bfe865c0fe,248349,65d676bfe865c0fec5f160a3df575efb773c8b692a89b4372149c0533404538c,True,97,False,00010001c39600312661000100000000,3.7531,none,0,0
arc-94df02b9be36b55e,mus-95b01cc8aafc5a92,85405,95b01cc8aafc5a92084a4473bf3cef0d7fd28d72e08cbcd18a94db4be4e75989,True,3.7,False,00010000a196fffe3031000000000000,3.5680,none,0,0
arc-94df02b9be36b55e,mus-adc381eecbb6edf6,130799,adc381eecbb6edf675c51ee89fd9fdecc8973364e0a76aa621fa6edcbe211497,True,3.7,False,00010000dae6fffe3031000000000000,3.7093,none,0,0
arc-94df02b9be36b55e,mus-365ddb0503f6e106,144265,365ddb0503f6e106a02c8eb3b6294b8b0f44361cb8d7c7ef2729882e3debb617,True,3.7,False,00010000ac36fffe3031000000000000,3.4380,none,0,0
arc-94df02b9be36b55e,mus-d3ef4f611cfc6d2c,197454,d3ef4f611cfc6d2cf18b15d93d9cf87da7bd749c3a56c3f656c7d22f16651a5e,True,3.7,False,00010000ce86fffe3031000000000000,3.7338,none,0,0
arc-38db7fab5faa6eac,mus-8fdf95da9f94f78c,855505,8fdf95da9f94f78cda68fc9ab593b8bd75318259e0be775f4f82a4c0b5e99dee,True,2000,True,00010003cab600312661000100000000,3.5688,none,0,0
arc-cf8e40a1a516b9d2,mus-da737e279c813ae9,675753,da737e279c813ae9f821d1b5e55899e691dfc5e2665c600f61ea0f7870fe1ace,False,2.6,False,00000223000002000000444100300000,4.3827,none,0,0
arc-cf8e40a1a516b9d2,mus-f6262128b60cf0a2,74800,f6262128b60cf0a2c388340250757756bf5d3da0b6e910e99c9bb7f31db2b065,False,2.6,False,00000033000002000000444100300000,4.3904,none,0,0
arc-cf8e40a1a516b9d2,mus-95966b599ba98957,147060,95966b599ba98957d5e1851a1ef64f8f45c2085e356fdc031e1706bd078b5ecf,False,2.6,False,0000007f000002000000444100300000,4.4121,none,0,0
arc-cf8e40a1a516b9d2,mus-75f45204ac7ce288,22064,75f45204ac7ce288d7b5d1ee02efbcc59a2762be27121f20843f91bd4312105c,False,2.6,False,00000017000002000000444100300000,3.6120,none,0,0
arc-cf8e40a1a516b9d2,mus-f7a760438d27df9d,285857,f7a760438d27df9de51df2d2b92cfa809bee33acce53d62082f8478c8078a09d,False,2.6,False,000000dd000002000000444100300000,4.3623,none,0,0
arc-cf8e40a1a516b9d2,mus-6ce4f64ffee5071c,11312,6ce4f64ffee5071c06a2d14db68bd2c512ab247eba8e5eb9928f413e01f57d21,False,2.6,False,00000013000002000000444100300000,3.8210,none,0,0
arc-97a75ea456f359d1,mus-ba1f05362d54bda4,15920,ba1f05362d54bda46dfac0dc8625abefb66429e144aa0894dea5b7554270bb1c,False,2.0.1,False,00000014000002000000464e50657472,3.5057,none,0,0
arc-97a75ea456f359d1,mus-c4ac9ed969ff5154,10288,c4ac9ed969ff5154aa6a2c8c041ccddc3c55347566ebc822526c89f50c88e6d9,False,2.0.1,False,00000011000002000000464e50657472,3.8448,none,0,0
arc-f29db3440d071d37,mus-80675e9678523214,1870,80675e967852321496f21704677ef140f9e889e86ea69fafa4e49cd5732b694c,True,3.5,False,000d0000054e4f430001800000000000,2.8795,none,0,0
arc-753d703fb7f9ceab,mus-cdbebdc69b8e58ed,699305,cdbebdc69b8e58ed6feb13376db1fb057924ae49b48f7b96ef7e71cb934be83f,False,2.6,False,00000235000002000000444100300000,4.4056,none,0,0
arc-ce3aeadefc07c912,mus-a22c58453c3be5b2,749130,a22c58453c3be5b210225539f0e8df011904e692275d967ebb1b863a8e9d8374,True,3.2,False,000100059a36fffe3031000000000004,3.6182,none,0,0
arc-5edd20ca30240878,mus-a7f712e1a9fa9e92,2884,a7f712e1a9fa9e92e09aa42e54c03b4e598ad428b0b15ea4f928a8ad5f9b831e,True,3.0,False,000d000009443031fffe000000000004,2.9260,none,0,0
arc-1b535890b4b025b4,mus-b1ff5b179b5eae44,13872,b1ff5b179b5eae445deb8893c35685e02ca4a29cbc11dcc391ece269d1147eb9,False,2.6,False,00000013000002000000444100300000,3.6651,none,0,0
arc-1b535890b4b025b4,mus-bd1eda1f8e15535f,57904,bd1eda1f8e15535f761b7969bc0738ab18ad2f2f5a71c57cc7eb181e52719ec5,False,2.6,False,00000029000002000000444100300000,4.4231,none,0,0
arc-f29db3440d071d37,mus-dc172cda21a6b290,47404,dc172cda21a6b290d984c3a78610d31d3ca8b067d42eff6dcbb9562031e98251,True,3.5,False,000100005af6fffe3031000000000004,3.3408,none,0,0
arc-f29db3440d071d37,mus-a00d10da93194075,65130,a00d10da93194075e104b86c9188082ee812ef2cad1a9a2eb2012f5a7082de3b,True,3.5,False,0001000067a6fffe3031000000000004,3.3966,none,0,0
arc-f29db3440d071d37,mus-629d9d5e50b0352c,50688,629d9d5e50b0352c64f24c185d0cb45df3e656ef82bee309aa7dd2b047b4ca5c,True,3.5,False,0001000060d6fffe3031000000000004,3.3850,none,0,0
arc-1b535890b4b025b4,mus-285ea2ea44c372ed,11824,285ea2ea44c372ed516c83c9e564d35cfbd6c4b1dbcf860c9406ab265588c19c,False,2.6,False,00000014000002000000444100300000,3.7839,none,0,0
arc-5edd20ca30240878,mus-d19bc47714d021a6,20680,d19bc47714d021a66544a59092b7e1a0b74f1d4a6ae8ae221293b68707e91235,True,3.0,False,000100004c26fffe3031000000000004,4.0910,none,0,0
arc-f29db3440d071d37,mus-b246520466194810,20488,b24652046619481064c223340bb4d09f03cf52cf4aa4afa0326e110863f2872a,True,3.5,False,000100004bc6fffe3031000000000004,3.5161,none,0,0
arc-f29db3440d071d37,mus-7e52db7272aa3564,23065,7e52db7272aa3564aa99b449a3c0ff6205446270f231309c63298a11f5527a92,True,3.7,False,000100004756fffe3031000000000000,3.2894,none,0,0
arc-968552326474a9e1,mus-20447093593d6659,281644,20447093593d6659ec365e72f2e498578684dff222008859f3da390e9b676232,False,2.6,False,0000009c000002000000464e50657472,4.2207,none,0,0
arc-9e5c867d8504fe71,mus-20e1b564fb5bce1a,389020,20e1b564fb5bce1a013f30e3f4c393feae5c104399123f085f4b309e3d9c8aa7,True,3.7,False,000100026286fffe3031000000000000,3.6095,none,0,0
arc-28836fcf08992c8e,mus-e50945c433f26113,14526,e50945c433f261135d1e5f939591bea3e8ed35242879d82c7ee0c78c19532d3e,False,2.6,False,00000015000002000000444100300000,3.7704,none,0,0
arc-28836fcf08992c8e,mus-debf080d934c1871,20670,debf080d934c187169a4707b732487de961c25108ee63f2c75f84e9ce261a719,False,2.6,False,00000018000002000000444100300000,3.7166,none,0,0
arc-28836fcf08992c8e,mus-9bb2613352590e12,9918,9bb2613352590e1257dcbd3cd60534869605f1c45b98d7faf45384a0aea796fe,False,2.6,False,00000010000002000000444100300000,3.9159,none,0,0
arc-2879ebf8f55c16d9,mus-754916c118008372,59000,754916c118008372baee1cb8e2bdeda9c9decbbb145370a1d2666897416d5938,True,2003,True,000f0000a7f61fd55e39000400c43011,7.6359,none,0,0
arc-2879ebf8f55c16d9,mus-badb0bd7089e4866,57312,badb0bd7089e486660ec68909f5bfb676f330612adfd1b459e34a55efa34cf2d,True,2003,True,000f0000a395f1100770000400c43011,7.6216,none,0,0
arc-2879ebf8f55c16d9,mus-9e706a2d978c123b,65808,9e706a2d978c123b4b8afb74803a74f987945785af37235d93c5ac0caace1b77,True,2003,True,000f0000b2c1419dc8c5000400c43011,7.6439,none,0,0
arc-2879ebf8f55c16d9,mus-9a54ebf77f29de24,64755,9a54ebf77f29de24e9057b795937f52132ad899ab0c2f12301f121168d2e1d51,True,2003,True,000f0000b17d83814313000400c43011,7.6516,none,0,0
arc-2879ebf8f55c16d9,mus-0fbd2f3d4dbccde9,52971,0fbd2f3d4dbccde9f5ea8d725d674921b86e181e8a63c4d5c6df55cb5cf9cac1,True,2003,True,000f00009b92efafd09c000400c43011,7.6324,none,0,0
arc-2879ebf8f55c16d9,mus-e361c5c9168791b0,59636,e361c5c9168791b00f1fd7be6371c0b31eeee1f6465af9fb6a82f22c3bbde27c,True,2003,True,000f0000a4274d886485000400c43011,7.6358,none,0,0
arc-2879ebf8f55c16d9,mus-bbe89f8089f73ead,79471,bbe89f8089f73ead8cf943b232443a116bde513320b4c28c1983d0b5342dec7c,True,2003,True,000f0000c810918b6010000400c43011,7.6697,none,0,0
arc-2879ebf8f55c16d9,mus-7b69eecf9c2ff541,73832,7b69eecf9c2ff54183575c1a6468aec12c48a595c5bffa3dae16843e68780255,True,2003,True,000f0000bb1b85561acc000400c43011,7.6458,none,0,0
arc-2879ebf8f55c16d9,mus-712f99bbfd23a867,69216,712f99bbfd23a8675a821a94ba25c0f367f8333a6764b7e3ae87156852ca8019,True,2003,True,000f0000b622c0e648a5000400c43011,7.6355,none,0,0
arc-2879ebf8f55c16d9,mus-a2dcb46ba2b8b857,64255,a2dcb46ba2b8b8577c7a0a424ada640856cecd9f3dd52085b90fc869da5e0116,True,2003,True,000f0000abb95d0e540d000400c43011,7.6150,none,0,0
arc-2879ebf8f55c16d9,mus-95939bdaab3ac067,67104,95939bdaab3ac067cafc12d5266dd8ba560ecedaace2f2945be61d5a8bfd830a,True,2003,True,000f0000b1bf4427bb3d000400c43011,7.6273,none,0,0
arc-2879ebf8f55c16d9,mus-5a64c9d15f804173,56298,5a64c9d15f80417398a6032fafd8944683ad518b799a3525c129310a06ada1a0,True,2003,True,000f00009fa34114533c000400c43011,7.6217,none,0,0
arc-2879ebf8f55c16d9,mus-2d8166e038e2cd2b,77978,2d8166e038e2cd2be61b152fd7539952cb6015db4e4af661ac198cbdda8738a9,True,2003,True,000f0000c86c5d4094db000400c43011,7.6894,none,0,0
arc-2879ebf8f55c16d9,mus-8b032107c60f61fc,80466,8b032107c60f61fcdd262f87456c95f6e09e5053b515cf0d0a19e10ea9c3d11a,True,2003,True,000f0000cf4a56048ace000400c43011,7.6850,none,0,0
arc-2879ebf8f55c16d9,mus-636c364c07e102eb,77638,636c364c07e102eb83153037262f01bee47e36627e7cdfa9915000318a8a614c,True,2003,True,000f0000c9fdb037211c000400c43011,7.6773,none,0,0
arc-2879ebf8f55c16d9,mus-aafa38e8c4abb408,59454,aafa38e8c4abb40803bee2f513edc4fb6a137d05dd9676774727e08ae9cc2fdc,True,2003,True,000f0000a91077a02e94000400c43011,7.6338,none,0,0
arc-2879ebf8f55c16d9,mus-6008cb5835f79fe0,60025,6008cb5835f79fe0d45517893aeddb41defd274cd43bcddb631d196c0ddfc7f6,True,2003,True,000f0000aa31fd9188b6000400c43011,7.6303,none,0,0
arc-2879ebf8f55c16d9,mus-071fc7cae3d69949,60157,071fc7cae3d699494b6c991ce58d65c17c6a900c76ddd6c46ed5d6cce2042c34,True,2003,True,000f0000a862103338a1000400c43011,7.6278,none,0,0
arc-2879ebf8f55c16d9,mus-4ab8ea8d3a62acbf,58702,4ab8ea8d3a62acbfd24b6e562cb8a8366dd3ef6db659001187d75092f9e10052,True,2003,True,000f0000a7102d358bbf000400c43011,7.6299,none,0,0
arc-2879ebf8f55c16d9,mus-a8846e50dd0221cc,72665,a8846e50dd0221cce233707206094a537d54ee2a2974b2513afa5ff41c7c5410,True,2003,True,000f0000bf1325d9339e000400c43011,7.6482,none,0,0
arc-2879ebf8f55c16d9,mus-fcf7eda6e852b378,67466,fcf7eda6e852b37808436d2c17ee0c8c80c514d6923a95f7030543c314d3962f,True,2003,True,000f0000b44530e1c594000400c43011,7.6464,none,0,0
arc-2879ebf8f55c16d9,mus-a241ef2d8934558a,119425,a241ef2d8934558abd71c86c07b27804b3bc2f888c13187f248a975ffefd766c,True,2003,True,000f0000ec38a6c45cc1000400c43011,7.6682,none,0,0
arc-2879ebf8f55c16d9,mus-e6d8301919cc8898,93209,e6d8301919cc88980aa1d372b6dc33a1b8e9fce4fd4b81b6df03e55b2cfed947,True,2003,True,000f0000d6ed0d28a5ad000400c43011,7.6890,none,0,0
arc-2879ebf8f55c16d9,mus-9c9222675007acdd,71026,9c9222675007acdd1c424bae64c9750146ae78211c2b70a758fb1c3949edf777,True,2003,True,000f0000b8c44511a196000400c43011,7.6542,none,0,0
arc-2879ebf8f55c16d9,mus-5ad421bd285e9936,67676,5ad421bd285e9936f0f055f083a1641f87c9b2d1dbb058def2ceda3d52d52012,True,2003,True,000f0000b30a2a577641000400c43011,7.6420,none,0,0
arc-2879ebf8f55c16d9,mus-1337bd30d53de042,71196,1337bd30d53de0424cd60349b9ac91beec139fed3bd4d374c3bf5c4855148429,True,2003,True,000f0000b5330285d739000400c43011,7.6326,none,0,0
arc-2879ebf8f55c16d9,mus-3627cb709109ba3f,65204,3627cb709109ba3fe9bb57865046e92a6713ff9a3e9bb06294b5700594211b35,True,2003,True,000f0000afefcaea4128000400c43011,7.6498,none,0,0
arc-2879ebf8f55c16d9,mus-78521b70fd9ad477,60436,78521b70fd9ad477be5946c75a945a6b2ad17f3ee20dcccce1c10cc57f2b5a4e,True,2003,True,000f0000a8a9f4650848000400c43011,7.6356,none,0,0
arc-2879ebf8f55c16d9,mus-8e8a2391b3ad8b08,66468,8e8a2391b3ad8b0889e5a38360dfcb58d549b44d58a7fba1b2e20de56d96848f,True,2003,True,000f0000b6a7f2b1b7b5000400c43011,7.6470,none,0,0
arc-2879ebf8f55c16d9,mus-5e58c719e1821515,60800,5e58c719e1821515331017da1c2a61f182598eb4bc123c2f7b20a9c67e068d0e,True,2003,True,000f0000a72f6956161d000400c43011,7.6324,none,0,0
arc-2879ebf8f55c16d9,mus-3d4dc7c6db9c35e0,53376,3d4dc7c6db9c35e0f76a9589846ef20c260c5837b16d98e9558758db879325a8,True,2003,True,000f00009c7e5a5f655f000400c43011,7.6375,none,0,0
arc-2879ebf8f55c16d9,mus-ca19bf55cfe37e4e,56999,ca19bf55cfe37e4e590674c6dc78d85b4b9a6b4b662eb072b8c2f79908237c75,True,2003,True,000f0000a56e9b07d945000400c43011,7.6389,none,0,0
arc-2879ebf8f55c16d9,mus-f58dd3f2fe1a7933,53089,f58dd3f2fe1a79334bdb04407cbf1d9d7bf905c15c1e878a795689af87290132,True,2003,True,000f00009dba15fecfb0000400c43011,7.6206,none,0,0
arc-2879ebf8f55c16d9,mus-af97ffca083f0e6f,54785,af97ffca083f0e6f594f100ada57a953edb8e22a288ce5c37b5731b5b6525af2,True,2003,True,000f0000a07b870f683b000400c43011,7.6299,none,0,0
arc-2879ebf8f55c16d9,mus-a5274f1f8fda1825,60423,a5274f1f8fda18254e908109447d6d0c11ea1be8681f273dabc2cbd02d395259,True,2003,True,000f0000a9bbe437a604000400c43011,7.6393,none,0,0
arc-2879ebf8f55c16d9,mus-b22b131eaab40f9c,60719,b22b131eaab40f9c258f08ae6bb6146fed28c89312cb4833d2558cbb5163e108,True,2003,True,000f0000a8868e2e6758000400c43011,7.6412,none,0,0
arc-2879ebf8f55c16d9,mus-6e92a418b4a950ac,61307,6e92a418b4a950ac73fab9a21790badc2c29e660270a5a9e69113ddfed406653,True,2003,True,000f0000a9aaee236ec2000400c43011,7.6547,none,0,0
arc-2879ebf8f55c16d9,mus-7d763882ba8f89ff,750097,7d763882ba8f89ff24d0be8a8f15fa6064b6016e28df04925898f2ef9c6ecd9e,True,2003,True,000f00039dd197ba5da0000400c43011,7.6757,none,0,0
arc-2879ebf8f55c16d9,mus-d47ed12df7ca6a2a,827541,d47ed12df7ca6a2a73e1c0aed25c2308ea5f8fbac7c61dfc5511dc2e804bef8e,True,2003,True,000f0003952482fea4c4000400c43011,7.6731,none,0,0
arc-2879ebf8f55c16d9,mus-3d0abd97d6eea461,724519,3d0abd97d6eea4615c0782756f4553f8d6742dc64a9cbbad3c45f85b90356264,True,2003,True,000f000346722a482fb8000400c43011,7.6767,none,0,0
arc-2879ebf8f55c16d9,mus-d98b4820f4e8f381,718364,d98b4820f4e8f381e9688cb92c662d29b23bd2858402692b481354b361176d4e,True,2003,True,000f000334b6d402fee8000400c43011,7.6764,none,0,0
arc-f42a40b4ad627358,mus-855fb28eb29080f7,11715,855fb28eb29080f76ef80c8811cf57afd26a5a0ba66166f3fefa2ea7fa0ea01a,True,2008,True,1a00f01d0000df1c141f789ced9d0f74,7.9160,little,4,909
arc-ec211559b1a3f334,mus-1d9a6db6f5ca69ae,10288,1d9a6db6f5ca69aec1a2293c8f4bd5df26fd15116311cba9c640b85ec1726315,False,2.6,False,00000011000002000000444100300000,3.8635,none,0,0
arc-8bb54ce7169fb749,mus-de13d7be9d3b16b1,229814,de13d7be9d3b16b12b8c64d51a6b1bc5c4ce9cd26947a27e18ce53040c641478,False,2.6,False,00000151000002000000444100300000,4.4273,none,0,0
arc-8bb54ce7169fb749,mus-65affcc71e9310cc,224694,65affcc71e9310ccb8d8bd9ea239042340b97faface2158a3528ee67c8451666,False,2.6,False,0000014b000002000000444100300000,4.3937,none,0,0
arc-8bb54ce7169fb749,mus-b52335f471dc15d4,221622,b52335f471dc15d4e2f0dc25cd566de868e982d28ec8b333aec51f53e0002edb,False,2.6,False,0000014b000002000000444100300000,4.4237,none,0,0
arc-8bb54ce7169fb749,mus-439768cea5a98cb0,221110,439768cea5a98cb00cd0e560e448634801e375dd36e59a9bc837d51edbcfae0f,False,2.6,False,00000149000002000000444100300000,4.4301,none,0,0
arc-8bb54ce7169fb749,mus-ea03076b54adbc7f,214454,ea03076b54adbc7fec8c0741461a4e3ff7344367ab46303981a75cc74007a7c2,False,2.6,False,00000142000002000000444100300000,4.4334,none,0,0
arc-8bb54ce7169fb749,mus-2d92327acf0d6860,210870,2d92327acf0d686011a0c7584a815c31882ec847bd3f8288fa20d6af233baa9d,False,2.6,False,00000140000002000000444100300000,4.4400,none,0,0
arc-43aeedca7024fc95,mus-476baa076f8508eb,136549,476baa076f8508eb9c144c9b714a19fb991bc2885f3da25405aa7a74e64ead8c,True,2000,True,00010000d9c600312661000100000000,3.4816,none,0,0
arc-004a7c9dbf44e4e5,mus-442b43baf1bc8ac4,42069,442b43baf1bc8ac4d0d30b238c881d24df14cc2d4cdd9a5ebe62498860e1ed8e,True,2005,True,000f00004b97b511fc65000400c43011,7.6182,none,0,0
arc-ea63d815f06f506e,mus-978b69b9b293c6eb,215478,978b69b9b293c6eb5876fba1d22ba4505e5ebe71bb552be37ab98ec1b2bfa06a,False,2.6,False,0000014b000002000000444100300000,4.5202,none,0,0
arc-ea63d815f06f506e,mus-57c9e27ed5be1b56,211894,57c9e27ed5be1b5645cb68bc1bd0943d8a46e1d311f1d0d5687e97c59573a388,False,2.6,False,0000014a000002000000444100300000,4.5339,none,0,0
arc-ea63d815f06f506e,mus-126ca65626a5b83e,214966,126ca65626a5b83e6c346917ee4f80560cfa859bfbda4ef98501221b7fba1601,False,2.6,False,00000149000002000000444100300000,4.5390,none,0,0
arc-ea63d815f06f506e,mus-56bc29d993d67a87,217526,56bc29d993d67a87a16e813cdbdac815060b1f3306b7012a7d62f80858266f42,False,2.6,False,0000014f000002000000444100300000,4.5205,none,0,0
arc-ea63d815f06f506e,mus-d3c1bb13ab3ef6ca,197558,d3c1bb13ab3ef6cafbceb73216bdc1bc83ef1aad1937edc99ea633d0d0e69c53,False,2.6,False,0000013d000002000000444100300000,4.5360,none,0,0
arc-ea63d815f06f506e,mus-e03c58412947f8f2,230235,e03c58412947f8f21b8115f00a728b6e609b82f599cd5030fab1a6fa478c763a,False,2.6,False,0000014b000002000000444100300000,4.5245,none,0,0
arc-ea63d815f06f506e,mus-0446b465917691cf,189878,0446b465917691cfb208c882bf66608c145cafaf49f3515537821a6b0494a6e9,False,2.6,False,00000120000002000000444100300000,4.5422,none,0,0
arc-ea63d815f06f506e,mus-a26663289d00a031,188854,a26663289d00a031087520b30664b8da64a12247b4024fa7dcf3f300e3fc008e,False,2.6,False,00000134000002000000444100300000,4.5192,none,0,0
arc-ea63d815f06f506e,mus-11d7c29cd642b29d,191414,11d7c29cd642b29db6b9a7d5a2b91f51af939d3a941f5032d595df5b9f784f4b,False,2.6,False,00000137000002000000444100300000,4.5109,none,0,0
arc-cb3ea10d23ddc766,mus-7aa45639c14b3864,74181,7aa45639c14b3864860e9d0a7d74c74623194fbe302637e8f450ba234dc370e9,False,1.8.7,False,0000002e000002000000464e50657472,4.4110,none,0,0
