corpus_id,origin,archive_id,source_size,source_sha256,saving_product,export_match,export_size,export_sha256
mus-2771d32f77fd2bd6,filesystem,,7874,2771d32f77fd2bd6b2835298ca89ad1c9c1992f283548a06a0e9966a2052d8e6,2008,adjacent-exact,24921,b5d17166d5082cb05d9eb467b8d509aec42273bc3bc8348a425c13780b473266
mus-527671f651531470,filesystem,,35393,527671f651531470f3cf7fe20e1ca7ebadcffb1a8d3d891e0f3eb7cc8fa4d08d,2008,adjacent-exact,68568,c20ebadca8947296ecceba00b3ede7665636cf9a910f4672ae2598d96b4d74e0
mus-84761f30804afb36,filesystem,,29186,84761f30804afb36be7fe4e24e47a31d8d9f729c1f392f0b3d46eb3cf6d49a4c,2012,adjacent-exact,57670,2a835b5cff5bc0b56f3addb0ab9659945e358f66768667aa103684e1472c3b03
mus-9b5cfc22e1b406f8,filesystem,,31197,9b5cfc22e1b406f8cf495b61472228b8daea62dfd36beeef11685bd20b5cddd0,2008,adjacent-exact,61324,49dd0cf9de4035024eddd64e4e20ad558bbe2b74eae8e8c78d6f8a9108012245
mus-ae9516117be9d704,filesystem,,35955,ae9516117be9d70475c5a58a425f7da35ecac58c7fbbf454e6fa21219a7f8ce3,2008,adjacent-exact,77258,9c27956cd466a7b577aed8c673c6a721939ce194e9655ddbe880977042553aca
mus-47d876cb46d354c1,filesystem,,17888,47d876cb46d354c12fd6d90e27dec35db9273d208240465d69da293235ee89ee,2008,adjacent-exact,43219,ad2d522ecd4ef4f65938b29349ab4f0e0c3bee178de92660a0181919ec7bc32c
mus-aa6f6f34bf632ae7,filesystem,,91889,aa6f6f34bf632ae73b419d2212b436ef80383adfafc38dc3c52b4c7af27ef08d,2008,adjacent-exact,164475,131a7f04cffe032087a975324bb77ae66893be9ea9d01dd3831173bcf904ef32
mus-c62576d997c53596,filesystem,,22455,c62576d997c53596083fb86c5bf3c927745f2f9b790080b77705c88b230ded08,2008,adjacent-exact,43816,ad58d51176cb48ce51d46d24f66a4248d87db4d558cb2948389a9d93ba0a587e
mus-feff5ea292210455,filesystem,,29554,feff5ea292210455abc35d8ce909c53d9d88c326e41b8fc041e97974d64d0e79,2008,adjacent-exact,57884,f436d5f317112321056f3f95cbb4fc5f477c08abc27a406c01c916f6c92de065
mus-3f1b93460a08dd99,filesystem,,19115,3f1b93460a08dd99bf9331a5ea3c449c0c5aaa9f08e5ff6451ed4535d3f62a27,2008,adjacent-exact,42413,28057c5e1a4f558accc5085e893011933a53b3e28f5513130cd6abcbe554d112
mus-9fbb48b520822cc5,filesystem,,21667,9fbb48b520822cc5e3a8bec1f5942a8a133c76781a2aed1dcc81cb3398c846f8,2008,adjacent-exact,41231,5c8d4172bccd97d16920e6ccb14d69ffb5a661f04acae539a83fe200fb971c3d
mus-a22f93a76fd5cd17,filesystem,,20182,a22f93a76fd5cd178602c328deb67203dc847cb76f2ed07bc7a347932b547aac,2008,adjacent-exact,41290,46248dbe53c202e0528bc04ec4ddc36565510e4c50f03c055396bc96a7db26d0
mus-0943136b60b4b2c6,filesystem,,20657,0943136b60b4b2c6b168b719f56f57e1ff0652a49f745c376fcd4e97ec6c1424,2008,adjacent-exact,44937,61d69519fd92c299b160ccd285143404b650419d5d87dd9e47c0699b0c9bbce3
mus-67597da759399617,filesystem,,14714,67597da759399617c64c608cfcd7e831711d31cc6fe8024ecb1c2366071ac8b9,2008,adjacent-exact,35947,7614ecf745a511e1abf8f20e53f58c6ea3fb437cca9ebbefebbc12c91f6c6aa0
mus-dc78f89047ae3213,filesystem,,91103,dc78f89047ae3213cc817772e171c4e404f576e0a55ce9dd1c971417140a980b,2008,adjacent-exact,163122,f12c3e4b23e50b81077999617237dff709db933af29f4f066edb40e230ca0cbe
mus-3ee93edd4a0bf8f3,filesystem,,81277,3ee93edd4a0bf8f3c81475e964fcf4bee3d7271d1b276ff33abba5cd591bdb09,2008,adjacent-exact,141626,20b1e28f1238d9dc171e157a354b68517561c85d8722fb1c9d8eda4b810ff588
mus-5bb7a7a84303da01,filesystem,,42323,5bb7a7a84303da0138e81279b0f308cb165442c062e404b1a914a8babf6d7fbf,2008,adjacent-exact,81479,b27574b75f11202569a7fa2952233566bed1dd849302acee4a75bc426932e2f3
mus-2771d32f77fd2bd6,filesystem,,7874,2771d32f77fd2bd6b2835298ca89ad1c9c1992f283548a06a0e9966a2052d8e6,2008,adjacent-exact,24921,c0e416c6273e5b256c3a6605c7bdcd9869eafc4ad5eabc9b5c0fd4e7772bb50a
mus-8589af3cf400adf6,filesystem,,78422,8589af3cf400adf6f96ab0fbd2f21428426578546b43685ec826629a6f3ed355,2012,adjacent-exact,138368,63d8479bd1ea89a83b2e9eecb5c0408403b8e199e2d6d081d2722eb9cfa7f658
mus-f2f5f5a19da579f0,filesystem,,89595,f2f5f5a19da579f0830dda70f328dacdd456a7d9bf9644cef7c61a4aa3814a25,2012,adjacent-exact,160586,8cdd6a54af565e6a69112d9ef1ddb5d7c35b662757722d02232191c20262407d
mus-2d2c2a7a5e3d20ac,filesystem,,78127,2d2c2a7a5e3d20ac4d578994bf0b433a32505b47283d96289ddf9fffa270f060,2012,adjacent-exact,137603,069bb47fcec3bb0376a58c9c6c326b1d92344680527d7c244693144cea33bcf5
mus-194f1a2bb435d091,filesystem,,78513,194f1a2bb435d091f9dfb2a4a4dae287255e1c354a95c605feda6a40fc6a763d,2012,adjacent-exact,138520,19f8c82f1dc288c6fd174483d0d4958dff46b1c8e6a08243e988a1be097d8f51
mus-65aa1de01997b781,filesystem,,92119,65aa1de01997b781861189cb889b08444d8f90bbad03e9bec0e7d97979b551a8,2008,adjacent-exact,164914,10509f5502c5d6b42f67d09d26b168ad0dc29874416d8f17a4de0428db4cadfa
mus-f2f5f5a19da579f0,filesystem,,89595,f2f5f5a19da579f0830dda70f328dacdd456a7d9bf9644cef7c61a4aa3814a25,2012,adjacent-exact,160592,1c56f16d196ac450ce8fa4345cebebc4be0cee916b0a893af3e4bc7a34b967db
mus-2d2c2a7a5e3d20ac,filesystem,,78127,2d2c2a7a5e3d20ac4d578994bf0b433a32505b47283d96289ddf9fffa270f060,2012,adjacent-exact,137602,7f72e0fc9437120257592db8ee97780073e2919901c05f67b4c6ea7d63a060c3
mus-5d8b3820abbb676b,filesystem,,172491,5d8b3820abbb676b080e70d50082a53447894d602ad4878fd476d56861ae4889,2007,adjacent-exact,269341,59a97352a4e5cee74f285ffa28e0316bfb11dcdbc80f0fa729af3ba2f3ef54df
mus-baa69cec632f4b4f,filesystem,,191832,baa69cec632f4b4fe0e6f570b437f0d8b76fb2c2866b2ed046014c967a051b7b,2007,adjacent-exact,312442,594bbe23e13a375b642a9e59ea212908d494b0b1d1f411e87426d2fb0d03ae17
mus-42965bd09bb15138,filesystem,,14728,42965bd09bb15138e51f0db8f31db95aff506f0c17dddc667d42191bbb02e65c,2008,adjacent-exact,36368,6807d202f3aa85449d8286aa9d3cd5ddf8f9c1161bfb9d3d5fb2331582afcf30
mus-4963f44a09513dda,filesystem,,7871,4963f44a09513dda3174388f28283abb28b2e5ab56a5d06262e2d1f16eb38703,2008,adjacent-exact,24946,fec395ff2be66a97fc1b545db2a96f4466e65246e0be6acfa409968aea5e4caa
mus-559cbb2d3a3ca516,filesystem,,274128,559cbb2d3a3ca516c0f7c337abec0b867ddd8bd937f93364433d6c1e38459088,2012,adjacent-exact,492235,a0ddfb24b2a8b3ba779755f72a89be8a4f934fe6836d619ddbb1c98496e368bc
mus-4175d4767cfbc6a9,filesystem,,17528,4175d4767cfbc6a9fa8dc69913ed0f49652de7e62f291f8f91f1db5ec1083c07,2008,adjacent-exact,42954,5f1ea12fc0ea383a68d5c3e3120f87bb153ef5bd52815369ae8224d4445bd2f0
mus-d1d9d8f7cc69f0e9,filesystem,,14809,d1d9d8f7cc69f0e940dc7e408766b4af7b83825aedddee9300b3b92fa20461d3,2008,adjacent-exact,38150,e126a45acfad1ff5208b45ca8f146f98e7e63a79be9ea22b9e081bd5fa0fd3a0
mus-564f62c7979b0316,filesystem,,43286,564f62c7979b031642211402a78f5781bd7a2cbc387b276a900f1dd0243c4aea,2003,adjacent-exact,71237,aeb0bff1b7711f908e0fce68143f6e290b768dd8055f02bef5c181b923000a8a
mus-1d68a16b093f974b,filesystem,,68885,1d68a16b093f974b5b374079f8e84d7944b0f5f77d8ee30d56d4c803b1196adc,2006,adjacent-exact,105718,3e6d9afcf3790a08cab4d8b4d65e4936634e8836a9bc3307bc34dd66dfa2da61
mus-b92b0148be8cb36e,filesystem,,78077,b92b0148be8cb36e390d6bb2a41cf1954725db1a50d7a7f1b69fa85fc5bff25a,2006,adjacent-exact,119878,59dfdf3bf70881a2fb3a48a84195bbc4d8d2f7f9310ade958b3cced746fb54b5
mus-20c1184f926148f4,filesystem,,24930,20c1184f926148f4057e71a7f7222ef30ce9c17bf1c609a30b782e7c4e6611b6,2006,adjacent-exact,47183,758bd982bd1d16546cf1c406f26f709e40db806793cb85a22ddcf9b0eaf1516b
mus-59b7c80a0503437f,filesystem,,56168,59b7c80a0503437fa269a327f9a0aca7dd4a52de37b6f4db5582b71c8d14fdd9,2006,adjacent-exact,88908,cd02dc476ab09d4e790f87af673854d856bb8f0ee429c50c1b0fe065dd3bd43b
mus-c76a49cf14cfebe1,filesystem,,36182,c76a49cf14cfebe1b134721135dfa84db4ade4a54d76d3a09cda8821d0859147,2012,adjacent-exact,70113,cf37ab38ff65b061170567e46585a5df4dbb08ca2ead4ee738fc989ca173827c
mus-afed7d333207d3f1,filesystem,,46072,afed7d333207d3f13cc7518f1e13fe63065abbe29fc734aa97523f8aa0f5dabd,2012,adjacent-exact,84920,ba3dde397bcd42b876789693b55a25d5964b8460cd854c25b8fc277bcb0cb877
mus-4c75dfe49da42598,filesystem,,28926,4c75dfe49da425980392b99bcb3260622212cdb33caf6e1543c59c6158689ea4,2012,adjacent-exact,58564,447ef641b9e2797fe982e96178a71c3457df3d78ae9c6cf6ab6926220b53b717
mus-1ffaed4d92fe30cf,filesystem,,29020,1ffaed4d92fe30cf4efc545e78b551789a246ff0e1f0c87f132d15cb642d35f3,2012,adjacent-exact,58791,883f88f2aa8995013098343c66c9a99e2f83f720ec4346f23ff3afc53d9ec4dd
mus-6b4ffa135e18f5fd,filesystem,,72542,6b4ffa135e18f5fdcdcaa16606fe23ace95e942f3b2a77a9af681d12bfa85a81,2006,adjacent-exact,108572,ff05896f52ef141a3083567d7a0d0cdbabda3796d1058f040db9308aaaf16c4f
mus-b81483b56eb91a11,filesystem,,68507,b81483b56eb91a11754c20d8539ec3751da534f838686bdd91a1950d73d88d7c,2006,adjacent-exact,105368,3f2d732ede36e4260a7797a0a4fa6e54c0fbaa669e74c649a49dcd735937f47d
mus-789f50824285005a,filesystem,,78071,789f50824285005ac52fafe0fb24227e544cc3bd6a0761f1e135452f3bbc8619,2006,adjacent-exact,119872,d997561133e4593eebefd62e81446c4e1cb2f75e154a71910f80715c33c7bd5e
mus-2614af955af3913a,filesystem,,24922,2614af955af3913a165e7dce4d5b5d3e0c87e508e57a96c55e7ceeebf916d24a,2006,adjacent-exact,47169,b89e6da576d5dfa0ac8efdbee5eccce1d734c069cbe3537c45fe33667021af23
mus-8cbcae0002974ce8,filesystem,,56130,8cbcae0002974ce840868d498b219b70f44c247a974b870936c75906095c9c00,2006,adjacent-exact,88871,a4a371b9639d3cfc268555a65385d3ccdc7676e545180a7831f971a1f70115de
mus-8565d1cad82178ae,filesystem,,39721,8565d1cad82178aef05f020c48ec10617221e259796aa855c019251d5c8baee3,2007,adjacent-exact,73241,8a2237fe1b504b9faba87eaea6b70810c2a3354349a405951675f69e0fef6ef6
mus-1ac52420bbdbaef0,filesystem,,55665,1ac52420bbdbaef0ef67733ffb7cbdc834c248d6a1dbf3a534c75dbcaa66ab5a,2006,adjacent-exact,86052,fe9e4839d3814ef5fb9aaa073e424e3d3986e75c85e9984571ef85f52b9f8bc2
mus-f88ef1643fc67b1d,filesystem,,32656,f88ef1643fc67b1db856c5111ba2f23865b96ecb7651ecf6e81eb16e75eeaeac,2006,adjacent-exact,60127,97f60220996eeeed2f5aa0aa7b08004a610554332a7f0138feb5585b30eec61d
mus-ca7e1aed45bb0941,filesystem,,28875,ca7e1aed45bb0941b409bd51a7150844a2b5f459d48f92bc7086e77778a91474,2012,adjacent-exact,58379,bd4a6384978492fae9309862b1646ead20878520359e1c3ade9423102f842997
mus-a16b6d7023b06b31,filesystem,,72570,a16b6d7023b06b31185b2a2b656c2e0896b02ac7d16448fd2e5ac1f3bb378315,2006,adjacent-exact,108649,1509bcdf8ffc8eda76a495b9477792235177bc05ae879596d546ada003bae81d
mus-fce2c66dcf5e75fb,filesystem,,112167,fce2c66dcf5e75fb1ced7ce757908a63b994104cb3e99e4098abfdc0b306af57,2012,adjacent-exact,205358,0fb2f0bae16c481ac638b77cb5883a3f3653e4e3adbae8eff2a1c62aa307de8e
mus-66f52a75d6d09386,filesystem,,52271,66f52a75d6d093861e5daf1bfc88d444807639e3ab6f61d57536fb6777bc7857,2012,adjacent-exact,104961,71d4b54988a04949fa70f290ebd1274799ff19e9c445fc6cf1bcf73e31448883
mus-46c4619dfdc99ae6,filesystem,,66072,46c4619dfdc99ae698d48ad48493182ac5891c450e6ceb7e9404d930142725d7,2001,adjacent-exact,82263,47e1a1876700b0faadd408712ff2e5418494e450133dee88c7fd656e41b17930
mus-ba8abe7a30da3a29,filesystem,,123041,ba8abe7a30da3a29ef58769a8679c3b1d7e8e89c8bd6373dc90e17a6e2eb103e,2012,adjacent-exact,224407,2cc9489269b251e6e8abd58b112b4bac56f0333bb0b53a537ce45ea9491202f2
mus-8bf6ebf33547a00c,filesystem,,30551,8bf6ebf33547a00c2d8ab7b7700a300199b89949403579d8902ff9f0c7346d43,2007,adjacent-exact,61277,baedcafdffa5dc732b44f2059794577e83a60099b34aeb8a21800222e5c8e2bf
mus-c2cf68bd12bf7532,filesystem,,42274,c2cf68bd12bf753216488ca9434ef378832922cc73b330a3990875763986dc80,2007,adjacent-exact,78310,f1e0db5191e8ee0e05de6b7bca4ed8773e72460b7992c59617acb87151fdf889
mus-9535b4f36c6b8cdb,filesystem,,42366,9535b4f36c6b8cdbbd83dbc7c2cdc92e3528162656ac9f748229a62e4e414239,2007,adjacent-exact,78417,074d650aee38e1f4c32a586a91105acb1df523ee27b86c00134adc38a62167ab
mus-74701aa46a67aefa,filesystem,,16072,74701aa46a67aefa81a879a1686def38940aa556ca30bf5a559ff4ce4fb58a66,2007,adjacent-exact,40123,b143650e6752d70e84a10ffec6ad7080fd3f398733a9f767721288a8c2f45e7c
mus-2e76bebedc2abfca,filesystem,,17092,2e76bebedc2abfca3b9f052187c5d33157e034f5bd68b097392422bbbcfe0a55,2007,adjacent-exact,42560,8ab639bb794053e53a11ecdff20baf3b774a2929d168f33e6e47530109613686
mus-b4b28616512570ab,filesystem,,14187,b4b28616512570ab64d5d876e71d22ad71dc81976f7f55308cce1750bc3cce6e,2007,adjacent-exact,35338,ff666ea29020e7ff82848e23c90fbc671e57b177e817e2d0530aeb828f66a691
mus-8df337c5f58f9446,filesystem,,12406,8df337c5f58f9446ea844e8eaa6884cec334fbf7fbc6a64cfa6822502459f848,2007,adjacent-exact,32969,7002c3912f915d4935842e532ce7e5f915f4c2bc93e1848cd94d49e5ede434e3
mus-328209f319955e2e,filesystem,,7691,328209f319955e2e443aa3be9973ccea8c4fdbc4ea147a4fa498ee501b8f9d08,2007,adjacent-exact,24964,f64841b96b3ed90290e9854c8e55634410ff7d2188c5fc3e47bf429aec5d6880
mus-128dcc6587f4bbea,filesystem,,18374,128dcc6587f4bbeafb73e30679846159b0fd4e4602b2832e771910908f014f12,2007,adjacent-exact,42641,1ce882490c120f7ac910f9951bc953e607efdc85184f4ced3dddebabb13f6c57
mus-25c7f4e09d96af49,filesystem,,22203,25c7f4e09d96af49e842c92fc05f19031cbecf0c352fdf88be2b0a1bf6dc55b4,2007,adjacent-exact,48807,9543b86eed16590c8bf1569f3b58984ede293cbc8ea05786b0370c3c1fd1e2c5
mus-d185bc39e1b5d977,filesystem,,21336,d185bc39e1b5d977317560f774565f61bc15cef7e3e87004146cdef2f470c8d8,2007,adjacent-exact,44629,f059e92765eca792961adfd92b7366e45c7fbfcdbe96ba4ee7a9e991e496c2eb
mus-581ddcbe4df32cba,filesystem,,41182,581ddcbe4df32cba0807ad6462c75df13e320b61d1459f71717d7e52f47b63ce,2007,adjacent-exact,78519,bffdf5fa463578691d27acf22c2ffae3423a232610c3150a362825e8f259199a
mus-d5d50f02601bc3cb,filesystem,,23306,d5d50f02601bc3cb29c8469bb47ecb1bf16b48a9ed756bb8f5017c0fe0659fc5,2007,adjacent-exact,51923,38a355b06196901a40b903a7f30feafee25ee601e6bfa34e339dc9b84a08da02
mus-c470f302eb60bd90,filesystem,,53632,c470f302eb60bd90efd664b65ed55c605b7245c6607f90603d0c7888e2d236f8,2007,adjacent-exact,102920,d03a64f5d84a4b792ed94cbd7c197e3b7674aeb660902596f17c99af1fda4ee0
mus-bf49ac00bf98d299,filesystem,,240371,bf49ac00bf98d29964fc5f499f0f9ae3355aa2ec02e6645462e0442781d17212,2008,adjacent-exact,403288,73cf931e1fec297bad9c10b228b5d2235a0e469a2b9a65c3b54584a9f7f75145
mus-f8d3e3d077a114c3,filesystem,,229937,f8d3e3d077a114c3f528c37ad000c32536c646c8a9345aea92f87c97bad0d6d0,2008,adjacent-exact,390313,026a5446669aae6739c2fa3ba8a15aa7a76a074fecb1f005ef1672eda05bc1d3
mus-b9f728bf717f8405,filesystem,,152059,b9f728bf717f8405ba25586239084725fb674357640ac0b749177c6bf3847084,2008,adjacent-exact,259658,96644c4a31d9656e6cfe83d59ec4cdbe9d037606c97295cc7c1a3792c876fb07
mus-7f5d59fee468d1d4,filesystem,,86617,7f5d59fee468d1d492f79b5cf897d1529b5e81e62ad3d67fecb8c43a359a58a5,2008,adjacent-exact,157124,ffe5af7290fc1ae384454ee52fa8af017a65ead9e3355c822b38189ae82e4647
mus-bb9390c7c21b44e9,filesystem,,19335,bb9390c7c21b44e9533db0135bd04c468b06c4462850beaecc4ac1b7fa92aa8d,2008,adjacent-exact,45048,004d1b624ea0cc9aac2a7a95d37f5156980eb135877e0ca369af44cdb7710c31
mus-1134392648c2d4da,filesystem,,14815,1134392648c2d4dac4b5ccb4a987de1696c9ab89d998458afa1f7c61e292dba6,2008,adjacent-exact,38250,9d6830fbb15b2b6887a10238efc71e9c84d4e8ed5c617248844ded3c4badcad5
mus-057d4915a0fd9d61,filesystem,,241793,057d4915a0fd9d619ed88db35973c29d08b07ccbb9d9884c07c1960f749fbdf7,2008,adjacent-exact,403829,8477d1b2f708b813e5dcc1f38e08f26341dd502bb9050b71cc5144f081da2caf
mus-98fcad8bbbcc022f,filesystem,,230929,98fcad8bbbcc022ff0b820778f1aa599f38463bd6ede7129f615a44ae83a08e8,2008,adjacent-exact,391626,1bb3ec3abcb4242c1d45e14d4e4fa24f5c55be3f29005dea54dcab32504ab827
mus-edb65aa5ece1e002,filesystem,,67113,edb65aa5ece1e00222e577342ee7dd2d70e6a2c28a701e2b4c0bcdda749b6ae3,2008,adjacent-exact,122457,0d1933b7bb29354429589fc0f164cf45089c02e74ef525841a990bf8fae1cd75
mus-eba811ab532ec942,filesystem,,2369751,eba811ab532ec9429a4d0848e2af5c0c2534d7c69e95ef1da8638e038937b960,97,adjacent-exact,713204,26fcbc7db1020e65799be0f70702dc96ec29e031351a5a6361ee7a69c9a8765d
mus-9660729bce43661c,filesystem,,111134,9660729bce43661ced45041984255dd6767089224cbf104ab2f20fa1553c3f6b,2006,adjacent-exact,136555,26ca9bf0d3fb075a509cfe77a499c6ad1d2283adcd2f9eb9df8f8145a50b0bac
mus-34d82dfbfc09baa6,filesystem,,116098,34d82dfbfc09baa606cc915c91192d3dcceae5e6fdadc1b7966c447e74610e60,2006,adjacent-exact,144529,68ca5fe436abb044bef51e26f645c3ee9dc6c9c7609a879973d5c90c1f34c403
mus-5391f2d2909b15f3,filesystem,,115599,5391f2d2909b15f36184405a181e31ceff1730b73096320ca581e2ef33b72681,2006,adjacent-exact,144004,c46a8150c9b71bf72a2adcb1fb664bf428ff06d459d834b1a462115beae092a9
mus-02849d5c8016549f,filesystem,,121039,02849d5c8016549f0fa31e9c1487f6cd7c9342003ad62d18873518d7c4d1966b,2006,adjacent-exact,150671,8cf192145640a687a9958475b4863b5e2dfd01b474b5e38e389dcda3025a1dd4
mus-58cf1e51511acf83,filesystem,,118641,58cf1e51511acf83aabe56425535bf2c0c6e77c11c964e99434abfb044e036be,2006,adjacent-exact,147809,fde5687c2de7e31159cecd50a6e244d087b112c202c1c5d1c6f0690d6af8c739
mus-0c5cf644541a866c,filesystem,,116548,0c5cf644541a866c5486f670cb695dd51f24f85250f0a2d84ff4ba22d456dbe3,2006,adjacent-exact,144817,4cfdd635efba4f6676b3a67a09329b9c766b66e23b2075e596a6e6ce96324c2f
mus-c2e6d22eb3e2222e,filesystem,,115174,c2e6d22eb3e2222e741943a1b2d90125b6d59ccde21549d3476cc25bf4169743,2006,adjacent-exact,142855,77f52892e902acd838e376270145b1ea4a4c1e38363fc643e3233fca37a7c4fe
mus-22c301c400a44c8a,filesystem,,191712,22c301c400a44c8a3b1b87422284561db3663119b3dac697c09a600e19f4a802,2006,adjacent-exact,233252,ebff7671cd45d37e01242856dd1d1bedf0b8f072422b5aa44c89b8c97b5e690c
mus-da849bc1f96ff44d,filesystem,,176725,da849bc1f96ff44d677bb92af4a69007729831c6df331ebe8e7209533ebe5df1,2006,adjacent-exact,208816,55495d14788d8caf07bc7b58c4feb08cb50e2e323449746a05dd390fc6fa390c
mus-51b0ca4b8426b694,filesystem,,112251,51b0ca4b8426b694fac46226d39f6f6e4b84793b4a24bcfa487ab900b82ebac2,2006,adjacent-exact,137162,6ae4df6dc6cf4dc29428a6715fc68f966bb469056506cedca2368938d62fa311
mus-b895b7ea4f4d8736,filesystem,,108134,b895b7ea4f4d8736e063195efb1597a69a3a1df29afd65b13e0c1845d894c5c2,2006,adjacent-exact,132028,542d476c40caacb2c580b7f39bc1ed46ea24415856f7a5d47b966b9ede6e255c
mus-ae135676ff5457b0,filesystem,,110207,ae135676ff5457b0c1174d4ef0c5678034e20af44f9843d0e81938dfb333d020,2006,adjacent-exact,135834,e92fe41e7149f9216c5e68295d6e4d239707f1f9ed790253b0d0a7564b5eab40
mus-2b36211e83dd2459,filesystem,,109939,2b36211e83dd2459d664a9762e4375262d898f80727eeeae37c0a877ba511499,2006,adjacent-exact,135433,03292a8c40cac8dbfee2c123103885b9e4e91ba1c5816172a520d40775360341
mus-dcb04b1b7a205247,filesystem,,107586,dcb04b1b7a205247c1275f757212ce648482788d90d9e2226f0fb8a167e0f933,2006,adjacent-exact,132656,ac960b45f6f1243cd09cc485652e7106cdc6ba4493d4d941bd9689255b1228c7
mus-448865536924e50b,filesystem,,116740,448865536924e50b7a2dca01d70937c8e84ae77382b72f054361e0ccc3d1314d,2006,adjacent-exact,146420,d0e96ea88d7b9716ad708f3a2e56a4ee46c6dc67995e870b8348647c99bfe943
mus-64aebdca97362db1,filesystem,,114688,64aebdca97362db1b91dd97c79233c499c7b83793504cbdf2d83846ddd19edab,2006,adjacent-exact,143523,d4e414dd3a3aad0d196670dfb5337e35e594198920de416077cb76efe693f309
mus-547e37edb19181b8,filesystem,,110370,547e37edb19181b8f31f91a8807b566d76b0b2071550b0e28f99b3586984ca1f,2006,adjacent-exact,136433,a750a63a23cf2999d9bb4e39a71775dea66ef4d12d08006e64de9fa5e7e6a45e
mus-513ed46b17b9cd21,filesystem,,125168,513ed46b17b9cd2176fb0c6864a650b159bb20b54a2d255688e3c24df2b718b4,2006,adjacent-exact,156308,4c4c4cbe87859c0835737ddf2009c4cbc0f50acd22f2c06141f7e975e0d5c26c
mus-896ca89f240979d6,filesystem,,123184,896ca89f240979d6189d01c5e810df0a90ffdb1c1b4b878850c1ee7cf8ddb8f6,2006,adjacent-exact,154319,af736281a4ac61047625253e647319fb138b00df78ff1c72f7bbc26e7670de2f
mus-0b48d24b269994cd,filesystem,,138908,0b48d24b269994cd7f9b7098cf056587b177690a341bde16483248f9533f8f78,2006,adjacent-exact,175930,5e8b41478dba18bc6c7eeaa3be0721b08ea7c92075bf1e38da894cfe7a78e0ec
mus-97c25410d2c8c910,filesystem,,133565,97c25410d2c8c910e1e634c87694293eb1d409b1083c53414fd082d3d295c753,2006,adjacent-exact,169075,d291d1447f0abc8b3a35f1ea7e369afcc197d168c8e5cee1ba57a970bc8a48e5
mus-168dfc9198e83614,filesystem,,130172,168dfc9198e8361420f4d867fd62d150719e6de903eb6cca20f88bd2a01c85d7,2006,adjacent-exact,162961,98a2e375dd0f6bce78ed5fabced880aeb36266bd31c213938742594ab0fa47d0
mus-ca16d18eb3de89a1,filesystem,,126686,ca16d18eb3de89a12c748c8818b31d63e4fd851ced3c9a375fed61fb8a93bf93,2006,adjacent-exact,156532,c56eda9f2a67317e0c11045f4f46b8ae83564f45ab7fe1a1ff900612103d9e20
mus-437e38d51a857d3c,filesystem,,138778,437e38d51a857d3cc875114e896260de052aad0c23e7fd22ebca0b85da466036,2006,adjacent-exact,170405,8de4edf99badca1d813d6436c422e340d19a1ceebbce9d0813230cfe932b4c87
mus-784c93708490145c,filesystem,,126805,784c93708490145cf0bb00e088546af46154cdc44335a25cd94df34087e1251f,2006,adjacent-exact,154707,f6a332c163ee0aeea013b3e212c16a78f64239924f3e7d22e8d7291b58dc1b08
mus-905d63612223af13,filesystem,,127980,905d63612223af132f56ef051162477d9a2af8da635688d3c041365d111d57c9,2006,adjacent-exact,155475,817481c189134ffd8c02175fbe25d9e3172a20a56d62aea46ad2f264f21769b0
mus-a189e45bd3584de5,filesystem,,226640,a189e45bd3584de5557e9ce5cd6fded7783ee178cb390db517c66719434393d1,2006,adjacent-exact,168930,45c5be34cdb821da7560686c338623996cc7f094f3202a75e70aeb9bf29d6ffc
mus-23fad3a375953ffb,filesystem,,144516,23fad3a375953ffb4be4709dd89bef55d4e237989b2e48d932639a3deacbb5f8,2006,adjacent-exact,179022,af801991107ed3349412dd066b30bfdabe73f543e4c0eed5cb5adbdfa26c0640
mus-69cd2aad59d4f7dd,filesystem,,141992,69cd2aad59d4f7dd4e3419b42859562ee753d741941c57d96f24a4398a1135e0,2006,adjacent-exact,177299,895c0b37539738d16336a92dae064282a1047b660e601b2c976a61ba259fff46
mus-8cfd865e176cc584,filesystem,,135787,8cfd865e176cc5844875d021ec8ca8654dd2041902b5396324da5ee70a1e973f,2006,adjacent-exact,171746,242d54a965115e9ecd7f9baf3414448676276d5c0998a7707eb7ebf8578ff851
mus-69e974a1f5ee7bc1,filesystem,,130909,69e974a1f5ee7bc180261b9a4ead62d7eb3fea39935d69f7ccfa9556f8f9a4ed,2006,adjacent-exact,165590,d66d95752eeec08e9f87b0b5fb141f08a0e56865f3e701dd001046b2f822f5eb
mus-62367bb21f6e95e1,filesystem,,135467,62367bb21f6e95e16fe44938d5c0559c600c5fe30221f5d3fee81436cb1074f4,2006,adjacent-exact,169011,744a88662d61f47a069f0ed6b4506a93e795506f7b9fd23fede3bfdb52a02045
mus-9378774c6b47ca4e,filesystem,,127856,9378774c6b47ca4eecc83f4d5bd16ba0d37f673cfae9f1824d6b96af08f43933,2006,adjacent-exact,161792,3ad4b1e659278048d213b6c0dd63a97837d809ba439c52156f86d5cfe23dc32c
mus-c0d504d79f77a344,filesystem,,122484,c0d504d79f77a344045f0d2fad4eb8bdb0a9da984254246421d126f0ab8e27f5,2006,adjacent-exact,154614,b421b53dea7076ae4ab6d9dbff47cd2a9e808a0b847475201156c20ab65269e6
mus-5ee6f661d2af859e,filesystem,,123040,5ee6f661d2af859ea28cabada0a28410d6f86bc6d3a018482f930a430f818eae,2006,adjacent-exact,153934,9d94b0b916193fdf15597bdad56f1e73b2418044f7a7cd293e8d5dacc2439956
mus-0654627b420ffcb5,filesystem,,121847,0654627b420ffcb515068094d2db5f1de7d496e6eeb9c1dfc4fc5bef11d93ed1,2006,adjacent-exact,153365,16a99dc2ce1139c206ce7062fcce551168f4806ad4e137558508249d3d238ea6
mus-b969cf7e22459fd6,filesystem,,1417831,b969cf7e22459fd644e1436bfeb897d3a16685fe2bf52baf6578bce9a6503165,2000,adjacent-exact,416000,65939e7321b9a5b588e900fb2283034b1469e5f151268e5365e7710ac8f87a11
mus-5c5e05129efb8626,filesystem,,1254762,5c5e05129efb86266a33328dd3caccb99f2cc7b2f6edc835c48e895adcbafc71,2000,adjacent-exact,360499,5313b3f855a75d2ade634a4d3f46ffbc15f863186caba48f9cddf01ea252a5bc
mus-175204d2b3e42309,filesystem,,558764,175204d2b3e42309bd6358659b4d3d52555e8460d8d68023bdc8c279df379d6d,2006,adjacent-exact,637506,cfd763c1ff1da5b3a574cc75e29bce3b3f36ae54fdf268151c3e10861476a260
mus-dd1e34438b93fd7b,filesystem,,57524,dd1e34438b93fd7b6f363e101642a01951e746ecad48176e77b864404d00619d,2007,adjacent-exact,96444,caa1043e7fcf93ba2fba4f94d6c16756c1018627b28cc5d732eff73e820315db
mus-7e93fb726bf81880,filesystem,,70822,7e93fb726bf818806f1982b80f2fd5e7c217372d73ee6b4d36d7595cddb5aefc,2007,adjacent-exact,117641,b82a6fe483c7ce6d9fba7661f11d68c22518e01fad8de7c722d98ec9b3e16e77
mus-2e3ce0d9e648f500,filesystem,,66990,2e3ce0d9e648f500b1d64b0c36ceebdc39f85e9f5103bd13cfdf1f0c344ce5d6,2007,adjacent-exact,112884,70de5741a1a172d3cb3e60d875e15841d06534ed43abb5b9c9b1390c2fbdf049
mus-a072e1af1944e422,filesystem,,65531,a072e1af1944e422360efc28fe2393f8b656cbadcbdf7e5d6078622b56f73620,2007,adjacent-exact,110883,107bb18aa01bae376ca021eaab2580e301a1b45a9028aab2d11d3304f85941cc
mus-f6c13dbc3955b55c,filesystem,,67586,f6c13dbc3955b55c5223b15e92d73f13f5648fcd52e2673878870fb842f4470c,2007,adjacent-exact,114383,2befad84cb152db40d36172691587fd898749c82d21f37fdba0c4bc28615f7a8
mus-f109f30ce6534a11,filesystem,,71282,f109f30ce6534a11b0f855148cede42a45e17de6c5c81634c95b8b6abebc385f,2007,adjacent-exact,119779,e3da5721fd64b36cd6c17b6e57328c5cb9ae56f74b423cde4edfa0ec30cea848
mus-9a75fdbe02bb2ecd,filesystem,,69792,9a75fdbe02bb2ecdb26f9cd42d10d52400dc4fb8f268b75e3736fd3f16fd5ce5,2007,adjacent-exact,117111,e0703d159138dbed7487e0d19de8edcebea4b7d877b0a799df8a3c32aaa9ad0d
mus-e8ad65b6f02157bd,filesystem,,63534,e8ad65b6f02157bd96388052f4ef2e618da9a569d23add1499e44d23ebb6b162,2007,adjacent-exact,107051,69b80c1ba7619d942c6ddfea2fa34077b53fb8fcf47abd03f677fa8ad7240647
mus-4d568b8edbe029b3,filesystem,,60017,4d568b8edbe029b35f94a5e8998239f3cd59a3b717ad9f0ae326250203e360f0,2007,adjacent-exact,102324,bd702d5630b539849b92a7f3653bbf64e9687113396831a92c74f0eb98333afe
mus-e11eeb5e29ceef6f,filesystem,,60273,e11eeb5e29ceef6f355ae3618231b8af26cb64af234601882a361707398b1cfe,2007,adjacent-exact,108010,23d32603158ca85d45de3a31e910283da44be2befcbaee05341440865308b4cf
mus-49fe5862a0d35898,filesystem,,59808,49fe5862a0d358987dcec5ecf19dfca0c534291c9088a7164949917d804b7ec5,2007,adjacent-exact,106443,b2f5f78a4a6f8d9a84851eb3ce44b1b1d9b87a28d540cfa02cfd67b9944d8632
mus-8c969d53f1c9b4e5,filesystem,,63944,8c969d53f1c9b4e52dea516d4ce58c9b910150cacb687af5b687daded5208815,2007,adjacent-exact,106154,8ebdf2237634fdab2b874a4ec9a8cd871f14e628e5fced9bd337faabcf155a7b
mus-9716a32ab892b11d,filesystem,,60875,9716a32ab892b11d51633c4f005e70bb2197b60986fcc316b05cb693e7d33bcf,2007,adjacent-exact,100442,27ce45b7c8200c01f0d44db6385593786114c86cab2ff0d491f98a26e3b54d45
mus-252e41a053bf7c9a,filesystem,,63256,252e41a053bf7c9a45cd85ff31002d42ece8160157777de288df5aaf3a21fd14,2007,adjacent-exact,105977,63488ec2620483c91f984c510110b12e5461241f5ced18f2b734a62639d5af63
mus-e3276a899f0cc5e9,filesystem,,53656,e3276a899f0cc5e9378c19386c95b1d5880f8c286deffdb1b609cf876da54cf1,2007,adjacent-exact,91120,d82f80bd52462b895ac00b71f8df84137987ce78c39e35043384121bb14e3003
mus-2103efa96fd106f9,filesystem,,79393,2103efa96fd106f934ee3768815f63b1163f9e03fd6c9465d8d6d536935ac0a4,2000,adjacent-exact,43646,41eb87d904ac13b481f3904385ea491a0e1d5d2c0b2828fb0ef1de2a4ccc0123
mus-afea3c4341bddfdf,filesystem,,53795,afea3c4341bddfdf4394ba7d93160ff2465caa6ac2d04362c3892a2d434b0647,2000,adjacent-exact,38276,01bb9c725e2930615907d0093262e9a57f6720fa73e116c1f47ec8e06a303a9f
mus-3597fd4fce0c272b,filesystem,,19557,3597fd4fce0c272b3e953ef3ba55465f6de4509ba3dde2b2e6c419d39868cd5b,2000,adjacent-exact,21765,f463b0a6aa60356e6685a326f827c50b19b8aeff82006a1b640f3e9ba8471bef
mus-0f4eba682cbab3f7,filesystem,,445898,0f4eba682cbab3f769a87a9e9d36fcc85d481a5112976f15e55566cbc3756851,2008,adjacent-exact,832300,50d1b13a153676c9667301ca2f8bbba5499a630680659ccb24f0cdcc99fce57b
mus-a767fc45617d6277,filesystem,,459254,a767fc45617d6277e34d18819ef87ececc75dcc95e3c392456ce7161205ed6c3,2008,adjacent-exact,881556,8da65bbcffc078c4dc638a1411741b8854a9f142799ecb2ceaceeeba8c1d8f61
mus-d73f90d17235b048,filesystem,,299017,d73f90d17235b0483f44ebf78d51078239f8aa0dbaffe1d694b10bf2b2cd8954,2008,adjacent-exact,575493,ec6fd55db42458f8392fa93b7bcd91f956a94f1780c59327c4ee4f349973d8fd
mus-2b3cd6d4d6c8aff5,filesystem,,294693,2b3cd6d4d6c8aff5521daf9946fad1eb03df2cb87eebfc35da1b32ff856f628c,2008,adjacent-exact,577801,4802b8cc62dfa7dce3d31ed77368d0a3a7f8b4a13c79f95191d0e69f49517698
mus-dbf7a5f9c3b479fb,filesystem,,27236,dbf7a5f9c3b479fb4ee6e20ccd73d81a4fb3393dc3c9af965e4b88ec1dbac800,2008,adjacent-exact,50421,27e17510aafd4faff95cc24ff0f10c8b767affb8fe6dbcec0c135d4de2700e56
mus-cb12e1baab426509,filesystem,,61993,cb12e1baab42650928a751603019cee24ba978f8329a8f7dca38ddd547e6c34f,97,missing,,
mus-6d3b75475a2ca67b,filesystem,,42070,6d3b75475a2ca67b8aee3c6452da7c024c31ec1879bc969a637dc8e0d76387e8,2.6,missing,,
mus-b67aad6814dc4059,filesystem,,19741,b67aad6814dc40596a2e58d7eac0da938833a51e5eecbab3c20fff1508ca0e4d,2003,adjacent-exact,42653,b5ef1d7dca2a1f4daf105d9bfc980cb4fe2b8813a4a0bc4a686f9662254c412d
mus-de5ba6a9ed6c0ed1,filesystem,,17003,de5ba6a9ed6c0ed1b1cc8e7ae0fed86fc1b302bbd92d37db6293799b768bccc7,2003,adjacent-exact,38123,d1cddfa73ebdb5c0e1c6570e3f7620483a0c3360f13c9f584a505769129ccd33
mus-9edf5b81979a0be8,filesystem,,22160,9edf5b81979a0be81ca7a050a8a4bc258e2a86a28ca182bb8db76a09dff0c766,2003,adjacent-exact,45057,1ef78dde60e2330cbcb98f8bfb5ddd2db7b1324becd119264e27861c84e4323f
mus-ab324ac4e04a5988,filesystem,,14558,ab324ac4e04a5988e15f9ac22dcec61ece88603bc78c4d5f0bd03df15e157043,2003,adjacent-exact,36159,bfcf0d71abd4ec105d5ea5e90c3b455f14e4984d6f7391bedfa57fb252ef55c0
mus-0512da20668c4deb,filesystem,,16279,0512da20668c4debf9a280028fa773d1100e2f14d47bc772a3880be1007f21a3,2003,adjacent-exact,36937,8d8532d8d4940c661c6c677f6d02eb7956e7bd88654d5876da028f8485924001
mus-04824dfaee8c9b77,filesystem,,33957,04824dfaee8c9b775710ef489cd2d03bb13bbc9543b72a31c66c1ac7d4acc2fd,2003,adjacent-exact,60694,d650f8a0ba50c5b57442c0dd3f8e171b518e57665d166fdfb6e38370248b48a4
mus-e4644839e2149421,filesystem,,267107,e4644839e2149421910c34e090b2e86aaac066d0c83699991be455554c88b409,2012,adjacent-exact,553095,1deb4eef3e9e7902abbf4a83a0fa65f2682de5242a7db4259adb48554205cbac
mus-8df9145c3b2c1661,filesystem,,164357,8df9145c3b2c1661239d31f621f228aeb7cac94e9756e8de88125c92933b5414,2012,adjacent-exact,302498,f00f10ecbc62c0155f44a4b5d6acc7f73899759a93e1a702e58bb2583ad45095
mus-e73426f7bd1e8949,filesystem,,102347,e73426f7bd1e8949ac61dd27cc17256069dab3287d2436874ebbdd5f4e71b504,2008,adjacent-exact,203416,287e3734425496f95cafa78cdf591175570dc5f070eb7cba3fd90f8210b316f1
mus-2aa137bff505da7f,filesystem,,81893,2aa137bff505da7f32422a3eb526fb1459ee148d012af1cff22c51b263ef4ac7,2008,adjacent-exact,154053,3d75c35f5c922dbda065c3b35eb15dc23d34735183a3bccca6031d226bedf50a
mus-b4301846623a431c,filesystem,,13062,b4301846623a431ca91fc808da73edebcefeb5b5a80807797323eccf0d8c8548,2008,adjacent-exact,34467,9c1affb2fec7a7ef6dcc9d4d399bff720f7bd55cd1b77f93fb5f360faacc9928
mus-d0a8b932582c9d59,filesystem,,27107,d0a8b932582c9d597fe09c10fd062e9b852c795d412305c88592459e0019328a,2008,adjacent-exact,58989,9364aa5c824f7c2caaf3c0a6da3091c71dccb78e99a54f0648a5fb771083d0ff
mus-4fbc9bf7a14ca486,filesystem,,7552,4fbc9bf7a14ca4867d9347afad7cf7b5e32d68042493319b3ad960d2f0900b7c,2008,adjacent-exact,24676,fa818033cc0d29cd21b2bf5ee16384c283aec48409837110b5f2b050f3c4b0c7
mus-0f190c22d68ac55f,filesystem,,64747,0f190c22d68ac55fd5d276c517bff914e7a3e40c3673561049a59bbc5971754f,2008,adjacent-exact,113325,f652cd87f0a4cf52064f382c1e10b7e97fd5ac129bcce5e4de24803bb8c543ab
mus-7cc5359be983cf2b,filesystem,,66454,7cc5359be983cf2b7f0c0bc6729f46d45e305af7bf5a8121f010eafb7eb803d0,2008,adjacent-exact,111570,365524879cf5f821c772ee555b67e1e9c8922ad7a1e0a1179fe2dfb6d8626fe9
mus-7cc5359be983cf2b,filesystem,,66454,7cc5359be983cf2b7f0c0bc6729f46d45e305af7bf5a8121f010eafb7eb803d0,2008,adjacent-exact,111570,ce4f7e0892834031fdacaa77d270a58a3bd596831fc489b1ee514b1f7e3071f1
mus-39d10e93ab6549d8,filesystem,,11444,39d10e93ab6549d856e34f81f406b39fe6c0b057171cdc2098498d5e3c00151d,2008,adjacent-exact,31551,2dfc1f07c109edb70566ad7aef4b16d58558e753d43ee08fa58f7518b5486c8b
mus-fb2f64cc064ec2bd,filesystem,,20036,fb2f64cc064ec2bdbf14e619e172a5a0b2980f066fc51cc38bac1b8f8237e9b9,2008,adjacent-exact,45161,3861db4f4cf3d6e32061d0d6111c6dbf97565e2288d16d54a728aea7fdea3927
mus-0581b267a2ce1d2f,filesystem,,24387,0581b267a2ce1d2f7b301417140e36cd2c44cdc4734fcd62722d5bd2e004b348,2008,adjacent-exact,52882,5a8baa6f031fdf523f4f52c5f2966cf94f8670dc3b091d32be94f4fd4376011c
mus-2a99a83a838c4c51,filesystem,,67337,2a99a83a838c4c5189992399ea6b2380bc448bad8cfb3bc1e35133a60c4a02f9,2008,adjacent-exact,119673,41791c2362315dc47b10efeb5a71d18c2d591e29c21508205aa3c0048ed23a8f
mus-064cb9d8cc083c56,filesystem,,66046,064cb9d8cc083c5693ccad6784fdac025f8c8764f7d36960792b3314f07a6a6d,2008,adjacent-exact,110812,a2046a42787a5b1910db10346249a5aa9874b9a74513381dacc4ccc6e218f06c
mus-af95738eaaf4a4a6,filesystem,,12514,af95738eaaf4a4a64564a8212b3ba0027e8f81d16514d4cf375349d9bcd28169,2008,adjacent-exact,33861,7312007d4475f823429ffc529a0068c916a8a90818c60caa07e3b146f38496c4
mus-af95738eaaf4a4a6,filesystem,,12514,af95738eaaf4a4a64564a8212b3ba0027e8f81d16514d4cf375349d9bcd28169,2008,adjacent-exact,33861,bdad0faab797b9b040774c13486568addb78ccfb9cfa6078f815a9792a0d1bc7
mus-cbaca2d26b36d2cc,filesystem,,11441,cbaca2d26b36d2cca1e02664eb05302318eb2f7433083815fcaa19012b037070,2008,adjacent-exact,31997,647ac25d756b62594300ea723c3a05e7a5c996d39343fdd0a5a81ed8e90aa015
mus-81f2783d7cb0d3cd,filesystem,,10811,81f2783d7cb0d3cd8318a4356fa8a0992c311c318e6d9957afaeb960386e766c,2008,adjacent-exact,30819,35ccf81f0f386e61c4cea118e350fce8645f51e412b861c4fc178b26bf259b29
mus-f71d2794a493fafc,filesystem,,11379,f71d2794a493fafc21f1f5c50e7998a3eee6af4ebcfa2aa6d42f259f49796548,2008,adjacent-exact,31980,5b5ea8021ce72889e706e188c8f3d1d89561979f28df9a3ef299108efb7d2cb3
mus-97e8cc0549bbd8b3,filesystem,,94546,97e8cc0549bbd8b39d342d478be83efd5599aff18d3aff8300a2387e2a857554,2008,adjacent-exact,177929,604f89f11708754cedadb91e14c5dabfc694c8e8e150441a3d1179626bb67658
mus-e76587e3a09f20e6,filesystem,,60200,e76587e3a09f20e6226e2cd2d55737db87ec1639de81b21af3e5b2d4e53c44d7,2008,adjacent-exact,108375,dbaa5245d01a60c4d2d7b10d5bdf1c5184fe8de41e3d695292d7dfa3b01d2826
mus-1a33c22489dcdbc4,filesystem,,35099,1a33c22489dcdbc4b9ede7e3f1a19791dbcdf2889765deb6923cd60649a0d97c,2012,adjacent-exact,68886,008d8033cac95fa134e1d6b2a230154f2daf630f4cbf91c1a467d7d40407295d
mus-6970e0bde1a102f3,filesystem,,156120,6970e0bde1a102f3137a3e0aa2c724ac63e9b8530b78af344a615229200b9206,3.2,adjacent-exact,88413,8c98364f16a3b6903c4b3696f2e490234b3007a34415facdc7654b270dc2e376
mus-497e3cfb12919afc,filesystem,,154722,497e3cfb12919afcf0b4f2193dddf81caa99fb7b50e1ed5823d295828868b570,3.2,adjacent-exact,87634,b395b7907531cd621a05381bcecccfd62e2b4ba375e2e8f5077540e0bcf045db
mus-cdcb31474c9b0aa8,filesystem,,45957,cdcb31474c9b0aa88c9ab72db3ee8d69c0e5df4b9e32d78e0041466ff1e16844,2012,adjacent-exact,86682,7ad8247f855783f4617b392dc430780ea4c40482e9dd992d6eaf640363523e3b
mus-55dfc8f8b4a69be6,filesystem,,124519,55dfc8f8b4a69be6ffbd99996d9738d0bbd17f9470ccaeaa7821388df926dd42,97,adjacent-exact,69059,d8fd2ab4975a44c639cd45b4e06ac7e36f0a4b017b53777ca0925bca568dd007
mus-2dd7565ae8920b52,filesystem,,176327,2dd7565ae8920b5240d81dec5c0bdd0b6be379e2ae87aca71f4b37ca8286f722,2000,adjacent-exact,86904,2dceaa710920f679d40955d41a16e231ae422bff30438e10b704f3e2982384ef
mus-427ec5855e2359e0,filesystem,,45802,427ec5855e2359e00e25a1c06b102d775ef2095da36e4b20c7c275da245b70a2,2012,adjacent-exact,86454,7f5093dd5bd3a25985a4464be9e92e981c978bc1123b4a6b8838d5365e51cae2
mus-bffada75287d9b35,filesystem,,56542,bffada75287d9b358e4566ba98968d1aa4b627da71fb0dcfa46f76f180df6913,2005,adjacent-exact,93635,fc3e56e82a8d81047ad580303e82538a0a75828b494edd237aeb2e6b48170917
mus-3ff41f805cfba7df,filesystem,,49990,3ff41f805cfba7df40e836b0abad2b28a2b892b4ab87873ca4731b29740f6a16,2012,adjacent-exact,91961,8127f73f01c421a5ad1df028a54adcf3cb89b95155845bbf030ea48e4567bfac
mus-0bf7b27df9b938de,filesystem,,23854,0bf7b27df9b938ded8eddc2eeb77c68a136695945f3145a496cc8b18c608b84f,2008,adjacent-exact,47091,00475d8e842032f9a011fa173c89276f290c05f91078b7da6357a4fa4e4d86d7
mus-ac9b3d175ea705e4,filesystem,,54547,ac9b3d175ea705e4834006e588022b337c64c37c42859efd9396c2a20ec5550a,2008,adjacent-exact,103211,af529aa098744dc549a9474fcad6529935e634e50c88c30dd842dc9e8e7f8e82
mus-24c70093c75e2aae,filesystem,,174474,24c70093c75e2aaedaff5b99b13fc3956fe36c41d55bd2e36a2177b750ed2f0c,2008,adjacent-exact,265509,67ceaf100d3b13f10b87c9482909c61e3a17b8612571c5ddf13ec10588aa372f
mus-b2a883d4626c0d3a,filesystem,,17290,b2a883d4626c0d3a527561ee23f82c5602a91ece5fc4e6f228e173ce4655874f,2008,adjacent-exact,43241,002c3576ddc00a1e2886b007fac4feec87f782423e31863b6a61715ffd5d7847
mus-2347b7f1f982d7d0,filesystem,,11942,2347b7f1f982d7d0d6ec18e8445d72eae7b2527332791c99c72d98f7fb550043,2008,adjacent-exact,32814,b19b50ee946120c972ec8217c23e8c2ee98bf3b5094743fa8010d59099727347
mus-a40a57c0c0ffe888,filesystem,,12448,a40a57c0c0ffe888e03f561a928e853abe85477395258609a1aae2260c9bbf5d,2008,adjacent-exact,33034,680801d370f1abc81c749b6e1c98708c6a93665978d015507bff7be52f30ea0a
mus-985aa7f77aed69b9,filesystem,,12459,985aa7f77aed69b98e7bc65bb659ca438c37879fe01a93a40003fdad958b0c00,2008,adjacent-exact,32850,af2e31ee4d8ca0338789f50be159e91fcd904e961399529c78b2aa8f736a889a
mus-03eb5f87aea7d72b,filesystem,,10826,03eb5f87aea7d72b483dcc4ab310449d139302aa7b8fe2005eb8639fd37413e2,2008,adjacent-exact,30190,3cf8192b1555a9058390fbf6b225f3c279990634023be0db6510a6b3ce32f5d1
mus-820961ea878f2d5b,filesystem,,18363,820961ea878f2d5be4b04f0b7f5679ce53a108573194c674873a47ea2d65843a,2008,adjacent-exact,44127,a1e1a321d159a6accee8e20972dc84e64903e47698572c27de888c8e9975f203
mus-ae5eaac30b58be89,filesystem,,13168,ae5eaac30b58be89cf4a1981c0980a404c1607337232cf9943c1a99458afd5da,2008,adjacent-exact,35090,10174afe203c7b984fc5ca5def5d3d438fea07b6baf67643114c17a6e9a723ac
mus-d76516046b55b698,filesystem,,210662,d76516046b55b698099b0d98166a0df9b2dbce8a6034dec3d2e663e22ad189e6,2008,adjacent-exact,328558,4a8f247c95024430414a2e449b64eb764d8d0a55351c31bff432864865097f9d
mus-32b94a6a6786616a,filesystem,,174476,32b94a6a6786616a27462b578600de4c32110d7c790221506f0ae6dd2d8fbdf0,2008,adjacent-exact,265508,4769cf43497003ef48374e3e96546dedebdd68b840f473625452c3311f418cd9
mus-2c0a5e8897b436d5,filesystem,,44504,2c0a5e8897b436d5b8a150112ed41eddf4491a908e6c709b2a165d71e3e9f9d7,2.0.1,missing,,
mus-7aa45639c14b3864,filesystem,,74181,7aa45639c14b3864860e9d0a7d74c74623194fbe302637e8f450ba234dc370e9,1.8.7,missing,,
mus-af66b8418cb05fa6,filesystem,,39371,af66b8418cb05fa6c9531c763e3ab539860a411d7878c49a35c4fb1886508dda,2007,adjacent-exact,77313,4d23af7e6417857c8688681d59905c46866c1991bac807f3feb4855fc8f565d3
mus-8858b546e24a0d38,filesystem,,42287,8858b546e24a0d38b3f98425e1855910b9a82b9a35f6d858cb47ec696488f972,2007,adjacent-exact,78140,1567693228c4e7aee036bf29bf16aa245ceb920797daabefa16519e38b84f11a
mus-97bfd329edac2dc3,filesystem,,27603,97bfd329edac2dc3d1fd342c207fdaa524d7299e773ab86679cd57f8851d8d3f,2007,adjacent-exact,60098,bb13b23589c2ec40d7655a18a63cdad21d0fb042f05f01952e744bcfc6418035
mus-fd3981abd939e851,filesystem,,37776,fd3981abd939e851b0c38ce6437f702176825077af83ac440401dd6ddee8c83a,2007,adjacent-exact,76883,70cdc0b2ecfd2629ce4cfa8ddbf7c80818f6cd9674b078a1c4cba07c75edf062
mus-c598b03b9090d358,filesystem,,34326,c598b03b9090d35828f9ab7084470122f158d1864ccd574ac310c1c6bb4e4920,2007,missing,,
mus-2f80988ad753ed4c,filesystem,,18295,2f80988ad753ed4c7720d1c12105e170ef88f57b54fd5b9c5c75737a270835fe,2007,missing,,
mus-ad044b5d818a97c0,filesystem,,35463,ad044b5d818a97c025bdbdba99cfd06fe12db87733dfa9a2e2fb4171e247f0e3,2008,adjacent-exact,71490,6a0d8c5d9db2b1e54480a6d488466768f3f944e0eec032f74660ae898299b7b9
mus-ef411bb75b98fe7d,filesystem,,137000,ef411bb75b98fe7dd8ec79097cf8f9be0933217e584f3f639a2c15bebba4ee41,3.2,adjacent-exact,87445,684c7784fcb8128ba4af994e9518a248016141b0c2035ee5987d2b595df5a2f0
mus-d99bebf79e4bc582,filesystem,,55053,d99bebf79e4bc5820138046d8365a3f5a1eaa3aca490c47ef1f9cbe5bd468d91,2006,adjacent-exact,88091,0bb75378d00aaaf3c82ab8d7a35c849a59c152ad1c52ea4f9f3929389002c956
mus-79b24f3617e0b3b1,filesystem,,55014,79b24f3617e0b3b17b92594ba7dc41b5fa8cd2f2f5e25b2ae88fcf2c76ddac2b,2006,adjacent-exact,88100,29c2f450b25a0bb3cc60c11a20403760221304344bed49d2eb2a6de2be6e5181
mus-67e0bd1b0b07568e,filesystem,,19863,67e0bd1b0b07568e20ad274fa687372c5e7c8abcd0203223bfa61b1964bf8987,2007,adjacent-exact,45540,ee95ef48f3f3007a014f3cd0ad8e9c5188f3f21af35646bba173643461c82c0b
mus-32bc4322159429a4,filesystem,,19150,32bc4322159429a40b68ff8c6423fb93783df00c79d85d7637b5afec69c3f9fd,2007,adjacent-exact,45703,e9b972eb72f7f4eb7c5edaa9c4acebed1bbc81585f0f5bd53435015888f993b8
mus-48659eb786ec969b,filesystem,,17754,48659eb786ec969baf3158821f30d94c73a3ee0350b92e70a45edf14c18c96fc,2007,adjacent-exact,42245,eac08c09e8c9747adb20a308ca9fe8dd8eea31eab9f21780cbf7087863e4d1fd
mus-b4bd0a87b453a0e5,filesystem,,20321,b4bd0a87b453a0e511e5435b87512799df79acf3813a751dd67e9490a96b4aff,2007,adjacent-exact,48120,5aea637e0d7f11fe4486d8fc21e0b9ad22747f90b52c97cdeef3592a9da66054
mus-bcbcc4b97b23a051,filesystem,,21507,bcbcc4b97b23a051461b0636d21494c565b895b6b08f227e500fcb34c65da813,97,adjacent-exact,23675,e5ae35642f23a007ea25a6cf30ac03089cda7ac74dabd6ab3cc5003e11b238d5
mus-c7a7d904a38f8182,filesystem,,42088,c7a7d904a38f8182e671fc37fd1dc5dfe3a8df9161912b2b59d6e47419aedf25,2008,missing,,
mus-058c68d456180653,filesystem,,45829,058c68d456180653def5fb14f5c3d997e99e0f4cf35b03562272bac24d40225c,97,missing,,
mus-aa9a7f34bd405981,filesystem,,18686,aa9a7f34bd405981d2906c0c1e42a20ef33d219d65de09172b9ce94fa140c093,2008,adjacent-exact,42221,af0e6d3a7f268fdc14da1c22fa5c3c6c4cf41f62bc70ded8fa38d6cc2128ed73
mus-cb4befe9fc5c43f0,filesystem,,78174,cb4befe9fc5c43f0b86fece91850d92bd402f6976bd000c685a196ac8083d9a0,2006,adjacent-exact,81463,a4eee52cbc52f42c113ed96591257cec4922219847a6ec70232fd1ce3a26d319
mus-e7efbfcd57deb74a,filesystem,,8024,e7efbfcd57deb74a62cc25609c5a68dea85c352735cbd1d120a047f39a4eafe9,2007,adjacent-exact,26078,87cd502e150295c66a001956a9d4a9604b68c729c624c67d6dc38d52ea5e9b37
mus-1112148b558d5ef9,filesystem,,210705,1112148b558d5ef98e1514a5b0174173631099faec490c5c5c988e1d39a3bea3,2012,adjacent-exact,386983,b0bc30197dd6346bb2708f75b59bfccee57c03e9b6991d73d3b80c0a0dc6ad41
mus-acbd583517f2f4ea,filesystem,,26142,acbd583517f2f4ea8fe970ca3b85817c962b4f8dc5334b30d0e2d1ca6cc0d9ed,2005,adjacent-exact,53742,093f2237a5bc71eb757f5c19598fd9a04ef0445d388d6f25b0f3a9c9afe608f6
mus-7e3ae6e56c54d145,filesystem,,21651,7e3ae6e56c54d145b95476b52736011185c1c9182e64cc4aae9fcf2f293b605b,2007,adjacent-exact,50399,347d2926ec3b4c61d5352b8e68a99af17cb0b185a7cdae6192a4c08a694459d2
mus-8e65a3efeed87c3f,filesystem,,77605,8e65a3efeed87c3fbf4a43a78c969acfda2f561f33759a582bd2f4dd786d84e9,3.7,adjacent-exact,55104,03c15dea6272ef6b6ed442d02edec2ddab23fdfa517db1d12ca554123bb1604c
mus-7016ca7013a35a28,filesystem,,72273,7016ca7013a35a28cf26b6433bb7706889edbaeed6ea2351aca792badf3a2041,3.5,adjacent-exact,58759,dd1346b475694ade4610698ac315b49c17c6eee41a84c089448a9331c340e742
mus-ae6878adf4e8393d,filesystem,,31443,ae6878adf4e8393db1511da075ba1be692f540a4c2cc2600a6ee725f6b9c3ede,2008,adjacent-exact,66495,1a901c82146187f23bd0ffbc9849010d01dd0b6f943ac04242af34494c7ee8e1
mus-5940c6c802fc414f,filesystem,,29430,5940c6c802fc414fc182b7dd8e69bc038b98bc9eba1f12a21d20522e51f5af68,2002,adjacent-exact,64923,210cc5c7c7eae218166c60a85bc3fcda780ffdf61c39002c9e997499fe8bc6ea
mus-bdd4e3b487f42b26,filesystem,,61248,bdd4e3b487f42b26617f1d2a255dfe383931f9d18e20548770305746ec0ce532,3.5,adjacent-exact,54979,1283b629c17a8d4aa5602f0bf47c2e19ec681c2b90794740b720f04aa9ea439c
mus-3246ee7307846451,filesystem,,28311,3246ee7307846451483bc261756b5f427c1c88f0507bfc20a63404366f51ae0d,2003,adjacent-exact,76712,c6addde1b4ec7d270bd80825838ab6a975722aa7d1c2803df624cb61917776ef
mus-72fb7e4f95b3fa10,filesystem,,50616,72fb7e4f95b3fa10b93f9fad224b6c0ffe3f00e89149b4d23577c6ef923b5035,3.7,adjacent-exact,43277,ca31d70825366abc3b5c10609ba59bb2a5aef599eb2a6171462cc2c39edd3aff
mus-454f0370ecfdc70a,filesystem,,41757,454f0370ecfdc70ac124d10aef3f90b42b5f513f725d8f9438686d49026ca2ba,97,adjacent-exact,34113,69e50abd21cde4b514adead161a6434ab4dfba25dafcadcbef137ba598065eea
mus-8fb94750b06277e5,filesystem,,127486,8fb94750b06277e5f5293956731debfbc5f0c3dfa1338bc5018ff0a917f4c740,2012,adjacent-exact,249221,7af7c2b8eba917a0d9e93c6d7d96524786c7b7afa0c97c7ee55a4e1847ef7337
mus-c489243c2ac62df5,filesystem,,126276,c489243c2ac62df56e62d69d64c25a80f2199d0b97ee47f691c64e67ef35a11e,2012,adjacent-exact,249211,b1a4aaa6a2416a50b3ed0256dbbf50079caa27a5eb04cfbc1294375bc2f9f6a7
mus-34a27309f4fdfd26,filesystem,,66945,34a27309f4fdfd268f1ade72d84d26e2d028d808a374de3546019c14615bdd57,3.7,adjacent-exact,52474,619722401e70dc8c3e245ed17b68df13b727351299ec8b81a4536dbd8edda0b2
mus-7af59089d5cae405,filesystem,,106819,7af59089d5cae405493fc09b3cc54313ed68608253d110de2fad05da39a6cb97,3.0,adjacent-exact,51183,68cce3b981ed0fb9f9882196b2e23480bae48104689771b00dd4f540e6e53f62
mus-a23053bf74c5e11a,filesystem,,38565,a23053bf74c5e11a420fc1eee6e1589b48b9f55e267dfd771be091a52820f4dd,3.0,adjacent-exact,33835,8ad30baa9bc7cfc0898039a8f18be18858fddd8653e829173381a5c762b41abe
mus-9f8eba816c317999,filesystem,,85665,9f8eba816c31799990ef4e7c09f4163752c7998efb68537d66f47041e6cbca91,3.0,adjacent-exact,50002,4b65949245284f0e07342ffebe038ee102d8ee2347d453fed9ad9a90a36a4836
mus-62181aaa4ce12449,filesystem,,56912,62181aaa4ce124496c9a121b4fde951c77a6a5d235c559ea809126a1edf2443c,2012,adjacent-exact,113603,6bf286e6ccab607ecde8a5c94eaed3c04e43359b998ff000f2a27368e48f6379
mus-2869aa3f19bc6be6,filesystem,,63071,2869aa3f19bc6be697a4b415906f1110ad3af275ef99d4ac12ce72407c8b8e48,2012,adjacent-exact,125357,877cfac672690152aca5d5e9e003a1908e73460aa348ce4348320e431aa72a83
mus-7241e6dc648b8b9d,filesystem,,75440,7241e6dc648b8b9d4cfe13e9dadd79391b8e6918372b66bced4cbcedaed25b60,2012,adjacent-exact,142843,927795d1a1f292be5793fe0d1c964e9b0413b5aeff676eedacc2062fe1ab244e
mus-787a4272758d925c,filesystem,,59245,787a4272758d925c7a7b1a215d9f09c82c075db6a67115960a73dd61ec1ee674,2012,adjacent-exact,117389,1a522ed26c7d8a80bb9e152d5e63474f9c397b1c044c36bbbebe9713fb29d5b8
mus-38a9b50f125ebe7e,filesystem,,42189,38a9b50f125ebe7e712117e0ec7ed5ba8a09690f1624c3fd2687289a6b7ae917,2012,adjacent-exact,87620,3131629854e9bb3c6f5e07605bd5fa9caddadc877a2868acc949cf3525c4ac13
mus-67a088418fac10dc,filesystem,,41128,67a088418fac10dcfaa63d33552d2a7c6a806cab941613f0ed0707756a4d91cf,2012,adjacent-exact,85796,398edcb18c8051416b080d3961b26b746c34f3f2c3a65bf91305facf45d741f3
mus-49e96dd804cafa7b,filesystem,,78193,49e96dd804cafa7bd7b2451e98bdc0a950de58be5f6009338aabe53d2c393943,2012,adjacent-exact,151717,431d6d663c39f6ad9ce806617c180a8e22fa7227b7d326af8e515efade702be4
mus-438ae04fff5828ce,filesystem,,42242,438ae04fff5828ce153cc36a53e1c27e8e3b508c32bea5ad474ea3c5801d2cfd,2012,adjacent-exact,88576,4b191b024183acd06844db0b14d1cfb0df0413aa624372aaa4e6b4bdce3454c1
mus-5af06fae844b8201,filesystem,,40098,5af06fae844b820127817783cf1c2c50a72e929e9b41fb88c0775ff190c0d14f,2012,adjacent-exact,84201,6cbd1dd7aa2a471f6da64b5fc8ca271fe3deabd5f479aee48ef3c9ea419135da
mus-3d70616b36529c8b,filesystem,,245012,3d70616b36529c8b65c8bfa911558b52e2e631204474ae162e6dc81a30f8c296,2012,adjacent-exact,477345,cd1a95cc381eb33f45e79f770eb9a0feaab39f44ce3c160a34fcc49029a34824
mus-3f26ad87a9582531,filesystem,,196725,3f26ad87a9582531047f633e79c096e462074f0b13d94d6cd795a1a8e7f7a3cf,2012,adjacent-exact,359400,d00fa255636de2e33a3ce3003a2d538ebe0a6dedaee76e07238d82b53ffa8ecd
mus-27555c284bbc82c1,filesystem,,191299,27555c284bbc82c1daf1b79935baaed47fb188a7f6cbfc5389afe41b58af204f,2007,adjacent-exact,359067,a6478a09e027043ad976160455841e5756357335760bad003257f411fe468783
mus-b1ff5b179b5eae44,filesystem,,13872,b1ff5b179b5eae445deb8893c35685e02ca4a29cbc11dcc391ece269d1147eb9,2.6,adjacent-exact,24772,fe24d57464519df1b6fd95798d39c3ac54f774ab4e1922102928e46fbb02bea0
mus-bd1eda1f8e15535f,filesystem,,57904,bd1eda1f8e15535f761b7969bc0738ab18ad2f2f5a71c57cc7eb181e52719ec5,2.6,adjacent-exact,48168,8ae5dda2d8df8626b415516773fc1a4ca85f66464b964d82ff7f1a6d53b8ed66
mus-285ea2ea44c372ed,filesystem,,11824,285ea2ea44c372ed516c83c9e564d35cfbd6c4b1dbcf860c9406ab265588c19c,2.6,adjacent-exact,25501,3200fbf2dbe1989760dde03038729ae2955fe8643e0861c368dd4269775bcc5d
mus-25cae5dbe0142bea,filesystem,,114246,25cae5dbe0142beaa9ce637dd25540a10cef673e30879e853f74eed8c5c6b853,2.6,adjacent-exact,62832,04a5d25e5420caa18be65c44c97b48942d8183e9f3433d78f6951e2d16b41fbe
mus-57ab3c45c80095db,filesystem,,130687,57ab3c45c80095db1eb7d4699a305ba4915a0a669d7895be6d6c399b109e3991,2.6,adjacent-exact,71483,bb8476acb48dbba0ff926675cc6ba29169db8ab6e06c2db14821d45bd92819e0
mus-25b891ad5adb29b0,filesystem,,120390,25b891ad5adb29b0ea097a9c35e72428902d96e8c85e7c100f5a9663a60f9bac,2.6,adjacent-exact,68652,735950c09046f2867d4cb9a56f9763879d2cf82acfa8c32bd557266f40c20675
mus-87bcdcc719325f2b,filesystem,,126079,87bcdcc719325f2b466ab045b6ce428c3a973cd82d99347560fbf6c69a01c8f7,2.6,adjacent-exact,65841,eb9deab1bfdbbec9eff8d2372d39688c61978380d71e93640c2bff81dfb615e4
mus-5bcd4d6432e17769,filesystem,,135750,5bcd4d6432e177691cc29822cc8818849d8ed0d1543240c4e86a549fbe3d50bb,2.6,adjacent-exact,71814,19e8e3a56bc711244e4df646192513566f4de773c2b563546e9e94f2f25905f6
mus-580eb6d955136fbb,filesystem,,83583,580eb6d955136fbbf7d7d21bee6e0cbdc241cb961849f4213badcce0140d4673,2.6,adjacent-exact,39818,0895d96fbdf2cfafbf95c394c5ec0a5952312aff1188f956252abad3b5fe5ad5
mus-72048f4b71237188,filesystem,,109126,72048f4b7123718860eb5ba37b0f0f41b96e55f41791dfe323c149ee69054c49,2.6,adjacent-exact,60817,c761e287bee4d2d0ba8888cb4503afee4560f6eba4a43e99ac9fa6125f427dca
mus-e980cd0c09950ed3,filesystem,,128127,e980cd0c09950ed3985e9cb764178b96dd461c5f99cee38eb167084fa5d456c4,2.6,adjacent-exact,64524,3c9c08b08fd2ff97390c58ab2370209bb8b664840bab0d61fe20cb6a8415ce31
mus-0c3fef06ad2648d1,filesystem,,132680,0c3fef06ad2648d12616178ad082a7d001adcfcd86d6308555013b2404e3b6e5,2.6,adjacent-exact,68409,a7b3ad76273d5d723cb86c15de101982f3773b7fea7cb63f2ac547c0f02e47f0
mus-e939cd45decb7b47,filesystem,,141953,e939cd45decb7b47d7d12776246ec05fa3003793cb109e087615d3fb1d5f4874,2.6,adjacent-exact,70645,563c5e0c7f00f99688927b0866a3dddd1ba43a2e44fc356dcf7b183b67685e1a
mus-9c4541aa11901842,filesystem,,308278,9c4541aa11901842de1909d3f7f75ac82f2e28c91e0383bf80acabeb590ffc85,2.6,adjacent-exact,190877,dc2a84e81d3d29d8b7589d9bc25afdcf8770dbbdc56e142dc26dcaa6b3028967
mus-db5aa2ca992fc595,filesystem,,345724,db5aa2ca992fc59540e440c10c9f9af4d94df611195f3f79256c4910c9dd4a8e,2.6,adjacent-exact,194159,8c20f0426e7e09c7d254af15b2c3278edf756761276bc5a2279572e77d179135
mus-1ba0ffbb9a070975,filesystem,,102470,1ba0ffbb9a070975dce0f04722ffb1afa93039a4a44e8a9a3570b6ef88610a3f,2.6,adjacent-exact,52739,b15de8f716b7e013bdc4a53521400fdc5de684e07cdb1d5bed9815774918895e
mus-fc6510e3e823a72c,filesystem,,114304,fc6510e3e823a72c72fe9fab0020a208ead3b9f585971c11ae9888d4b11a34a2,2.6,adjacent-exact,58682,b95f3884e09da712c8787ff5b1256a5ae225536fa82345dc7ca0f84daae8d8a2
mus-540eee343934b915,filesystem,,123974,540eee343934b91585fe67dc3ee822477ebf7442da254f04fb7a06278149224a,2.6,adjacent-exact,68581,4bbf9d0d15e8a3e5387b88d72c4c6290c448b0096579b799982143c83a003a3b
mus-bffab3b04f0f45a3,filesystem,,138367,bffab3b04f0f45a35bc6a51f5710ec0752479c424586bab918695c3fa571d1ba,2.6,adjacent-exact,77326,bceaf8782dc009f19c99e9f7f3a23c37cb1ca5d415e21f2ad0398408bc0a6731
mus-f2884c8c17e584a9,filesystem,,386735,f2884c8c17e584a901d4fffe15021a62457f5dcf4ad2d4b1b706cc6e96ca11ac,2008,adjacent-exact,708940,8588d0d83421d30c6e4d2852cf45aa1ac776ba4aba7b2a0c40f7d90ec211202e
mus-d453f7c3942ed4ed,filesystem,,428025,d453f7c3942ed4ed28575af7b13a1d41b028d60b1e0cbd0a5ef100e6fabe2649,2012,adjacent-exact,855375,14a0c74165b38f7cfe03a54153edb9e5ae3090226023843e7e21da24fbe65cb8
mus-df8b4dcc9b30d045,filesystem,,2029389,df8b4dcc9b30d045ef56360d26871eff0df36daa4ffdc0849c4d1f34a448ea63,2008,adjacent-exact,868325,e648977cbdb014bf7d8fd6be2f8c263cb8f60366e4407336c29b8dfbe2628a2a
mus-22b34081fb9652c8,filesystem,,2031121,22b34081fb9652c8dca52b75c86348887c4502045d15224b735c5abc9445ed84,2008,adjacent-exact,871372,b629d6c7ca21a77773b055c62ca30a9f13837af973377368a96c1880391f788a
mus-f6036e33fb3f4fbd,filesystem,,14537,f6036e33fb3f4fbd64e1ff6e9eb426692a953c09add4ba7003b839f6db09c46d,2008,adjacent-exact,37421,235f064e1c894a18d6b5a6ac83d124c2be1a9120223fe7b230b481e6201c0a94
mus-2e0f7bb11eefa671,filesystem,,17893,2e0f7bb11eefa671faa340f155bf8c304f1a66c41537661aee69583ac83fe9ec,2008,adjacent-exact,44893,321830380575c8fbb38635eab8898f8c93cd9e807c1f590f17b04f700199ef7d
mus-47b7705480cc57e8,filesystem,,16768,47b7705480cc57e837342c07e7e24ff79625a8e4408e7dd57525e8e64d41724e,2008,adjacent-exact,38672,b1410d4e782e78257c2e23c470eaa6ec6c9f6dacbc644a389afd77e96f7e86a0
mus-c1e64fed6e2c552e,filesystem,,12991,c1e64fed6e2c552ea161ee966539d949f20cf2da41f51a7846dc112b5032ec83,2008,adjacent-exact,34560,148e41b01d9bf7a787de54666ed183733f31fb65fdb5f0b1a89430519073f91c
mus-0d3bc2a319d6ede7,filesystem,,14538,0d3bc2a319d6ede70199d56e986ac449e8f8c6909713eb614e0bdfed7035c22e,2008,adjacent-exact,38040,2a866273b76336f4e92c42d7abe620636b2932df4b084f8f8de41b8e8d5b71fd
mus-c91b58586410d149,filesystem,,12967,c91b58586410d149f8face4a5dee1ddcbc6af29996e68445698d393c7cc226da,2008,adjacent-exact,34438,03924740d0f8ad4ae4eb5044342f1e2d4cb44a97522754d3f45398ab93d0fee3
mus-26fa206cb6a14ba6,filesystem,,14746,26fa206cb6a14ba679e18b0232e9c809bb5f237fc95775e68a899a557ec4f947,2008,adjacent-exact,36869,3a3edc54e2cf1a7687341b6bb2b2aac3e0e48b0e800845e555b5a06056a2c92a
mus-f480d530b9085928,filesystem,,12901,f480d530b9085928fabe5d761569aaa06d72dd19719fb9bc3dc67d520f133630,2008,adjacent-exact,34390,fa21fa2fbaedd7054baf7d231206a1b71055775359d675384b43000a9f89f7c9
mus-ae6c07997b7e3b2a,filesystem,,104569,ae6c07997b7e3b2a45d0c5be289e13a2de8faa450db8fd7e3e97830fb1d32ab5,2008,adjacent-exact,191970,be07f2f6d5d1a6bed1b00b4422955ec5a140c6af35b209f51693910dbbadb38f
mus-126412804311d503,filesystem,,851339,126412804311d503685f07f8da1bd76ba67dab4c531d88165b7e23d3fa103d86,2008,adjacent-exact,594872,b72e26c62e9b22fc75f4fce1cc8a8cf1e0c11ea62b4c91bcb37c4292ae35561b
mus-1b66c40da643b991,filesystem,,11571,1b66c40da643b99123bcdc6d2c718c58ab91c4e5fbe16b6cf024023cc41329ed,2008,adjacent-exact,32206,c7a96b8197df140aa36e513efb50cc714ec18c9877d67e00add979726f296717
mus-2610621046a17dbb,filesystem,,497638,2610621046a17dbb7845ebc67490897a0428e40c6afe1a3d453a2c440cc42667,2012,adjacent-exact,975713,678ee019d0f2c5c4d3e4149e9690fe9ac68c27727fc8fb946319665435b90f64
mus-d3182d3ed6b8c906,filesystem,,428651,d3182d3ed6b8c9068d04e7291262e6fdc0550ae039f5695f0a06e1f9a3b09a1a,2012,adjacent-exact,857545,91c270dcba18d2f2f234474b74643b24253e79a75120d7b5172ce722e85aaef2
mus-6298a9bc4e8c1255,filesystem,,362921,6298a9bc4e8c125585780e02e021ae907e71236571a7a64caf45c2ebe02bcfc7,2.6,missing,,
mus-ae5cb6e6f7235688,filesystem,,310697,ae5cb6e6f72356882364f11331fd952fd8379a09166b6d2fec27d7ff466f94ac,2.6,missing,,
mus-bd0042f8e0354192,filesystem,,706473,bd0042f8e0354192fed2048f74960107032554d357c6ed797854dc3c443556a7,2.6,missing,,
mus-861b18ad06442d00,filesystem,,312233,861b18ad06442d008b9b28cc4e7ba8a72d7e2dbe8fda7a2beba12cea3598f8ab,2.6,missing,,
mus-0bec475a6cf4c223,filesystem,,373673,0bec475a6cf4c2232bbcdec9154211d2f3ec5e854fe016d7f54b5e45dba53323,2.6,missing,,
mus-14f0c3cebdf8d3b1,filesystem,,375721,14f0c3cebdf8d3b1870ee6bf5f1c016d9da6ae75a41168561e03e1ebe7e1b916,2.6,missing,,
mus-bd0042f8e0354192,filesystem,,706473,bd0042f8e0354192fed2048f74960107032554d357c6ed797854dc3c443556a7,2.6,missing,,
mus-bb73336c4c45f509,filesystem,,356135,bb73336c4c45f509cfdcadf327cb33bbbe643516641b33ac1829b7bc326a348a,2008,adjacent-exact,677629,801355ec7e8d7c2db335f8b8b5e7e2e11bdb2919846b9d8927d787928668e8f5
mus-f2006ad06da57906,filesystem,,224584,f2006ad06da579068c20bf2e7a9aa1c25c2036155e773c2e246a074de42fc0cf,2008,adjacent-exact,410813,9c0be520ffb871a7c3d1c67ab55148c19dae96a832021dd0996a009c04be2617
mus-453786316898a024,filesystem,,154797,453786316898a02411d46f5f41e99d90c375e1bb28a4a92db877685132750a20,2008,adjacent-exact,288395,dc44e3236f73abf86347950112c6469130c12af51f7fb23b0cd355ea459fd57f
mus-68103eeb308edaef,filesystem,,48212,68103eeb308edaef216eb5f658527194086ce30cb519904fd4ffbe400dab34cc,2012,adjacent-exact,98773,3ce24247a4e8aff46db78fbc9ec6b52f117970dcff66a0d0b630c147e34382d4
mus-00e0bb57f7f785fa,filesystem,,64736,00e0bb57f7f785faa92c4d18b7beecf39e9c32948cf048cfba34c0f42b290e63,2008,adjacent-exact,121083,36c84de51dde386c3bdc1a28a0a09e29bcb2c4bc65b528dbd24abd5f3d3f586f
mus-0399fdd3c1e59432,filesystem,,73182,0399fdd3c1e594324d00874b97dc42a936925d8d658472877cb664c973a986f1,2008,adjacent-exact,125142,83d842d9685340f7b3abdb278634eab68c0f0682b179f6effcee3c64b57b4c73
mus-ac43f8b6ff3db5cf,filesystem,,99705,ac43f8b6ff3db5cff984bf3f5964751a274baeacfa1001fb71e074bb99515480,2012,adjacent-exact,201523,d9173996b8c539bf4c15e559773ef946aded7df765cb0621b3e902e21e406a9f
mus-edab7c392c1c14dc,filesystem,,97551,edab7c392c1c14dcea761b2235ad8b311407f7a1c6f815e2d6c4bd202d5bd7eb,2008,adjacent-exact,193611,c60d0f05636bffb0e59ea53033793c2da2df443a6039102e2e30a7f712b77a99
mus-db81556fddeccd8a,filesystem,,94869,db81556fddeccd8aa695d1ab7b8271104354b82f2671983d1940d9a778535510,2012,adjacent-exact,194924,0d127ed1c1363dd3ddf401d62254a94b6d8ba585237fe11d82476ff94d1ac935
mus-c16bdab65925176e,filesystem,,98976,c16bdab65925176eae112f64e8e8eaa6d52f75d9d02baf9fad52c9f8b4cee01d,2008,adjacent-exact,197799,4536297c5fbed396c268762004ceb5010fe43513fe43875cb840f7581a20fbc6
mus-f8816f39ba27df5a,filesystem,,32202,f8816f39ba27df5ad6dd1e87c8d094994635d10940182b8e5ffac8b4aa45c04d,2008,adjacent-exact,71054,55a08ee28c7ea519a59c94f6548a0f46d7dd81284f407910302511f1d5745ca4
mus-f37e403d6a593133,filesystem,,143515,f37e403d6a593133aceef91e77b7de36222422fd1b6c701060eb663008bd99b9,2008,adjacent-exact,243551,20473faeb1182efc1cca93faf01b62f30a325f3960b314c8c05927f77ad7e148
mus-12390b2b286d0d52,filesystem,,131054,12390b2b286d0d5226783fda77fc0d7f9d73237d867d59434c758d4627aec6e6,2008,adjacent-exact,216407,87b0f0dfa8e9a15bb3fd5b0b4a39317dcf1e698a5cfa3214596d84eaf292c660
mus-cf95fc17f37d84ae,filesystem,,22018,cf95fc17f37d84ae233486ed5064e5b189a7f72b3be2f0ce0600e7017e85478c,2008,adjacent-exact,56802,3f2ac123ffce4b2ff1060f834d104e12afd66697f44a5f738277b70b55a1088a
mus-1035b44a11e106cf,filesystem,,14288,1035b44a11e106cf3134697548eb5b74d948c4b39f339589efd638c94ba69159,2008,adjacent-exact,36741,e92f3f79ba3bae2b470f8781e04726cce65be9c1d389eb8312fc0c4fceb0ff51
mus-6ed571c9dd3b941a,filesystem,,181319,6ed571c9dd3b941aeb74a27bd9f0dea0af0cc85a8bc42060af1b0e46fe3e2c21,2008,adjacent-exact,284548,36e7c44dd32b6e73b0f28d26f6b2dbf4f4fb6219dcd616312b98dc926689d25f
mus-738e7093c88be95f,filesystem,,174392,738e7093c88be95f3e0bd71dea3aed6e04b38562c14c114a25bed9c956d1d137,2008,adjacent-exact,273986,3c0866930e7aad490af508f261e919b2ae65569ee6800d59817669582c27341a
mus-a3418041f26d3ca2,filesystem,,52916,a3418041f26d3ca2460b61f5ef177c656c422d53c5eacd7afba06a3e5651add7,2012,adjacent-exact,107742,84e0ecf90f17704a5e942e2f957e6bf73239fe7944e3e279756040bb9edc6356
mus-b7961bdef7fbfe94,filesystem,,78455,b7961bdef7fbfe9499f82ed15cbd6a397859c0d7b9ff0e70696fc8b67e129e07,2006,missing,,
mus-b09aed584c5c183e,filesystem,,78495,b09aed584c5c183ee19f6b866947950ef4849dacc803f7db2688fe500ac58e9a,2006,missing,,
mus-3dd3eabb95eee02b,filesystem,,80314,3dd3eabb95eee02ba4d60f83cdf18632fb455e72e57431d263a9b48187aaad46,2006,missing,,
mus-7c2b86b72ca5c793,filesystem,,45128,7c2b86b72ca5c793e543ee239f61eae0ef13658572ffb72193d5b520e53c91c1,2008,adjacent-exact,87779,5d8920c57b245a58baa68763ded080a245da73aad655f4055f4828286144011a
mus-71ea5a88d22a6962,filesystem,,60858,71ea5a88d22a696218652120f8d6feebf3b0eba8cb521a85ccde197b8d5675a6,2008,adjacent-exact,123146,cfcb151396fd522088acb8a8ccce40282dc5133fc995e15c3d792832fae1b67a
mus-df35c5652578d1a6,filesystem,,175788,df35c5652578d1a63f649d8cf84e238cfe8eccd92f356bfedabe2752f7abcc3c,2008,adjacent-exact,304289,60131ce86063ae9052b30a2992335316d7213b28d431f7d2208811c3cddcced9
mus-614188ddd0109135,filesystem,,164247,614188ddd010913597151049d85e2fcac04644d2ebf88b6991aaeeb8bbc1159e,2008,adjacent-exact,285233,5ca153c4e8533cb8627d8798b2ef99bb48b37e2e28afc526c158c9ceade60221
mus-3ac4e72032c8c6e7,filesystem,,524673,3ac4e72032c8c6e74f7d6ee5a1cd26d4d40004e73f2cf37cdc22dcf71f6c6091,97,adjacent-exact,198492,45955d7fb2af2001da9ef6519a858827feabd41147b04a8281a35c16197dd4c4
mus-5e377325bf2a68bb,filesystem,,329563,5e377325bf2a68bb6fcf41e770c789e59e08ab265355947a515ce80adfa0ae5d,97,adjacent-exact,164137,07b1979dbe23935dfa4d4025fecdc453f55bced530f18979520683d9417d59cf
mus-4cb7bd1b6ca9f643,filesystem,,395267,4cb7bd1b6ca9f6434802b3bb298d80cb39fd40bc64bc75b92c2785a57cdb2f80,97,adjacent-exact,188137,0113c86bee3c9e90abdddcbf4959b295499e20a6120142fa4c4ac57d931a0713
mus-343290a7adf7b3c6,filesystem,,484160,343290a7adf7b3c6f2ec01f9b5aadbb45f9ccf3e9029271b12884a9a74ab8380,97,adjacent-exact,207053,fad75f6bb3770b3a4139e8167c6d700cd6bd6c85807f753df316097bfa8db872
mus-c04678db6a01cd60,filesystem,,18757,c04678db6a01cd60f11de371d64645a253098dcc8fae3b6ba1e2e457c20995d4,97,adjacent-exact,20978,7d18b87e206537121750ebb20f9011d4e6f850dce90b3e96a505d4a722d31354
mus-fd08b3093fb168b2,filesystem,,524706,fd08b3093fb168b2ec1c349f14fad78e31ab16f01f72d1aeeff97cdf3db76809,97,adjacent-exact,198100,846f77d2231924e8a12923731687415fad71de2afada4233ab42c1c5df8ae0f7
mus-7be555f3c12df760,filesystem,,329907,7be555f3c12df76014f4197af9a93286441c473ac176c87f90891c737d160032,97,adjacent-exact,164158,d1aba22b5b66879a04ada27f770b03dbd287b60e954a3990d5d066ca6992e4df
mus-795efb345f7efd60,filesystem,,395802,795efb345f7efd6069c369f03ee5b13883fc15555a79a7607881f0a6defc2c84,97,adjacent-exact,188104,00565e68c0d0c1cbfab6712e764f7099315dccfc26668771975beb8ce1c6839d
mus-97621eb45e094aa5,filesystem,,234688,97621eb45e094aa5e7a8893b171a5fe824ecb8c8a297c869e2f6a26c9adb90ea,97,adjacent-exact,121404,fcfb467bb627b2162882d88901e6c45d449382ad69f0bb0593036eb60b4937c3
mus-534b7ee3b01b9960,filesystem,,308625,534b7ee3b01b996057115bb53fdb81fb813426878928c9fa5830a2a87850dbb4,97,adjacent-exact,142997,99e2e32bc4596250b36deebc64d989d8fd057cd5541859586a80f00f2d44e5a8
mus-44115d52a4c9c730,filesystem,,301989,44115d52a4c9c73069884d3aeb4e0ba5f10022ba49756e950ec02490e5c90292,97,adjacent-exact,138604,ff15a560e7c177e8300600845043c6ae25dcc6558ea8cd12d2072e93804d5dd7
mus-c30b7e4f3413d204,filesystem,,291037,c30b7e4f3413d204bf3610f854f3a01c04cf7d8cb5b20fa444d1ca3b77373a16,97,adjacent-exact,133738,16772beb09f9c912fdeaff1b33c67b99f976e68bb409839cb8d15f1340c70e02
mus-d66a227a97ea9b8c,filesystem,,289839,d66a227a97ea9b8c149ecec1614fefabf34e84e926cc1c0ebf7fa1d6752bd68d,97,adjacent-exact,131504,9441f02bc5e4b18afc12b3a556666ae8d517205256fd5473f0bbf481b9ecfc2a
mus-bf6b0062f077c541,filesystem,,319060,bf6b0062f077c541d3cb2c2131e8c6604990fdb987aa739bd5502a3a851d5121,97,adjacent-exact,163267,57994745d4f2899990dbd59ac793b96503196bcc93d9289c00fd6e88c1ed1154
mus-5e90c8c2e04597ab,filesystem,,315994,5e90c8c2e04597ab77f688788c58ed94275f6808fa2107f554068b9a390acb31,97,adjacent-exact,146311,ee479f6417d4478551a3cbe6c53631604f8733ae41a18edc5017974beb6ba588
mus-68f9166294856799,filesystem,,300969,68f9166294856799a08cb213ed53541fc50ea4b0c71296a7d1bf537841a8acc8,97,adjacent-exact,139840,b656d4082d66a1dd35093ecef7fda74ae365dd338ef22d810e43a1d175dfaf8b
mus-7ec59caec2ed8b46,filesystem,,317027,7ec59caec2ed8b46a76a0caa4fef4ae20bf944eebeb57a018670100faa6b133c,97,adjacent-exact,147001,9ee7d181133ae083024249cff24097512670be8420ced7ba8978ceea4a49f009
mus-b2d5055493d17280,filesystem,,304431,b2d5055493d172808757659425363c67a83da016b8b962267f2411735de001ef,97,adjacent-exact,140698,5d60ca0af86ebdc102d22e049d14051613068e9f05391b4f69a2a7cbdd874340
mus-1b6afb5f0b2de8e0,filesystem,,186620,1b6afb5f0b2de8e0b79eb536f8a43984cee57d16c7f6bc94102a088260f5c6b3,97,adjacent-exact,76883,b7577c0a6be10477e0ed275d0f98128271554ac92b48a0353790414e7feaac6b
mus-d9428f750f4647ce,filesystem,,401532,d9428f750f4647cef1f42f8a528aa69a6394a8141eea63091c26c3669cebf3e3,97,adjacent-exact,125232,9cd0fbe4dbaf8191811c75619353d6ec7a83dc131118ff666f309c4d911d5195
mus-010452965b3480f1,filesystem,,211445,010452965b3480f18bb0b0d3d2db0f98b2edc29bd7f838ae70bce924d1815829,97,adjacent-exact,68478,51bfd2508fa6937288b84c1236936477760cfd86861a472816ec0968e2abf50d
mus-96fbd8a5fa694106,filesystem,,325013,96fbd8a5fa694106f49d15652c41193701908af59e5d014a821c15e2748a35ca,97,adjacent-exact,169512,f83c2db9bf2f1834355c20c738ddedd10aceba80087ba3b67b8c51a8d94f690f
mus-4237ebe2275e24b3,filesystem,,294383,4237ebe2275e24b39d69c6b7589fd478252e058c8f5f9c7905f4d576a562ef6f,97,adjacent-exact,151071,74d1c801898b05506d17eed8a8a35f7e083d6156a736e0f9548f98fadad73438
mus-d3614a4d793f3201,filesystem,,532068,d3614a4d793f320106f12ea6a31436ea36982e21f08c5bd07d7614b85febd708,97,adjacent-exact,200137,c871e11841a3fa5c5372956f24c02e0242fa2dbd2d3f9fddf20c452c37c47a4c
mus-9d1969d4bf50dd2d,filesystem,,248054,9d1969d4bf50dd2d6c9005c19e3034624b9250a59028bd4486a51f7848412f55,97,adjacent-exact,127707,b3200e28df3159573da5c5138c6f42a72c1ff6467b2ab951e04371fce925cd7d
mus-9f8e5c10f77a7997,filesystem,,240229,9f8e5c10f77a79974bbd97343b137b514d09e3c89139e5494ed7d284b5d46e4c,97,adjacent-exact,124472,1e119f025ec410517ec1d22bfa9bb5a28c59293f70a51759b7ec4808ba8b5051
mus-fce32cc3ff8928bf,filesystem,,394794,fce32cc3ff8928bf22fe226a7caf41b610a56dfdfd0e1cf4854ad38d756302e2,97,adjacent-exact,187576,7720872cc032e2b76af8d41c5be0a4ba63eb8de2d1a5f7813df69e9ad9c243b8
mus-a9d7dde8573ea3dd,filesystem,,484354,a9d7dde8573ea3dd380a02a44c3ad2bb130fcf38c88ec1a7a62362f64c771e86,97,adjacent-exact,206893,ecd05a0f31b407a9d33d594b04f1ecef741c109b20d7d0c20836b74ebfff36aa
mus-e0894e75192cdcaf,filesystem,,429517,e0894e75192cdcaf2400bc489e00d95fa3a0c0bf20a30d95a269f9f61dba012e,97,adjacent-exact,203802,d3a38ea0a09fd91398b567f2136bdb8f5def8d2625bec05432fd6c2f75066938
mus-c37089222a7f68a4,filesystem,,707352,c37089222a7f68a43f7b7fc6fb5256d9a522c33002b75a456a575e3c681ce4cf,97,adjacent-exact,288287,b507f105861e0df6626745b62dd176a56e98307b36f9d4ef28306b2fcdac709c
mus-83764909dd8b43c9,filesystem,,1452412,83764909dd8b43c9d1460f6dea8d530c8a0eb05da062bca78bc3910a101d1cd3,97,adjacent-exact,490296,b7481307c08036a158eee57c293842150ab5b266312920056c79057d73be1d29
mus-c6a556d06a15e981,filesystem,,766774,c6a556d06a15e981b01b333a236dd868f2e130102cd3883a94a3d2846a1f73ed,97,adjacent-exact,261905,f199984d1c45a543fc30db949d04dd0e6558b9f91b38c88ad34e0722764aad69
mus-7e52db7272aa3564,filesystem,,23065,7e52db7272aa3564aa99b449a3c0ff6205446270f231309c63298a11f5527a92,3.7,adjacent-exact,30431,784966ae660e1dc28dffd6c31ecb36b16a0e18cc19bddc236be6869fdee37fb9
mus-c80f8ede0a54d25a,filesystem,,148918,c80f8ede0a54d25a6d48f7bedf7191e05ab9431e96312dbf5b33cf3ba8c7c660,2.6,adjacent-exact,105598,4713a52dc2e4d08e2162e4d9e811f30583413eb00fcc967251840048d77f6047
mus-711f5298068dce1b,filesystem,,211894,711f5298068dce1bd2984ac55ac068e19f5ed07f49b5c72e8b5b399fc0493635,2.6,adjacent-exact,120587,5ed2b9ed9037c43625ddc0f6b2573129ffaedd87449a97d604037a489dfef175
mus-a5405945d5fcca79,filesystem,,148918,a5405945d5fcca79a2b3bc41bfa172d65b89cd362315dcb3ed4fe95dff08d3cd,2.6,adjacent-exact,105612,c822c529a9bece1c94dcaf0411cc18c095261b792042d50cc55f2071cdad3f05
mus-64cded16465d2376,filesystem,,208310,64cded16465d2376be3f2446332531f261a31f38f576f2321b81ecdbd05c7419,2.6,adjacent-exact,117945,6ba398342d82751071959f1881d833c435d7416f6a6dbcd16b574273edb5aad7
mus-512d54ef16cf6fa2,filesystem,,235446,512d54ef16cf6fa272ad45b7eb50065a2acf0bf6656fc1cc1e441c4e51e0a9fb,2.6,adjacent-exact,124711,e71c7cfde6614e55955620ac533800297f192d2fa3c2365bd6351eb748314dba
mus-114c24a5976b769a,filesystem,,245174,114c24a5976b769ad4804a34dea8f381213c84385ca6f07ee39b52ba547b0bd3,2.6,adjacent-exact,134398,03280b761d39703f80c07fdff54ebc64ce9a689ecf78e2565b3e786cee20dc31
mus-2054f93ac7e5f89b,filesystem,,240566,2054f93ac7e5f89be7e64ace5af7ce469e89e595dee7f6520bfb5f48ab600d23,2.6,adjacent-exact,132527,f0405d6e6d7770e857113e3a8990e72187aa4e073259b207828d7b642e2d2f40
mus-9949f8380e640fea,filesystem,,147894,9949f8380e640fea22811a88d2dfabf8afe1084db0bf722ccadb9e7b446ebb1a,2.6,adjacent-exact,105408,1161d8688baa1e1fb52e1316775778090a41eaab5efce0e58933ffefbab40c3c
mus-a79f97b4ce498e8f,filesystem,,231862,a79f97b4ce498e8f32f4d1eabd5c880b441af3a82ada75f548da1dd291d15554,2.6,adjacent-exact,130272,1392b0e274c83484fc448765063080a6b35b078456b5c342107689757edb8684
mus-3131a5774edcd5fd,filesystem,,148406,3131a5774edcd5fd1b3669ec94af0b8cd6083f7b617463a9aa81734b782459ae,2.6,adjacent-exact,105492,20e935bea994a9fc52ac775c623208b9cc8913b2dcadf5e1f27d598b28956bcd
mus-7b14f87a1e7513e5,filesystem,,226742,7b14f87a1e7513e5a32cc3e469921d7f97eac979e7aa28d6165395de658982cb,2.6,adjacent-exact,127593,ce7b8e28e6c77d5a53f87c9bf5d2b151027892bfb95104f440b135810e9a80a1
mus-66e55ddf28fc2230,filesystem,,148918,66e55ddf28fc223092fa06dcd3c858cbec48da5d0a76e5df1d7116558c8a420a,2.6,adjacent-exact,105532,39a8be207fb5430bea6d6e401978fc72a93ad1d236668af03b04c2f10bfe9d4e
mus-87ab911ef2fad589,filesystem,,223670,87ab911ef2fad589537efff2c52220d3de3d7f003a3924e1770a60b3a405a403,2.6,adjacent-exact,126220,98f3b30d7183f87e61002befcdba7d3da0c316229d9a9c335ad3ca6ae233a9ba
mus-87e81d45b30ef9d1,filesystem,,148918,87e81d45b30ef9d1629a6d5c9cf5d17d31967e8809994024c2e70846969a7396,2.6,adjacent-exact,105578,be60d9363bd06054109b500183b7d400eb1eda2a0b81f109d3b51bfbb838ebc1
mus-4d20802ad9a3fae3,filesystem,,222646,4d20802ad9a3fae313a1b45bf192e7e6d98b20c1866c90a7a0b2bb69a040eb11,2.6,adjacent-exact,124972,667c7ca235d4d3f18ab51b65ffea258af8b33432de1ef97216c5535e4b59932b
mus-820f71d7b4977dc4,filesystem,,148918,820f71d7b4977dc47db8b0f1c60a36342536712d5c135013f786abb8742c825b,2.6,adjacent-exact,105621,a6cb92bb4c1688d76e93b823e878a8b3b0fb958ff300e52c8e4310ac5e087f30
mus-366dc35db99db44a,filesystem,,217014,366dc35db99db44abdf360c46bb70cddbaf3fe8bd16fff08573ee378269a45a0,2.6,adjacent-exact,121724,185aa3b558e024e8f89c6b36ddc7a2f3063821c6a5bb6ee173e86220c216429a
mus-ae7b63b9aab79fd2,filesystem,,148918,ae7b63b9aab79fd204097076d16609db9c42f9e5c896d949dc8d7f437cf903ba,2.6,adjacent-exact,105619,b25d1dfe002db44dc7cbe1c98fe1e8d214231f721d3a0e191d0fbf2021fc2325
mus-91d3a680436ad4f7,filesystem,,212918,91d3a680436ad4f7e814345f7e84977113e8da7741b640906f400a53aa5d0422,2.6,adjacent-exact,120065,3cb213548a52019ea7d67013d6eff5952917a2771433b125afbb79e535c0092a
mus-9ebfb175f4cde87a,filesystem,,217526,9ebfb175f4cde87af3630b22f2ffcd23e251920ac67c52837cd43dbc9e8be0fc,2.6,adjacent-exact,122410,cf23093c16f0ea794396f7362295194d38a683781fe745461bdb4d9e4021f4ba
mus-7098ba657793d456,filesystem,,213942,7098ba657793d456b310b527be144a2148a53a03ab05b20e7b9f02dd0c0585fe,2.6,adjacent-exact,121346,7233fecca719083e496afcac49a018a471bd7ceed83d3053bab2bfd7961bcd96
mus-b677024dd278cb60,filesystem,,217014,b677024dd278cb602f1c9bdd48c3153a5525e718ab3dd938c2192bce0e7d1dea,2.6,adjacent-exact,123487,a0aed7aa8b41bf8d2292723446cb04bc6cc64aaaf02ce4c998050245c56b9ced
mus-bcbd995e9b1369c4,filesystem,,219574,bcbd995e9b1369c47eaeb7bd8d0d333d00d233d57cd1f07b44ffd1eabb7a1d22,2.6,adjacent-exact,124340,9fc84a3cf90dc1e729d569819b0d5e5fe321a0fb2b281222031cfd14346f02ca
mus-3c8e9063533680d3,filesystem,,199606,3c8e9063533680d30ba34120abaf184111d37ed73343f8c1fed19e1d8c32f59c,2.6,adjacent-exact,112754,04c65684ee65a48038dc1c0bf2d6f717bd11546f57667fa6a206de73eae7c11c
mus-627fa083d88c389d,filesystem,,237341,627fa083d88c389df27e19c805de7aca7fc6b3404d9d56347931dd041a8b0fe5,2.6,adjacent-exact,122617,3e89587059b0047545dec9e3bd98f675d4acedf4607e06ae833c8b7f801c0d84
mus-9084c3e334442f2a,filesystem,,194998,9084c3e334442f2abe70aa98e2d38c8e2b14ae1947420241a3f50bc9d502561f,2.6,adjacent-exact,100863,ec0ca5774b2b86d688517a675262d946aeefc29e407ee51dc15f75db3840d3ab
mus-4cd8b3926b3ec06f,filesystem,,190902,4cd8b3926b3ec06fb0099d0598f82e602163901fa57356639dc43ba8ff3bf5ea,2.6,adjacent-exact,106408,99ffb496a12526d335da723556abc6e368a43c5f4bf6d8dee141a4277b9b913d
mus-478b1fed27fb4123,filesystem,,192950,478b1fed27fb4123856ca8fc099fb66dab27f0b5b6f4f6bb13030f3302858107,2.6,adjacent-exact,110725,ff91173e777598cddaf5ceefccfcf5ea3d03b5ee6b49c82425c1dd5cb9b20fb4
mus-041bb39be09ca446,filesystem,,414646,041bb39be09ca446cbd8ad025f9d25e631ccde3e32b62651321f6b1394377bb8,2.6,adjacent-exact,249850,674f7019a878315051cc9caf27c11645d56656b919e341503195c14c59ea2c2a
mus-baaebb24591bae22,filesystem,,563902,baaebb24591bae2241b6af05fc49b170f86a1edd1ad88b668e8c9c4fa55b74cf,2.6,adjacent-exact,274652,bbe92e636d14422754e186262dacbde2b992c21ad1eb529cb12f63f0890035c9
mus-96e4b5728a606823,filesystem,,477242,96e4b5728a6068234f681046391c9b04e914650dafa4bcfcd274a9726e1556cc,2.6,adjacent-exact,242449,239083499850390d1a8b423bcbfa9d28c2965b49d5633539619506c557e1e8b9
mus-c822557b3d39592a,filesystem,,100542,c822557b3d39592afb8e4e963148b73880942c7626a43ac58fae9c72eda416b9,2.6,adjacent-exact,72330,f40d05b501e4dbac681dc6f841e32a30fa1b1ab950793526b1d0015d40efeeb1
mus-b420dd9a4d17fcb7,filesystem,,306878,b420dd9a4d17fcb706804db46f9cdd560837c5b7e49d2f25dc26910babc618b5,2.6,adjacent-exact,156732,ade732f67698defe71ca56204c523f12f407e192dc223f80862b17485cc45a36
mus-a87ec7857ff56940,filesystem,,41150,a87ec7857ff569402e28304766c2528a0d1ad74912cc9af03cf2c19cd17bb78a,2.6,adjacent-exact,42685,7ab235224debd3a896d0fa38e8521912cb2f135d011bb5af5f04f4a5dc4af3ec
mus-1b75490c27bd4b82,filesystem,,99802,1b75490c27bd4b829a2d62046973974ea071fa487ae6b993d1dbf98bad3d72cb,2012,adjacent-exact,188265,7750a72615d968cd41e63df86e30dc3c57bb3737a86f566331460371ce23c8c6
mus-99a969ff74b41548,filesystem,,59596,99a969ff74b41548c5ab8b636baba7f34120e9645ce2db8ecbb991ccd40b7c18,2012,adjacent-exact,117749,de087898702c2871e939833f67521274d258802327f3ee45da7e3f94b19bf002
mus-bcde186bdde98c39,filesystem,,45188,bcde186bdde98c393a7754824fec2a74412830679c94025d46d461b241e87ef3,2012,adjacent-exact,92817,5c8dc30476288ac78803d5aa840d998a6fb3f656b9d0dc2c798c3326735ca663
mus-ba0438a174459faf,filesystem,,42100,ba0438a174459faf9e54ca62f270b5dca4382941a357e5c12061c57a58e9de07,2012,adjacent-exact,86925,8326f356b6ac4d196a2f592722810aa80643456fce58e66c91d814d2b1d06afc
mus-9176cda30ec0b51c,filesystem,,67627,9176cda30ec0b51ca545006469eee1c89e3da97e6d9377562b351ce70440eab9,2012,adjacent-exact,132044,4e4a57a142d2cb26c95534e2ad78d9ba4a40e0a6f5bc60c354ec1537dea6300c
mus-65b53fb880d9f5e0,filesystem,,44965,65b53fb880d9f5e0a767846a6573ce5653483c0dc7ba3d8c556612166920e036,2012,adjacent-exact,94304,7486e6a002ee06e2c56782ba6d885373b52f2e3b669ba324c003a2d7e6045d2b
mus-1d7e0c445793c745,filesystem,,40707,1d7e0c445793c74577be97b986d726b5af897f2054da588796affae62ed8d272,2012,adjacent-exact,85244,e4d6192dfc411a89c2790393c9fbae9948eaf679b29a0a39d06984fe73a89f30
mus-516d7830f69b2be7,filesystem,,43148,516d7830f69b2be79d2ac357cc0ab1e8f39491603a79fe5299e40164ee0f7627,2012,adjacent-exact,90178,8afea71f4400a5a325c86d0dd434f84e8c58c947a61d8699072ad24c8de6d7fa
mus-eff9af15f943c3ce,filesystem,,65249,eff9af15f943c3cea599c9e8f61620b930597f30d518661ca24e270352fc7a1f,2012,adjacent-exact,126904,dc0c19e703d14f30804564f5869476d94a23eb05523ffeaaf3ed83f20058d31b
mus-3868471784cad262,filesystem,,65205,3868471784cad2620f9c326f51bb93cbee776e04c3f8ef3b684590a6969eac28,2012,adjacent-exact,126820,46ceeb36c4378347cd6c98ca575b8752748c6ea0fc1727400bca75b901732b1a
mus-0ef1987f3df413ba,filesystem,,42493,0ef1987f3df413ba18cbafd348aeb4d3817c556233f771df44665115a2255225,2012,adjacent-exact,88935,85e2a400b2acf411fd0644cfd1a1d50e79458adad6e3547eeabc0cf1d3b7f7ce
mus-59d4c6b599a1c05a,filesystem,,39346,59d4c6b599a1c05aa8d7b51e25546e06cff57aabedfe5b3f7919891c83f01e85,2012,adjacent-exact,83089,41cf97d45706ee935ec3d24d541eb2512a71f2ab8e2896158b67353168cdc0ff
mus-3504b8c614d4f480,filesystem,,60184,3504b8c614d4f480a644f06097986beec56935ce6f45a6811349acef020f0deb,2012,adjacent-exact,118834,f97978943cc3ec679e452b16c3b36f57f037b610c19538d70a3408a59afcc880
mus-9770622d39bb4a7b,filesystem,,91673,9770622d39bb4a7bc0aa086bef8a5baf9047200043f784f5e61782bd8d8dd891,2012,adjacent-exact,184853,ab63a7d43e33e56cbe295ade41d8d6207176c29b69fc72cfd7645412a22c5b32
mus-62404d5e08f1d88d,filesystem,,79768,62404d5e08f1d88d9ebf73ceee93756d1e8d16fe9ba25b15ac3dfccd5e909c9d,2012,adjacent-exact,154074,415b693c94f8cbd39dbe55179548fbbfc6d3002e9f56564387c4e171fac65ca0
mus-df943ce03f5ab702,filesystem,,67402,df943ce03f5ab7020713d7a673d759eefcbd12bc2cdd8ab9b1264cb53af0b41c,2012,adjacent-exact,137019,e9d76b899614a520252c19e6d9e5b17409956564a8187ec785455d4acaa1d35a
mus-d6d8b32b7b959167,filesystem,,57061,d6d8b32b7b95916747c3448efcc82096070ad6f545f4a7e465499aefec81ff9b,2012,adjacent-exact,114552,a2b33a13b9ddb21323028aca28b1f1c04d83ac2ed9eaa6cb85ff01c157da709b
mus-e38271a5eb877ba5,filesystem,,91692,e38271a5eb877ba58272726a349031f065077ff373fac31e3cd4a1251982b886,2012,adjacent-exact,180509,8a78f844562d6fe9a1e2db5a80f005c6e2e78b647b305fa5157bc83b4a8d5835
mus-ece214e331677572,filesystem,,75916,ece214e331677572f9976ad2df63a4a08d0523b8f0e5a8b379f01fe20e7508a8,2012,adjacent-exact,147152,107a1850149e2e07e14c47a6a1eba7a6068a595b4afc83d14fb0e5a7e98a4339
mus-f8e9168faf8ea823,filesystem,,78207,f8e9168faf8ea823a5369fe42f32ba3a1cec2f9eaafb43bdece641b62c3a299d,2012,adjacent-exact,157308,66bd90ed100c83b85da2433158fddfe004829a7497fb542c7da9a3d9daa7683d
mus-a739d99915097d62,filesystem,,64303,a739d99915097d62a3a10471b33e7214bddbe37e31e6f841efcc6fe9cc38a6d6,2012,adjacent-exact,125569,d8809148c72c04d85858d4cb1a18d110c27fdefcc3e74281bca9d8c5b3202541
mus-ae25a32a7c05319a,filesystem,,107701,ae25a32a7c05319a844b0beff7d38d455c4153bfe90e99f0220a8a642612b20f,2012,adjacent-exact,207274,522dceb98da98c997f918cf3ec1911f502248557c0c7e8390cd57dbf4b453b54
mus-c909f9e78a0d0359,filesystem,,77457,c909f9e78a0d0359e137fac1d794b096dee104bb1820a75efc5818435eb76222,2012,adjacent-exact,153456,eca7d284c57aafb5aa9065c523bf02421dbaccc3fc95fab5430bc8cf5015676a
mus-a06ac87967d235bf,filesystem,,178812,a06ac87967d235bf8fa3947163538a4312cb5b1b9d422327c97841aec20dc05d,2012,adjacent-exact,355249,323952220ef2bb0c7d3a9cfd5364cc4dc1c992b6be986545dfdb5d2737d5a660
mus-daf77be0bb57e04a,filesystem,,125919,daf77be0bb57e04a9ecb2efe4a45e7d8163d7404140b40cd26505f97e804290a,2012,adjacent-exact,233755,1e843220d7ab3a7489177bd5002fd1ad8fe66378e925bb9c3cfff518d01b8c6d
mus-d93331463c0c2c76,filesystem,,88054,d93331463c0c2c76cf22d2a39e494074d6444cdf7837dee30d72d3dd3b57c5e7,2012,adjacent-exact,176630,c9f336ad09b3980493d1b68c835b457061bd175b1ed3ec0c734bc5204f2c6d04
mus-284135a628ea29c6,filesystem,,1173548,284135a628ea29c6adeda099cce50286b1d1835a5bf1d3bd52ee883153015cb5,2000,missing,,
mus-dd6e27918389e251,filesystem,,223479,dd6e27918389e25111d9c95024626bdc5480a170909fa091536a1c98b73ee4c1,2005,adjacent-exact,173610,d8d124cd3af9ac1fe2b675e38ab640c3b555c6e820232b419bb89d8101c584b6
mus-18f02cef2fd838f2,filesystem,,217749,18f02cef2fd838f25e8b08c3556aba2176ef6496ea60311877bec800e73e54d0,2005,adjacent-exact,166834,1368aa567e2a091fdbb1a51ebdca5c037ce86ef9d6f6130c1048fe16e621e0d9
mus-61b61ac2ec2f429f,filesystem,,212592,61b61ac2ec2f429fa28abe014423408ecf2ad5737c1b1fb0a091192358849dbb,2005,adjacent-exact,161779,722afb77cd89083d59440c261052ccd2a24e6f4d1afe509124dd52a61d7645b7
mus-ec9e704242aa26b3,filesystem,,214285,ec9e704242aa26b3e821b0d7ef739ec93d6d1033f2fe3280784657c067aa7562,2005,adjacent-exact,163936,cbbb8601fdbaada483478da6a31435857a36136bb00e2d5063b3ea6f12193b77
mus-29a85b72fecc42f1,filesystem,,201335,29a85b72fecc42f1858df7e1559e350e7716e79ff09597e0fcb881e9c03e1120,2005,adjacent-exact,144867,c124818b01496401b71f8cc025f136e2b89186d071f8ced3cec30e88f61a9b82
mus-6e5e79300ec4d5b5,filesystem,,199228,6e5e79300ec4d5b562eef8a37de5e29232698b04ff7017ff8c5e9ac99d57c4c8,2005,adjacent-exact,142812,ce5279f7d8893f86cff2cf179b5daed32e40f1de2b3c1acc1aaa37758bbc73d9
mus-7793fdec03ea85b6,filesystem,,199665,7793fdec03ea85b6e82e5333afb91346959adcdbc293684ba3c60dbeb16290b8,2005,adjacent-exact,143472,7bc960858297b58d8466a8813cdb06a3aac52e0f94596e705633ba38a41cc297
mus-696440d4f6e4f3c7,filesystem,,211758,696440d4f6e4f3c752a1181d4b57182391124132d68cbe219634c55d965163fc,2005,adjacent-exact,159641,451cfd493cedca94987ba4e03518b6e05b58286bec2a4e77aed35402866aea5d
mus-cd855d00f3146cac,filesystem,,208019,cd855d00f3146cacb0078766f4dd86371a05e4c4f5024799f68b926ba29ed4e8,2005,adjacent-exact,154314,a1703d68d9400f0958e7a874d01c0a540f29417ec500724dcda8d80886d5131f
mus-c8516540ff76b9f6,filesystem,,202331,c8516540ff76b9f63bdd273e105bbe250176b436c3cfc284aebc511ce796b4ac,2005,adjacent-exact,146925,c7d5b80c1188dec08c1f52adb6cf86e5d361f5e15c55ed57b4557e80c2230cc9
mus-9204dd874b2d6182,filesystem,,205113,9204dd874b2d61825638d0fa2f86a3da2df63807a5eaa17a563a888260d6666e,2005,adjacent-exact,151791,c989f1332524f96775dd7576d6c2ffc95b093957a3629eba3bba2feed4807482
mus-7bbcf9462db843ac,filesystem,,194504,7bbcf9462db843ac550be1235d3a7cd01fc0c59cafe370816ccc7d738079cb15,2005,adjacent-exact,151216,33da693c3fea07f0a2ae4572648c35247e6d92f368f4f70e1d6fc0810cf1134e
mus-323e9044eef261cf,filesystem,,214629,323e9044eef261cf615b846250800045dda4ae354cb84d62ceb1b6a16ab4340e,2005,adjacent-exact,176878,324211463a1ea615d47afa24d1f01b6da5eccb990f2efad1c38f32c3c409b0f8
mus-234a06ffd22e4bbc,filesystem,,165027,234a06ffd22e4bbc8bd95f4435ce0219430df27ed67aec2e61316708f51a7c2c,2005,adjacent-exact,113848,ebd60786b2213486ea79890c68b8b284416b1aacfec4e25d39c80ddb2bdab321
mus-26575a5e285dfd21,filesystem,,122124,26575a5e285dfd2177a77d5cc1d712ffc8d7eb2b36ede5b53485a84f9aa612ce,2005,adjacent-exact,89867,82aaabb9f81d5c9fc88aa36335fa6730f371f18816216ef8d913b10a70134ec6
mus-38b9fab918692c88,filesystem,,113716,38b9fab918692c88a00643fcc6e8f8c72beec6e5a6320bebaf309e42717357e2,2005,adjacent-exact,90275,ceb9a5a314a8972e5d8b4d5d045ded669102422500796886c10687169287b97c
mus-0a8a3843a5f66faa,filesystem,,102850,0a8a3843a5f66faaf9334d68a40d2d197686b8066fe3404b8875f5586a8341fd,2005,adjacent-exact,96399,3ba2cc33dc7337923fa77f3e69dd9551c2ff0e3c592a94d016e09a6244027dde
mus-ce8c35aabce21f08,filesystem,,1173820,ce8c35aabce21f08ae6dac350e11826942fe6622464ed332a26d5839ac9d9590,2000,adjacent-exact,393909,4064cd893c6cc72b5bfc42b15cf29df249712c561b13d4212fa9d49c9df655e0
mus-457909f6f9b41cea,filesystem,,1026607,457909f6f9b41ceafb91e9072cc58280fcd903cb82b91fb2475780480fd7f4cf,2000,adjacent-exact,340984,ec2e2871f5c5a47b484108a51f602b01840f53524ebfa3b928068c54e86a339f
mus-dc838613fa3a9a3a,filesystem,,991861,dc838613fa3a9a3a9da7b87a3755f35f17aa29ee0ef84cbf5fb87856b65e6cfa,2000,adjacent-exact,316718,b14c3c58eb7513ad822be26db23b1b894443afdc9cd35e41a1e66a3e9ffff50c
mus-acd76db0d1de322e,filesystem,,1028812,acd76db0d1de322e05ce8f12ba18e22484b1f91d12eda7c1301b087d5a6d8d00,2000,adjacent-exact,317459,70a3dc682dff4a82ded3f8daed8fc2ffe8ea0e99f800eff174d5910c216c1dc7
mus-2fbcfbd7ee6f07df,filesystem,,204596,2fbcfbd7ee6f07df61240077043165767d8d0d5cb1cf3d7a182f84a5c1114d99,2005,adjacent-exact,164586,b738c7ddf210c7d004da8a9bc4461317cf24228bb7b7d99d092361a46fd26b98
mus-ea68817ea942b4cf,filesystem,,229909,ea68817ea942b4cf3d371ae28f16ef921194660c835fc4b288f399ff7bf67a76,2005,adjacent-exact,199625,78bd67cd0a2757de8e6796a61b480e2740c8e00796b2effd51869c117824f034
mus-026d59fd84e18e99,filesystem,,234092,026d59fd84e18e996051f8c8092e137798b72d5e18808a9fa9eb2eb0821b8474,2005,adjacent-exact,206287,c73ed5187b327ed1645143a62d7718a047b63ee2d877541fb607a59d5c5457ec
mus-308351ce0cf9e667,filesystem,,232646,308351ce0cf9e6678dadba535f95f0ebaf27c7be3690ce49696526804b78b557,2005,adjacent-exact,201760,4e401269f9bf10f86b5c20e142c3cca5ef5d9a3af6843cb24a2883250fd5b6ee
mus-ec55b0768aad78db,filesystem,,236839,ec55b0768aad78db1be5a4fd6f9544bc55fd266ff80ff345e001563a8ce5d801,2005,adjacent-exact,207484,f06ed19ce85ef51b4296114ff5270053fa9d025c4ac205a61e0186eaee90c48f
mus-29a80abeabddb313,filesystem,,232990,29a80abeabddb313d2982c0af1037c9a233925bd24227d35d1367bcf4572885a,2005,adjacent-exact,191906,e50a687135df274ad469d15a3528729d72b4a88748559b12dc39986f34283368
mus-f260bb4453928a2d,filesystem,,230632,f260bb4453928a2d1393035fc5703794cc3eb3aa5fdfb85e91617c4803b9c54c,2005,adjacent-exact,189491,afb905e6a3c9af3a45275efde020dd123651764011510a8ea0871e74728fa087
mus-7a7a2a3455b77775,filesystem,,211117,7a7a2a3455b7777570bdb2281b3dc7f9b1e764e471d95ee9c6f5f2167dff225c,2005,adjacent-exact,163855,e8055ccc6340f0d8b98fb424de6117d6f2fec8d42370e868fb00ec782a270133
mus-00cd67ee2a93fccf,filesystem,,234838,00cd67ee2a93fccfbcfbb6248f75db788caf87870948a7ab46ec7b642c4e94d0,2005,adjacent-exact,193995,d7303113fb9736fd08e0f6198d6ea9153a01d76e8a39397cb60432b584d25696
mus-fff50ee17e6c62dc,filesystem,,230308,fff50ee17e6c62dc1279ba46ee50b08d9947185b4e169c50009cf50244174aa7,2005,adjacent-exact,185957,0e084a3156c5dcde2c4830958e03d62a2044e148a49c77db73834f7c08e999e1
mus-8a8986ba5469f401,filesystem,,223742,8a8986ba5469f4010000be8762bfad960c3f35c5d21a519598086da7cc7fa4fb,2005,adjacent-exact,178710,5e5d38a5fd4f43c58327f278309b23beb91817ac301b9ea89bd54e2d38bb2754
mus-e1221af017faf7ac,filesystem,,233747,e1221af017faf7ac4590af5f5c4ab3c906547c5888b85afe38da8d7e65df4610,2005,adjacent-exact,195855,b69e644785269d97d38286fa4b01044c082c8d5169b285547ddd1333d9b13b29
mus-63821fa01d27887d,filesystem,,230748,63821fa01d27887d1e68a2776158f813e0de6ced27d15ef545b287f4d28dcca6,2005,adjacent-exact,191118,08d090c7e2f2449e4677b01d7e95a0a75f35af4d9ea14f4d7769ae61279a4088
mus-de08e8ea289ec37f,filesystem,,214369,de08e8ea289ec37f3ef5641d067a06053260e3e362f08ea49419ef8925f987ce,2005,adjacent-exact,165135,c229a35ae328e21d6d9f24f20a5bf2a85b612c05e28ff81500c1d3a181941fee
mus-12be6b96fe8b8d27,filesystem,,225606,12be6b96fe8b8d278d595d2af229a8aa9a75a65a52e686ea360e5ae0b12d7b60,2005,adjacent-exact,185056,9cb03e3879839fb80c452f94ec0c5d4f76a2f71f80985ef7c9b35206a0bd1413
mus-af4912397fb020b8,filesystem,,220988,af4912397fb020b8d8c2abb5e9459fef01773eb99ef161697e8ad8b272355a8a,2005,adjacent-exact,177857,db3bee16debdfaf1ce2237944cf5ac02d8bc4b58976b25936c469b65a49d38d2
mus-e5a41c76476f4374,filesystem,,216221,e5a41c76476f43744a2d8a902161e02235e6c7811d1ce7f71a8681dd0ecb7ce2,2005,adjacent-exact,166864,39917a31a5418a015a08994e5debce5c3439a19aea1d3cb598abf1796fbe15ac
mus-f4cef10b32370df9,filesystem,,1673949,f4cef10b32370df9036c9b5bcf3dd5671fe4715e2af7f4b41a0c3a86d493c07a,2008,adjacent-exact,1162575,c32bbe6f5ad5172c7bc9d2cfed15244ec05ff85b3e20c4a08986ae884e85809d
mus-35e4afb252cca32c,filesystem,,2257391,35e4afb252cca32cef057868141ece618c1ebb082503403d832f928f09674b26,2008,adjacent-exact,1297658,bb782a561b488cfbb6c535096847a735b28ef53d05d45fd9249f81ca74734129
mus-f6036e33fb3f4fbd,filesystem,,14537,f6036e33fb3f4fbd64e1ff6e9eb426692a953c09add4ba7003b839f6db09c46d,2008,adjacent-exact,37421,aa6b0553bd1726df29d06a697604d4b98e597fdf64e136a7ee9d69f3461ac238
mus-2e0f7bb11eefa671,filesystem,,17893,2e0f7bb11eefa671faa340f155bf8c304f1a66c41537661aee69583ac83fe9ec,2008,adjacent-exact,44893,b38c40d106c92335e639b09f21854cbce99ab249448ca5bd3c62fa82a8f1b466
mus-47b7705480cc57e8,filesystem,,16768,47b7705480cc57e837342c07e7e24ff79625a8e4408e7dd57525e8e64d41724e,2008,adjacent-exact,38672,f69ceef3b64100d1284a08b539fdfee3c8d10402574e24dae82b9d731d9fce45
mus-c1e64fed6e2c552e,filesystem,,12991,c1e64fed6e2c552ea161ee966539d949f20cf2da41f51a7846dc112b5032ec83,2008,adjacent-exact,34560,0381b5b0eb01ad373b23056b1a0e401f95dc447702307aa6a289c712ca6c994d
mus-0d3bc2a319d6ede7,filesystem,,14538,0d3bc2a319d6ede70199d56e986ac449e8f8c6909713eb614e0bdfed7035c22e,2008,adjacent-exact,38040,c39d27bc6c7089d8fb9e72a0290ca64783e59098b2b1f8d4066c3d5eaf6ab327
mus-c91b58586410d149,filesystem,,12967,c91b58586410d149f8face4a5dee1ddcbc6af29996e68445698d393c7cc226da,2008,adjacent-exact,34438,20a8eca68f2c0d8fc5087280153aa5967a0e652d8fc5ddda28f353649aa45c41
mus-26fa206cb6a14ba6,filesystem,,14746,26fa206cb6a14ba679e18b0232e9c809bb5f237fc95775e68a899a557ec4f947,2008,adjacent-exact,36869,388c28238eaa5be7cbd21e3ac83128d10c84a78f560b8400e05040aa610aa509
mus-f480d530b9085928,filesystem,,12901,f480d530b9085928fabe5d761569aaa06d72dd19719fb9bc3dc67d520f133630,2008,adjacent-exact,34390,8ed33bfa5227e1ef762aa183670823946f21cf0aae761d5dba1ceae5777f64cf
mus-ae6c07997b7e3b2a,filesystem,,104569,ae6c07997b7e3b2a45d0c5be289e13a2de8faa450db8fd7e3e97830fb1d32ab5,2008,adjacent-exact,191970,887a4a214dcf9b980b1a42e21b8a1d4bcc822bbb3a0ef2c6605b116b65630256
mus-126412804311d503,filesystem,,851339,126412804311d503685f07f8da1bd76ba67dab4c531d88165b7e23d3fa103d86,2008,adjacent-exact,594880,603ca8e3f1e9b3ab48279164323f0c9045fe2e8a986f1a5048d470b3183e77a0
mus-1b66c40da643b991,filesystem,,11571,1b66c40da643b99123bcdc6d2c718c58ab91c4e5fbe16b6cf024023cc41329ed,2008,adjacent-exact,32206,ee8ae4b095eef8af2aa40d48cedbd80e84e680646841d509e2db4e4232f9f526
mus-93ce96b7e565f03a,filesystem,,580693,93ce96b7e565f03a2c0485494fbb7a353fe1fa6b2ad3467056538b056975f4c7,2008,adjacent-exact,1025497,0328e5d6dd5a46c0d90730d75cdd34bf4c5f4d4ebd0c5a9624190c00e0a7fe7b
mus-fc2b44dd772a4292,filesystem,,462245,fc2b44dd772a42924e9c332eadde60ad933335702153998f888d4e61d56bde58,2012,adjacent-exact,894283,46f4afb5739ed813c5d74bb35f065e7655f6f9d7eda705a02f0f505dfcb1ad4d
mus-227c6cf2d1aed761,filesystem,,436477,227c6cf2d1aed7614b2d4e07bc1e0eefa73fbcefa5253d8212b18f845a0ef284,2003,adjacent-exact,519554,33f1f4befa918ffa6a8b25ea07b8430cda9bd7399d4bf8e792aba0939b1ab357
mus-7c2710469f45c806,filesystem,,91794,7c2710469f45c8068d6d15bdab9bdda78fd2ed2e5b9a5ff8ea4e5cb693edb585,2003,adjacent-exact,115272,45644e8fbe3abae2022ddfde6f3d59a599fd3e42b881455dcbac28edc1126b0a
mus-4a344577447273a1,filesystem,,95156,4a344577447273a1e9378208f7c7f7da4255ea8168f96d5d7da82864db80f329,2003,adjacent-exact,120372,e754c9800c5072b5217af49290d762963812557933aed1961ce693a7b653157d
mus-b2eff93d296e0888,filesystem,,85046,b2eff93d296e0888fa58f14b573feb1abc6fd32534a9f80e0c58a90c25d676dd,2003,adjacent-exact,105858,56dee8dedfb8b4743298527a89eb2d1c54b09673a2d52aaa0a73b1eea56c81f0
mus-159d7a06b66fafd5,filesystem,,102788,159d7a06b66fafd50c488e1b88ec50aa546cac9fa8724cd29f217eb468d40b56,2003,adjacent-exact,128921,f8e3e5a2bd5ba2824d821453240be4b70d617d9b04326059d58f7c7d3b5aa928
mus-54240182e62a8095,filesystem,,99766,54240182e62a8095f7f93bcf4259ec8b990ac527043f58389c012ad0c502a4d2,2003,adjacent-exact,127439,52530d6100dfc3641940011eb1a29b1b9033d49a24af057b25fd159404c98496
mus-b8e3d49e143facc1,filesystem,,93130,b8e3d49e143facc1a33e5977635b5552d80c3084814e73ef71b165f322e1833c,2003,adjacent-exact,116431,21b96890a03f2ada124d4d4d90f82ca9576207d571677b19a9384c09a86c6603
mus-11e82f7ca92aed1b,filesystem,,85845,11e82f7ca92aed1bbea0133514379764b7d18b5532a3e224272d4995967b5e68,2003,adjacent-exact,103521,0242f13956c664a1e25199f05fb18cef90c82bc8a0a742e9accbb764b1620313
mus-f8570e9f9fbdd7e4,filesystem,,96411,f8570e9f9fbdd7e44c26fa9dc719f0325170da3edc9e204a05ed50ee6147f823,2003,adjacent-exact,121956,1a9203212a3a96c4b17b81324e29448834e165671ed0233aa3ba77b11089992f
mus-69fce7f6e2b6605a,filesystem,,92637,69fce7f6e2b6605af10507b6ca8a220a64325a713185e2944189df212b2b3899,2003,adjacent-exact,116417,5b2aa1428818d6cab0fa90fbf8afcb62f3e7beb8a19c1d6c9dc2f0d917ce8c81
mus-8b0216293a7ff650,filesystem,,97412,8b0216293a7ff6500dcd9da5cc032ee49d168dcb803ab1494b248519e74f365c,2003,adjacent-exact,125177,4fbd4a91c7ac1550636b009c6594f66b25b45e76043e7fc1ccdf743c3f324780
mus-3aaf30255d193652,filesystem,,90401,3aaf30255d1936524f085ac8fdb6d6ecf96c3f3dc7abfb5a419c57a5881943c3,2003,adjacent-exact,113144,b9d81463532e4213e4087ac5af4416ae7b05cf8f99f627cf74dc05d0ba5122ad
mus-6719a52301e2cc73,filesystem,,88651,6719a52301e2cc734556262ea7eacb262ff6eb8a6b2171b6e286ac963751055b,2003,adjacent-exact,111021,1c01f979acd8bae45b2f7b29480028d42a8023ae33711b30bdc8cd4f7955ecd6
mus-ecc8e681f38d7877,filesystem,,95675,ecc8e681f38d78770fb2898e1b47839c05e4474166de103c5cf81e13afc31647,2003,adjacent-exact,120754,ee5fc993648ebffe25185d1e03ca310ef4187ce3f01bc6a3a4012b57ed5f1a05
mus-154737c932721998,filesystem,,101980,154737c93272199819aa19f5f48a661f2e94acc4fd734260a753839f47b2eeb7,2003,adjacent-exact,128710,b57c5ed6e9add5bb00af0f07fff336577c3ccef574fd124e939701b8430ff670
mus-e104e329db878fcb,filesystem,,101466,e104e329db878fcb12aea0166e3f4eb0c0ae7c11d851961a7c78380b9ad2e1bd,2003,adjacent-exact,127740,74c15cf3745316a9a2a7281a0be4a4314ac3bcd177736b197d66a4d3142a8c2d
mus-6c1eb2a1f33d08cc,filesystem,,92635,6c1eb2a1f33d08cc84e5827baabe03044c61191a364bf9ec9dcb227af29e3fab,2003,adjacent-exact,116538,f6bc63fac8a8e4c66f5fdf304c76c37450f4cc883494dd327ec69e3c67cfd0d4
mus-1a515e5619b05d3e,filesystem,,83247,1a515e5619b05d3e0f4b3a2b12e70934a92b9e663f1b09d331bb3bc59c6e1054,2003,adjacent-exact,103996,a3b31dfd815e6f840c4ac1f14212fd603bd322430cc5f99db0953193daab72d8
mus-955ccd6c5daa9f5d,filesystem,,84362,955ccd6c5daa9f5d913c16161e03063f2c085a154b2f4b80c218afa90214a326,2003,adjacent-exact,104558,30d389bd3bb6f6317963f281dc7381170acda6269a3601286ceb4320695cb67c
mus-53cfaffe09d500cd,filesystem,,101485,53cfaffe09d500cd4cf87532035820385fbfe596f9c68541c55e5d9c257c9589,2003,adjacent-exact,127848,cecac9cd7b2edb0badf184a82de5612ba0f2403e915ab238b962ee4a546e4120
mus-6cf11d68e311c08f,filesystem,,112668,6cf11d68e311c08f417c264907acba14b607caba6baa0ae3e81ec11ba8e66c24,2003,adjacent-exact,135005,acbf793f99741c579e0e643b2cef57296a4b83e782ba782bccb7a275f18b0017
mus-78a043357ead5f24,filesystem,,107984,78a043357ead5f245562997347e2c7ff5b1b5c22f74e7197db63baf68aba77c2,2003,adjacent-exact,136677,00547292f88789ba7d5a9827672db86b99c7328bbf598cc20009ae19cf186310
mus-cff4957bc07f3c74,filesystem,,8828,cff4957bc07f3c74c274c8a8af8dde757910371f017d5050f55b7e6523924a43,2003,adjacent-exact,37983,fc6b71f9c369e23fe93564de5cdf8dcabc57c6e8dcdfaf2febf516e4d9b41622
mus-5376a30fd5ef08fe,filesystem,,49990,5376a30fd5ef08fe6aa0cc0f382c1d658163d04516fe48e3e6a939200640e3d2,2003,adjacent-exact,92689,d934554bd811fb7e86f4004f09ef80146e659b99d6665f9fc48b9d482c5e31ea
mus-2cf7fdaa0a7978f6,filesystem,,438385,2cf7fdaa0a7978f6d50a3e9e6b463e4c0b79de79f61b29275cdb430db4ce9817,2003,adjacent-exact,520804,e5ab9f9f564aa2af58733473842ef358eebbda2417ad1db95fb81a65d228aa36
mus-90ffe7743393398b,filesystem,,697739,90ffe7743393398b7257ab20f114db9fcd9e549db32701d4403bdff63a48a29f,2003,adjacent-exact,678018,b88d06abaf7b5c1e4cc5a6aac2ddd508916267aeeaf51821f73a9a2d49ada496
mus-69f69090e3f1b509,filesystem,,446659,69f69090e3f1b509fda3eff387b6e4c2d5bf2835fd3cd0b8342f431d48a55a4f,2005,adjacent-exact,518542,ce31d0254dfc7bae0b4c9f7288f788b02b14a2496a8e23cc212c1cf3273f1d21
mus-cebecb347726fa0b,filesystem,,169232,cebecb347726fa0bbef1afa29db8d5d6f6ce110f3c342140a850018fa08680f6,2003,adjacent-exact,201259,3c71850aa7a038c74a6e01cf795a59ed09a5e72db4655322024f55070a25c759
mus-df5e513852d25d23,filesystem,,178859,df5e513852d25d234ccbb0169c7da58c9de5d2594b55d2f64624630385648736,2005,adjacent-exact,209441,2646cd4b4f9a72c0f9bb55364c28367f5478736b72f641c0f84fb235acf67010
mus-f6e28e25a370df9d,filesystem,,537798,f6e28e25a370df9dacfa5723d3a99aa93457fb97325653c00b97d73e849f6951,2003,adjacent-exact,610683,2571a2e1ab34f757b46dd2ccbf25715fbd41d50db87dd341b87c8fadef32163b
mus-c98cd00d8844f524,filesystem,,794611,c98cd00d8844f52461847571e204b544467c5187f10733302a77dae4cdf1d26a,2005,adjacent-exact,859124,dba7134af97b854885022a0fea03d535886f4d26631804da7cf8b05789180171
mus-91f2d7ec2112ffef,filesystem,,10724,91f2d7ec2112ffefa21097ce071210cf94db5fa52e1b3dee0e382b14c05ba0d6,2005,adjacent-exact,29525,09ca2453c02284d5aa4fdf19272ca0608216a1a5d53754f70363f60437807e73
mus-44204fa66ebbb8ed,filesystem,,343081,44204fa66ebbb8ed0e828923a0996098df5c76e83fa9fba49e17f6ccd83df7bd,2005,adjacent-exact,340532,0f891187ff7ea9b32750c84f62eb71364a41e49b3d2b44ceead0ddf8ce154c1b
mus-3a1e40571ab4975a,filesystem,,337903,3a1e40571ab4975ad8dc63fc7d0d092ce0062fd3d2c2a3309218d71c1e86c2de,2005,adjacent-exact,333444,d705dcb41f6f2faf62e27cc03090ca1a60d975f848a9ee2f95844379531beb21
mus-f25137ee32a201d5,filesystem,,319055,f25137ee32a201d5090f4fcad33b1373c9d250ce9f6cab1a04fc747320049af9,2005,adjacent-exact,305910,5748a8acda0775fe566a5e6128f55d203450188d820aa2b87ec36cc46471497f
mus-c7f1044a7237f85d,filesystem,,314721,c7f1044a7237f85d22430197e8a96289c2127c6a642c23f37dc92fc31624e823,2005,adjacent-exact,299064,5b4309bb5d32b061526a6f190dc2e95feac8d377b32ea18c4e4f9fb0330ebcab
mus-3d59be2e9812470a,filesystem,,83615,3d59be2e9812470a9e303a050b3fcc70de616d0fdefbaa5ce71be7532a8fbde5,2003,adjacent-exact,141806,ea9cb22963c978d8be02e3e45f0581273f5100995ddb5978f540b3055ad66b59
mus-b970b65d3e380379,filesystem,,16457,b970b65d3e3803793c5d661626981360cadd0714f3819f4b4066287372203d48,2003,adjacent-exact,32743,a41a3546acb95615b8aee57a1a7e740bdebe6b7ec7170876d64556279f55736e
mus-d789e3cbba675255,filesystem,,40473,d789e3cbba675255826fefc22ccaf742f89711dac0f7ba9ddef6bfea0802800f,2003,adjacent-exact,85639,e9997639ab8fe3a9d16c3018383b2f402b09220564ebb8ea95b15422454cf911
mus-9a5245e39cb6613d,filesystem,,91316,9a5245e39cb6613dcefc8f3b6bdf069ddbeca7d4f20ba322eac96fcb10c3c385,2003,adjacent-exact,149281,a1b319c07f85c5711080d2c4f8e2d2f122f7cf42d51701b1e13994b852adcef3
mus-356e5baec493ead8,filesystem,,56479,356e5baec493ead8edcd175149b2e7dd9bebe4d6ba8111857426f635d715c1bc,2002,adjacent-exact,102060,5f057aac0060d7499cd1169b9256b4d4a54352d1e99f8f61ebc09def556c1cb3
mus-f15fcbff3d037122,filesystem,,9107,f15fcbff3d03712224f305f84fbd1b32e7dba5cd06f71354447a7d4839d0ed2f,2002,adjacent-exact,32415,f254261ab27c008dd436ea9e92eab14a8f53f1ad9ac6a465b406dc670f544506
mus-ff15f9684de71c38,filesystem,,30190,ff15f9684de71c38a67ab7e4852c8e0f0ad41b6c1b35c3baa98eef7ef6a5a7db,2002,adjacent-exact,69930,d2eacae5b52bfb050201dfff3de52022132bb603520028316460fe765cab4cf2
mus-79e64580983bc6de,filesystem,,34797,79e64580983bc6de5d0280cad085006261fadd8f9c60da1a0b8d6c382595c184,2003,adjacent-exact,68470,157da0ccacd876be09f5d0d1594870538361ae9f7dc72ac0a26f3231454e89f8
mus-60b05cb3281c1b63,filesystem,,28605,60b05cb3281c1b632c296d5f4637b3bd060cc17e5eaa07e806526629263863cc,2002,adjacent-exact,67542,be5466f2556c427f06159e48add089a2d0545bdabb06c0874aa422cc20c90760
mus-9811af8dc272a029,filesystem,,20251,9811af8dc272a029ac548805e2ae1b088546503f19da40694656fca847f3fd67,2002,adjacent-exact,49127,676bbdedd1b7533dab72fbdd63b62f1b4afcb2f199691b40b68cb35a598ba04b
mus-d1cb27e8439694ce,filesystem,,45114,d1cb27e8439694cedaf13e43fa688ec47fdaee46191e28cf3e3a149695439e22,2003,adjacent-exact,79842,d26ac3ab0bdff5ca1032aa49825830076f3340a7a19d15024ad0880c698ffc74
mus-c4863b3df15cd263,filesystem,,122643,c4863b3df15cd2638f52cb18088497c81afc6f1171d26973003cccaf8249e5ff,2003,adjacent-exact,184893,f2c482e770066b75a9d598081da6f54cdc012add4918af577050e17f6703edf2
mus-528c84c707489da1,filesystem,,115298,528c84c707489da1f501cfad485b5d8e5b24ce0d3c13682e6ee11a7cc6178899,2003,adjacent-exact,177261,cfb0a82edcd2effe6dded5144564ddab9ed1bacf9d2314905c4c81590a6095ce
mus-24181c3c4a1bcf94,filesystem,,6562,24181c3c4a1bcf940d08bf35de8a83ebf83315a36b916b4e7c530a21127521f8,2002,adjacent-exact,22547,e290b7aa98d8c819eb3b4d2e88002b973d40b07220364cdacb5e6e6c4631637d
mus-46739d3d4b5fe0ca,filesystem,,76007,46739d3d4b5fe0cab9390675d8b4218aa7be28ce7584309ccd6865cece10e629,2007,adjacent-exact,144920,d75a86a0f2e72f028a6e7aaecca6599af4d02cfe90e844d8bc6037f819a41b5f
mus-e86731c81c7e3fc6,filesystem,,52703,e86731c81c7e3fc69b9fca1a5336f0a3c857be9ea6a3047561b7d62f098c3174,2007,adjacent-exact,103813,c64764d923f0f8d3d56e8373c4546e145542d9547b6699d7ce1788891ba595f2
mus-248e9fccc4d22bad,filesystem,,121628,248e9fccc4d22baddfa99c24c3453dc756c070180a5800fd234e6a92a97bc7b5,2007,adjacent-exact,241202,e6300562cd60901216b5e4b815a11737864ab2793c24e1793315f08a1d9c419e
mus-7fe2dad77b326faa,filesystem,,123137,7fe2dad77b326faabee702c01b5213efca95bc7f7d3998844e2bf231083f6882,2007,adjacent-exact,211983,5da5629c550255a9e25c8bd41df4d3f52f57d48b2f98675653ee6485a50fca7b
mus-b3cdc3de73a1be2c,filesystem,,495443,b3cdc3de73a1be2c56e66207decb32f1294d564c6dafcae8f057f9759024ceb1,2007,adjacent-exact,912897,82849598ec0c76ede30c7aa2899285d9be593b009b001d7a92da738fca984e18
mus-b0e2c1c68e58c241,filesystem,,28134,b0e2c1c68e58c24129042870b225395baaa814a47e06306d13d4deb972bed5db,2007,adjacent-exact,67706,b372bffc975a8f82df200fcf107c99a2f62a18bfa3b294eef747947ab8a1ac1d
mus-60189df153b28e31,filesystem,,30930,60189df153b28e31e47618f942f05056e98577f993cde3e7a5647a6b1af06d9f,2007,adjacent-exact,71978,e0d581196cd7b4a20f9d2d5d63df2bfdf229ce4a176110530863fcfa959eeb2a
mus-c7f2d625f2d4d0d3,filesystem,,14341,c7f2d625f2d4d0d34c8702d9e84983597000ccff51011f9aef54ebe764121281,2007,adjacent-exact,35483,29696b517a0623bd6311a089133d690cd1b8fcc3389e3059dab089d15ae5effb
mus-d66ade547029ce6a,filesystem,,10703,d66ade547029ce6a013bb7d535afbb175240e26aa42d0a5d16617f05db707168,2007,adjacent-exact,30367,3f2a8a32d3f9a15066c0cc73970e79a6b855d3cc01f9ebb3bd1034835053dff4
mus-c3b8891f66e8c937,filesystem,,63834,c3b8891f66e8c93756edd417514e2a4a2f82a4bf3171b3246087d96848e8b65e,2007,adjacent-exact,133171,f07f36437b99413bfa268c65d1eb1e2c723ecd107a1edcfb848ce1c82680dcce
mus-07dd12ee964b651b,filesystem,,55404,07dd12ee964b651bf063b49ce6aaa0f2e6078b304b974b70943c4a5047b79bca,2007,adjacent-exact,122377,0c459df245a326cbac6fd37fd0974757353ea9d26089caed5d0cdd7d18a001f9
mus-b1717718a9cb5053,filesystem,,17635,b1717718a9cb50531fd3e973e4df3d762ca7b946167887a972a5f22623b5a0a4,2007,adjacent-exact,42752,2fc1358e062dfbdcef770fc97a6176465f720404582c12a1c2faeb233607f0a8
mus-575e0b03c8faf7e6,filesystem,,28696,575e0b03c8faf7e6a8fb30999ee00806a7dc03468e5d41d4f8f486af591f5565,2007,adjacent-exact,60355,adf46960e71eb851d086f7158d8caffe59de3df0e2568a20195ccb3afcd39ab6
mus-e7311bd9258b362b,filesystem,,74983,e7311bd9258b362b5dad0f2e3f968c8eacd279355f44ec36c09838a88f0ed292,2007,adjacent-exact,149617,d04db4ed907b97344d4f967f2a0fdc2bfe3bf624917cc05a02f8d9dc2735be34
mus-aaf3e7f5df75bfa2,filesystem,,529758,aaf3e7f5df75bfa2089245ab6f010cae152cca8c5cebdf14478aed791a825e62,2012,adjacent-exact,1045540,28564f7b6389e4c885521b456d56cc08daf8ce17ecc11f7c206db1a544c4a8fb
mus-d95f0e69b0456d4e,filesystem,,528515,d95f0e69b0456d4e623a90cab76a3ecb0cc58ba2502430977358233a2bc957d1,2012,adjacent-exact,1039996,4e51e3a2ab3bae0a41e88d9bde82d692b7fa07ddf690c02120a99cc343de6891
mus-017e421cb43273ca,filesystem,,398815,017e421cb43273cac417225a08b53c5fc9501d2a8af79954956c1ae766b61652,2012,adjacent-exact,798639,82df8e9be7182bbf3a20654eb5051c6b438be2655d30a6dec61f8ea8e36629c0
mus-70d457fa03e1c529,filesystem,,450092,70d457fa03e1c52963528e428bee13e97be7835eae8cd6dfea98fe043bc6d0d8,2012,adjacent-exact,869186,e26c2ab30a8cd604b95a77a277c83e83c7fd18f252ee51155d476121c606d115
mus-8e8de65ba8269ba0,filesystem,,451118,8e8de65ba8269ba0404e8b193be035922b5da0d32a9b9955e2d69c5a796fc91d,2012,adjacent-exact,871135,205432fd538e1cb4c02a71b43bdc7d24154832a30421c0ef44272c3eb8ddbe7e
mus-72516cf835766bf8,filesystem,,446735,72516cf835766bf83dcd8506d9954afb7522b8a4e3fefbc10e184e6566c53357,2012,adjacent-exact,877319,7a0c7b971c0b4836f82570c77d4ea4b42c492a17b3533b3513ecfaf4501b4642
mus-d9f37fea353236e7,filesystem,,220538,d9f37fea353236e7099722556a28d9ced7d00f574072f546679e1406d6b766b2,2012,adjacent-exact,394702,930415201a90552f7bc82b9c77f8c9972589acd737f412e5fceda9b4b44aa049
mus-4143f22716690218,filesystem,,308266,4143f227166902187678ddaebc028012959191cf0b6781d28905c9c411c13e71,2012,adjacent-exact,570888,b96213a1943e67d57864b1b118e81bd04758443a60429a3919b5f097e4226b9e
mus-dc9e381bed6096b2,filesystem,,398249,dc9e381bed6096b2c78933f89f821d51a6e312520cdbb9ffd31b50a7b12410dc,2012,adjacent-exact,798897,c43365c0e574316457431969e16dae17add3d59ea2b77a253654a25bedd12060
mus-2b3d9bae7628e5cc,filesystem,,441829,2b3d9bae7628e5ccea913a21d64a753ab64bc2b0c4158c79f437c0f54aae4ebb,2012,adjacent-exact,905825,b231f35957b652f64b468af6ea4ce75acd3e49c5d6cc0bcf93ce036ae603e77b
mus-8bb994bb2d52669b,filesystem,,451869,8bb994bb2d52669ba51cbbae67d4ca242272ec24951a92cbc2defeba42641478,2012,adjacent-exact,931312,c993808cdb51ba01c14b846d40e1b3e114ab9a306c8f799fa595e2373abb42da
mus-3201f17a38d6ea34,filesystem,,45360,3201f17a38d6ea349f85d3199787ea1e132be10c051120df4b7fcc3de65d6163,2012,adjacent-exact,93806,38378285da53637f8f37b22c2047e6959d873b75ee844707acecc1d26e02fab4
mus-0a433f23fddc6109,filesystem,,69090,0a433f23fddc6109ddf02b8ef7511864177cc4ed7abb46d0b4f5f9410aced578,2012,adjacent-exact,135005,dfaa268b83f1eaa2de26f71a5c8f30f5231416006ae7abfcfd917dec9ebe81ea
mus-e3297687d8d48858,filesystem,,71134,e3297687d8d488589f168599f38bbf5182af678804c02cabd39ac47cc04dd4c2,2012,adjacent-exact,138513,a82028cef97142aad6e7bbc01bce6a045c3bd1ea46d8ec4a8d778f1b0a67762e
mus-bed39b5c1515d4f4,filesystem,,322355,bed39b5c1515d4f4e4533c4c06d9dd82b9566c4331f14cf002e3c210dc15e1fa,2012,adjacent-exact,648563,30fb63d24461d05fc3b5bebdca48bf5651ca98130ec7ab7d86b21f6f7d5b353e
mus-4175f1fea889c54b,filesystem,,48923,4175f1fea889c54be233fb8ad1f7751055ce6e01bdcf6b44efc87ae3f1c6b85a,2012,adjacent-exact,98385,ab1e58cd3822af8c5068cf31540c8be055b13b1ff4be71d2a10cf0a1144f21f4
mus-63994212b28c5e1f,filesystem,,450992,63994212b28c5e1f4545163f8fbd2af34a2a42a74c1047bfd10b9baa589a51ef,2012,adjacent-exact,870879,adeecc60cad7d6141f3a028da4305e43b685ca3f7fe9a3e6af30bd18f4b54ecd
mus-07be8bcd1dbc25ef,filesystem,,48861,07be8bcd1dbc25efa0aac281b019e7ef90df5190fbd1ca134a01b87b3d0f8a12,2012,adjacent-exact,98173,2357f1d95a6edf4f99d5dca7cb966ddeb8e3d15678de0ac34b0f8283d78eb97f
mus-98cbef9eb1802e94,filesystem,,328790,98cbef9eb1802e9412e252ba950b427a0a33b9dd25298219be76fe140b56ccf9,2012,adjacent-exact,671200,a8e3eaedcab3258a064a63171125a6102797f3eccea02451306495b4faaef9bc
mus-3e163ccda60cf987,filesystem,,283351,3e163ccda60cf987cb5745743c055ae80abb1b267e25638c362355719b0abc77,2012,adjacent-exact,566535,b51e5be9bf2d3b6fb45d3aabb728ef7fe1ad850f1c6e64d7d0f0625be249e494
mus-79fad330bc9faef5,filesystem,,421440,79fad330bc9faef5057b4e511a4e512bd0d1dae8676b7b66bf7152b0a1fa4840,3.7,adjacent-exact,172285,8d14cbe7af241b6ce48009d72e306ecd8d4cb5ec93f536819b7b13f7e96bc553
mus-41cfc065d998292d,filesystem,,441496,41cfc065d998292dd3dbb8dcd0e19215231299525b751ad00abab1e0b9e009e1,3.7,adjacent-exact,171985,cbd53aebf79e383fb031d83243a5899d83d4610e3d5f9f6e86cdafd12c5e9a83
mus-6ee918a70213b014,filesystem,,601910,6ee918a70213b014521f65c7851a2a153de86a854e2605bd46d508c8859ae7c2,3.7,adjacent-exact,281084,11365864d81ad3839c2c8d1bcf40f5fc70fef9df1b1bf41653c511efe3e89cd8
mus-0b5d55312c310793,filesystem,,153094,0b5d55312c31079331e719ad8149cebce09fc7255521b2210e52a74bf109e108,2003,adjacent-exact,223468,ce5b21fc83e9c97cfcb6c70a1a34addd2548cbb7ad5506074ea53e357e3415d6
mus-4fd3a43a86c0d8a0,filesystem,,72014,4fd3a43a86c0d8a09074e4552def143aaa917e4b1ca1ea10a9a68f82df0894bd,2003,adjacent-exact,117522,cdb59607debe07abbbad29ccb269491fd8ddd2b5000d1ed985056da86d55d8a5
mus-376ee7f3e9c00410,filesystem,,103646,376ee7f3e9c0041093042b72d206624769822768ba376e2bebb16a2afffc47ad,2003,adjacent-exact,161254,599a7f79b79925cdbd96653f8d49037e87ad25868b3a845fc0eb686bd13652f2
mus-9177a01fdea0fe25,filesystem,,43600,9177a01fdea0fe25eef2310d71848a94540177a878a6a7df08b4ca7343ff495c,2003,adjacent-exact,67282,82b9842ed164b55917fccd9ae4e5862fee51593b41a949faf85e59323916f142
mus-e55e656648bd57b1,filesystem,,600344,e55e656648bd57b1397fff09553224557bc8c8d5625b9666c88ed90b46c234e2,3.7,adjacent-exact,230606,62f5e3971c0e25cb84e7f25e08740101384bed1d1cfbc767a5d74cf10a015e40
mus-3835f8d2a4593fca,filesystem,,624250,3835f8d2a4593fca5035546d062a2aee42b460026f9602023f003ee0607bf98b,3.7,adjacent-exact,233856,dc2d084ee6eb791225fbdc17c22c3b777ea1d6a18e0cdfb1ce69585cfac850a8
mus-da2714f686c33cdd,filesystem,,1111100,da2714f686c33cdddcebda2e841ae8778f227a90ee64da9961f90aa57fec529b,3.7,adjacent-exact,392671,b8053ee91e848116c7be18f4cbd2791e13ec0dd2c66100882564f93ea67a7b83
mus-74b7eb3f9c40f178,filesystem,,174972,74b7eb3f9c40f17882c014eb559867f8792e7d79284aa6c52cdbe177e0dfc67d,2005,adjacent-exact,231159,59d1c68c804f5b0795876c29778d5415507fdcfa566aa45016d46bb39488199f
mus-a800202fe526d6ba,filesystem,,177830,a800202fe526d6ba3a92fb8fb475fd78fbfce385435cf141ba0443fa8cefb23a,2005,adjacent-exact,234988,50410c60e8b2c9ace7be830265186acb545b108b32d3cd53aaa0420f04587f56
mus-45842d1727d87188,filesystem,,290201,45842d1727d87188db5a57da1214bc33aef016e9406ffedecb5c2c4ad6d959a5,2005,adjacent-exact,403446,dfded0225700fbd10f987424a6965a6502157c6d9a5d4675d8ed087242384c31
mus-2132d2f132ae250a,filesystem,,32371,2132d2f132ae250a1dbde470dc4408c6bbc4b1f64099b653b7a486c6a95ebdb6,2007,adjacent-exact,67896,18df89a816e8e5a68e6f2e89b640dd7ee559f0e0d4880861a335aeabf66403e1
mus-4da0620f61adddcc,filesystem,,42837,4da0620f61adddccf71e433aa5bd24a618d2dfe33a76eb157ae8e76604e8b146,2007,adjacent-exact,73330,6def6a7922acdabd9f161f5d63b303f50fcc25de304f2bde8ea6a2bd0011776e
mus-b8a1371ceef29dfc,filesystem,,31002,b8a1371ceef29dfce6bf468c8104d2ae720ee823fc9f88de3a4376bbb0bebb79,2007,adjacent-exact,57853,37a4a6219ab8f2854a7d72fdd9c1476b37e264ce7b259467e339f69fad3d8ee0
mus-7bea95a94d6d7a9b,filesystem,,78413,7bea95a94d6d7a9bedd8e958b0e2fb9cfaccc5544a363339cac4a273b19eeef1,2007,adjacent-exact,125283,af21f69429170c4e352c422aa1527ba08e490fb0ec380630df33a6fdb1eb6099
mus-aa355ced1a378a4d,filesystem,,30308,aa355ced1a378a4deacd73e994b4db856d9fed0e71ae53551c84d85fdd4a4ad6,2007,adjacent-exact,63280,240ef823f942fe6a0732514d79e258a0bcf2d6834cf56f886d6c9057d764bb77
mus-5f1b6813bcf90818,filesystem,,187487,5f1b6813bcf908181e176e03ea61a8b5b19e290c967b85dd63ddf26c9ad20b2d,2012,adjacent-exact,333074,a87dba3631a6940ac288ed86cde8c723c569ab066a949c55cdad0455570ef269
mus-19dbc5d7b036e62d,filesystem,,32218,19dbc5d7b036e62d452c0feadf5324627ae335ca89a7d1be525e159c5f5a5ade,2007,adjacent-exact,67745,15ecbe65a1882719f766e89f7360de1ef4447a699c174e04a82c8f6cd817a87f
mus-995af02825c13bf3,filesystem,,54929,995af02825c13bf300c1d042c1bd5b735b23096256367ba1b0c0330b303d88d7,2007,adjacent-exact,103176,9276d575c0fcbe396bbe3c65ffb55aa6a5becf24986ddd0d7d963823b07052a5
mus-3db11c5359bb9470,filesystem,,51074,3db11c5359bb94703d1e73ee400fac601920c3b4711dcc13e5cca17ee5e0e203,2007,adjacent-exact,98795,366abf6c3448907b94c7de71dcd26f07905a24070563687a066bc3209d6d2a11
mus-a5732335791c34ab,filesystem,,124633,a5732335791c34ab56e6c6243716de21304089dcaca5993386200e3974a4fe06,2007,adjacent-exact,212878,cfa73d7cc33d5c49479939cd0bd9a47ae19adfd18e14247aa30301558f29ff53
mus-e803fc7e98bfffdd,filesystem,,50896,e803fc7e98bfffddaad8793836361f9270b39385c401d69a0e8c1f78b0c667e5,2012,adjacent-exact,93667,4c15f738bb79ce97f0b46e8b95cec7a67799a6c56c75c8bd7fd7cacb9ace1a0f
mus-743c5d6f569bffdf,filesystem,,50638,743c5d6f569bffdf394c4416ff2301b560f7c611def7cf278c455827dccc0544,2007,adjacent-exact,97567,29352b0ff79f6be11929cc9c60eef1a98ba7480762b77f4066d7821d2c730b25
mus-d61d33b1403ba37a,filesystem,,51917,d61d33b1403ba37adacc428da02c9bdb552b5ea7750fd1cfd3b0a1e435b345ae,2007,adjacent-exact,97510,c739c3bab20770abf5ab0e803d25f75f82a82ff3055b43e747b6026cb0514694
mus-5b11e324be5c6aaf,filesystem,,310535,5b11e324be5c6aaf5556b56f3360f09e08dd7d728c227d08c098b1b8890831cd,2012,adjacent-exact,564503,cb60763d2d6a505d2e1644a14b258b14a51e8866c9183aa6e3548e54d15f1918
mus-7d4691d88b09100a,filesystem,,42747,7d4691d88b09100a619e24c9c941c928829eef41c4ef7b717bfba26d741afd00,2012,adjacent-exact,89082,9b7c41c61dcb450ec8fce6112a9d2a43c8e1a48c43a2b76b37ae6af34a3a1256
mus-a2a3d204e2515647,filesystem,,42937,a2a3d204e2515647b4e98b46ba948b93ddad8c007bde967dc3559432857de360,2012,adjacent-exact,91455,8384cd9e49f431bcaed9fc875cf86785a9fa4d22f1bc5bb39720e86e81f697a8
mus-ccf85c4a9be4d3c9,filesystem,,42448,ccf85c4a9be4d3c90a4299af8104cbbf8412f6c28670e717bf75803c9fdbf53c,2012,adjacent-exact,88294,47cfb1e4eb499f28bb50e71d2beaddbc1300815422bb4b3ea840a130baec6a4d
mus-31f2bd45cd8e345b,filesystem,,40832,31f2bd45cd8e345be5baf421c569fed0f3451e5406e96c85a34ac2b5a868d80c,2012,adjacent-exact,85602,2731647180640e3291c900dbc48a42165ddda923ad78bf3c08a2f2e8f0dcc0df
mus-9dbedb5173d7169a,filesystem,,41257,9dbedb5173d7169a887c6c00f836ade97d4008ac845935bd915567da1918cd1c,2012,adjacent-exact,85939,80d3e297b25b86fda4735d92fde61c5e086e414597dc11568d85f0b3ca7342d0
mus-fabc474d69e4b9e4,filesystem,,39981,fabc474d69e4b9e42fd65f2b3af30781c6fbb7b680d543575c165771ff484a0d,2012,adjacent-exact,84178,0a58b81eb1ae701f40aacc79723e827349d4393743d634025d21bab8749ca0e8
mus-187cda7039a399b8,filesystem,,84688,187cda7039a399b8a5da8975370ce3b0998c74ca44a0c04343aec23b6af02692,2012,adjacent-exact,158538,dc9429c3c48eb16419943702d71078949d55d15b8d74f28359c158d872f45e9f
mus-ee39b833c37f7956,filesystem,,81657,ee39b833c37f79566c0481252a9fc363901afcc6892dafce1b89eebd7b1a7791,2007,adjacent-exact,132776,15d9c00333b6dc935b9a2929e613b58f761e9896683bf76e31765d173b5c74b0
mus-fe42147236a5d573,filesystem,,94837,fe42147236a5d5735c554273413bb3b8cfe53f6d1deb05428bc4169bac27d1e8,2007,adjacent-exact,161592,cd0da0140ca4c301f3dda4d0af7d268d941424b6a03a16fb546b964c55f3f402
mus-afc8c45a22b5069d,filesystem,,53169,afc8c45a22b5069d7e22ad94aa94a122ff9e2ff88c201a58dbcbfbcb98f05982,2007,adjacent-exact,92193,60af3dd47927515683d1cf924317051abb9fcb32092b1d9e1c71ff0a56bcfeea
mus-b8a66ebfd351881e,filesystem,,41561,b8a66ebfd351881ea762ae27858a803d7f4b38c2a6fe66de7a78459125803d45,2007,adjacent-exact,79308,b1abfd0b6e5b9356432f66563a39b97f436a566adeefa3b7cfc599873d80280a
mus-0d314a61f1483f15,filesystem,,17071,0d314a61f1483f15c626e9e26016befb264be31b16bf259fef8da68ab8954248,2007,adjacent-exact,41790,52b47587e390a9e05312e95d6d6c762ae00e0cd64aa8babce2d810184eda1290
mus-d1c996a2de7bd49b,filesystem,,23751,d1c996a2de7bd49b52391b7360fa2c5615ea710cfbc30bae72f4f9923b8845d2,2005,adjacent-exact,51652,35a921f075229bf1a9f06c0f1e98dae2e205c3bd54f4a18e0f160bc22eee4b23
mus-61799e01e6ff47d8,filesystem,,32675,61799e01e6ff47d85278a443ce01b8a08c606be99f2f3c0e36fd58100f7f171b,2005,adjacent-exact,65566,8bdd52a83e7900cec821cc3301b708f716d4af4fe9802f7532112683dc34fcab
mus-b7ab79d15bfa977f,filesystem,,10284,b7ab79d15bfa977f6bb7004156c443a35ceca6af5388caa2210bbba4d12e8929,2005,adjacent-exact,30190,f918c0b08e911cd7b689217f6c9c09f65794d71d34e8a6c7a96844004933f081
mus-66f1d6545a9d0a1f,filesystem,,16920,66f1d6545a9d0a1f5b796986a9b1aac300ec792b25db726e35e940202a7977ed,2005,adjacent-exact,39252,f1c62ecc620a28d0d0531df88ad8f19c44c5aa69a24cefadb66d3b0714dc2e98
mus-8fc1d123dc8f5036,filesystem,,7361,8fc1d123dc8f50361d54249104ea736bb603adbbadfd7740bb522ea73305082a,2005,adjacent-exact,22472,c59b5f844a727c2712e4961cf091fc59772bf9c822acbf760a875f26b993c08a
mus-3281eb8db266abbf,filesystem,,94537,3281eb8db266abbf9df3b9bf240637c90aec631554cbf3ef029afe70f2c31f1c,2008,adjacent-exact,171175,9586c9f3ec9d14de0bea7b9a649ff996957fd9a1fa1bc94880849b3cedacca98
mus-9683194f210e91b9,filesystem,,93398,9683194f210e91b9d6e4aaafc3d8414394fc4082ae4645ae44deb12c46c6e9b0,2008,adjacent-exact,169647,2639ad08953a295cf7d95729c28690e6a1b7dc5e038cd7acbb87502ddc3d42cd
mus-df4a06a7a79c3585,filesystem,,185098,df4a06a7a79c358531d9a3704721282fd740cd4b356a014fbcf2a76081620464,2008,adjacent-exact,325234,0601f9b357b87fc6ff47a52c644c0ad6bd9e74f2941c3be8610ed9ef24b93d20
mus-a4bba9cc05843b94,filesystem,,94433,a4bba9cc05843b9481035ae05e3be5b8e4b731953fa85979a8518b02893d8351,2008,adjacent-exact,171370,4d5f9ce2cd33db978fe933ffc4042655744c5490b14ba2de9cb4e4d565eeabc7
mus-b44e8b5bc89b8ed1,filesystem,,152330,b44e8b5bc89b8ed1b5a0defdebfc0e918c69b9e07950148a5490ffc15c167530,2012,adjacent-exact,312313,deba519bffc4019f69e6c3d011f529a87a977e9de54007c1e26a08cb08c84f66
mus-2b64cd6bda3339ba,filesystem,,52290,2b64cd6bda3339ba41d9d27c03aff208ff63269a8b6b9a63d588bba8374cae66,2012,adjacent-exact,104435,90409e8c4ffcdceea4bf7c6437434df3e254bcaa179536b02118704850957c9c
mus-33e0337902a60662,filesystem,,40603,33e0337902a60662a13c2633d73eea08c3954dba9efec69bccdd046ac0197ee3,2012,adjacent-exact,85064,da7b8ad485b92b5d39dc698031da5b821429b2552f512e4443c0c4073339b7f7
mus-c3668dc5a7c5a64e,filesystem,,43750,c3668dc5a7c5a64e5b96e0606ef80d54428c9def9b670e75902b72fcf3c249e8,2012,adjacent-exact,90578,ecee6e6396829f886d04f67025aac1e446153979177878b5a85d93a297ff2901
mus-2353c45ef7879d29,filesystem,,43621,2353c45ef7879d297058929b4353246c78085d12298f52cf1d92b679499287c9,2012,adjacent-exact,90332,9179dcac5fc25c2e1dc3b46432b2d9e194aa47ab879c53ce7a7421afdb59159f
mus-bd73513e34c3ed2b,filesystem,,153285,bd73513e34c3ed2b820c0557f6f79b6e77d07a75b584b1fa323fec10cf8b55a4,2012,adjacent-exact,314096,d17cc03e64ca7e1f33ad39663e64302a0088a1623026d1f0ad239e459fc59b4b
mus-4fdfa6573225a5df,filesystem,,125247,4fdfa6573225a5dfddece0e032b673c5391f93850b9986ab817fe37686c46fee,2000,adjacent-exact,70000,5151e2aff3f9aa29a0ce9d0bb328d5414a08007d7cc30e4b07775da3e7cc589d
mus-b2a000789c1bc379,filesystem,,103863,b2a000789c1bc3792bac547d5c01a0341e7d47ddd72c1f996c551173acb42069,2000,adjacent-exact,62960,2f2bc9326468629bd8e3d45ee1ed88c0ec0f8b661d169ed3e0586ead47867d77
mus-0bb1b68d8886374b,filesystem,,367636,0bb1b68d8886374b3a75867f63aa296cd21baab86c5625fbc47b570915fbeabb,2000,adjacent-exact,152917,85e72d2324beb5590b8ba3be3fb958940cc02ad835abc2c59bb4db0836601536
mus-42f713671b34aa93,filesystem,,21019,42f713671b34aa93c751f5a3644ce91de5302274a31585d14ec8ba0817ccc4eb,2000,adjacent-exact,22524,3888cb3b5aecab96e043e6aa3a069bcddf0b6bed7edba21aa69430d81a879683
mus-d7e1d5e364899fd1,filesystem,,148930,d7e1d5e364899fd1c752317df6bb29ceec1a0abff6416f700eef74414b2fe116,2000,adjacent-exact,76358,4767392040130146009d149c4c0fe16d2da54ba87750dd8b853429ff75471d2a
mus-2c234a2efe844d6b,filesystem,,125247,2c234a2efe844d6bd5b47f6b09d4cca367e6a15e368cbc051a21bfd55658eccf,2000,adjacent-exact,69985,61ef07b2d7c0d11df07d366cfd2555126d4066d0a0614c9c2724b52b1784ddcb
mus-47d9acf6af27b3c2,filesystem,,103863,47d9acf6af27b3c2147d65ac866b80d84b95d8da7a4ee8a6d185e27f1ee9dd7f,2000,adjacent-exact,62947,d9112f7c0399c2916ba23a4574a87d5f348eeef1535cfbf002463aa51e697615
mus-01eb40cac002a1ae,filesystem,,367636,01eb40cac002a1aedceed740b577b0780c2ffb3b3f67e83e41230d29a67fa26d,2000,adjacent-exact,152917,68e2b3ec8cc60c6afd384fac59324107b9f99b9eb377e70a605e628a5103f259
mus-42f713671b34aa93,filesystem,,21019,42f713671b34aa93c751f5a3644ce91de5302274a31585d14ec8ba0817ccc4eb,2000,adjacent-exact,22524,1cea4e7b036892fb8c5498ee976af1fe9127ccbda8ec1f274aee4d7d09dd21a0
mus-d8f5d392cda1c988,filesystem,,148930,d8f5d392cda1c988e90fc52318dc290646d23d29177f071715cab6d3c2855a79,2000,adjacent-exact,76348,e7d1173970c223430c07d739d35d390bb9e7f6a070a17a59168151d67908a281
mus-36b9b971409a7330,filesystem,,200061,36b9b971409a73306249b9b4018e41a42655cb0022ecd978aa1766c85cf977aa,2012,adjacent-exact,369920,36147d16e51663f37f9792f0492a3aba0855424b935bc2b455e23339bfb81810
mus-6bf53e3912d26f19,filesystem,,28396,6bf53e3912d26f1901109398277e3419febfdaa0e624676ea5808e2da07b5510,2003,adjacent-exact,66359,32fc56eb5e6d3dfacdf5a089a59041b2a9ebd42d7fd46f6183ef2caa8fb8efa6
mus-b48fb4c26f25c8f7,filesystem,,7623,b48fb4c26f25c8f737b7c1580ecd725558027c556fae00605a5f51598afac8e8,2003,adjacent-exact,23781,71d449311f14e6a56551382b38a2b4bc408efed1680f3e1c8d55403bfe80d06e
mus-c8306d60f5eacc27,filesystem,,51121,c8306d60f5eacc27b41cd524eebdaeb40a41afc32a76bc544ccc3b8d43a5afd0,2008,adjacent-exact,97470,1296ddb175b9c91f2737174d6e1ae9e087ff68f59409bd1eb43f5cf32db58b17
mus-c3cc459ec554a3f8,filesystem,,50243,c3cc459ec554a3f8e915eb622849f2d0ad37436fec14c827bf9789104f2ccdab,2008,adjacent-exact,95844,e60a8028ce176ec85a23ad439bbe36a6436d1c08b515fb3f3a7c47e718619e2e
mus-b8af71ccdd92d3d0,filesystem,,55227,b8af71ccdd92d3d07d0e5094f3a9a2b95dd23e72ba556cbb569f01d67f4225b6,2008,adjacent-exact,103241,802ea23a740d14ffa66d893e360d7fa5d6817e30a48393a5244b466cdc4688a5
mus-06f9d6f41ee6732f,filesystem,,69250,06f9d6f41ee6732f78e8f6e3cb38a1d94f26021e085ed4256efd540cd5c53c91,2008,adjacent-exact,129113,261ffc21299fdbd0017061746b4785e3536495568bb266e5a63409c8e30bacb3
mus-9e2f93944ea65c7e,filesystem,,173449,9e2f93944ea65c7ea6d44520de2bb1c30e9ec4aa3e6b7a525aaabaeae71ac096,2012,adjacent-exact,306092,ba79fd21b542a57796a4452ea3f79fdf02842bd774f12bfedf47d15cf0f3194d
mus-a09f2dadbd5ec43f,filesystem,,55915,a09f2dadbd5ec43f70d26bcd2e3b84ad7073599b41a543138e89fdc2785a315c,2008,adjacent-exact,105473,a99f63464b5402335114952ab1e5d9ebfba0ba25871b4060613016dd9475ac60
mus-647ef8663de199dc,filesystem,,231249,647ef8663de199dcc1398657415be652f132505cb3b5b8c4da68adc827dca017,2008,adjacent-exact,401007,b2613b4adc403d53ca11da3bad077f47152f295a71347f5e41beae29cf314749
mus-e78c61f70db5941e,filesystem,,218265,e78c61f70db5941eaa2886be3058f7dcbbdc24ddba313d808547b92083a867dd,2008,adjacent-exact,383679,9e933e226a6d2a26cb37183fe48a45386857e092d06460cd8920d8be34bfdebd
mus-5a567548a5c2f6cc,filesystem,,110611,5a567548a5c2f6cc8baf532f48cf87b294eea00f42c7af0310573202aef79779,2008,adjacent-exact,207673,a5249b8f733559262a8cf218d05cda42f03108e92bc9ef800c2cfb34ef333bde
mus-d90ef390d12715c1,filesystem,,32367,d90ef390d12715c1d4467f012627ac2d5c4eaa9ead3380b9c13fc9c190429489,2008,adjacent-exact,67085,128cdc52f6af58e3bbd3fc288ab7f6201ca125b09fe13f89e8723a06d9e06c5c
mus-60a9a541a9419a0b,filesystem,,23514,60a9a541a9419a0b87c5173b73e2dc40d5dbe40048536e99694bd280f1ded7c8,2008,adjacent-exact,51931,1e206e49dba45bce1c1a129810c6a4a0b17a3029eefc0d4e96662f21af5a85b2
mus-e2bee563274a2067,filesystem,,24619,e2bee563274a2067f87e940e845c576dfca94fab7d94f7840c6523a563961ad6,2008,adjacent-exact,55295,33c0dc928d13fabfdc0a46aa34def8c89933e0f5f18bd72e2c14b9bebb7dab0e
mus-9f0af652659ff385,filesystem,,21535,9f0af652659ff38534b5c7cc08b78b5f0d924997d3b227f943016a7f5660d067,2008,adjacent-exact,48551,c00dbac74309f454042aa6566e80a9e6e19740d27e38b08c66152163a3ecb789
mus-c5f32e10d4b911a5,filesystem,,19384,c5f32e10d4b911a5146530a7fc00142a015601dbd39ed825156b5b3dec345015,2008,adjacent-exact,46774,a7a21f9c9d24d18a9c50ef6b566130a7a57a7aa1742b56fa3e814073c8390a0b
mus-3baa764a19654906,filesystem,,23926,3baa764a196549068750cd865d40f3b6ed7d50b640d91da53a3a53439096e1dd,2008,adjacent-exact,52912,5a7f2aa1fd72be6d7ed4cc3cb606f84fca5b5d423c69a1ed189dd3a8ff56463f
mus-a8b98a9e3f64ea1f,filesystem,,20056,a8b98a9e3f64ea1f111c68a5730f92f7f5c278b938edc3280f87d0ca8cf175af,2008,adjacent-exact,46119,a145001b25d281e86150edba109035488d47a358f249a04be23c2e30bc19df81
mus-3493adb282459cb6,filesystem,,16565,3493adb282459cb665ffb835519754fbf7dbab74ef949702cc74bfac466cb64f,2008,adjacent-exact,41790,cec3c7dd36db1bc7ebc426a087571f0af887ea99985841339fd2a768a466ded9
mus-1833d20953781116,filesystem,,262131,1833d20953781116713b7ff62214fad5b89521461c66cf1a27ddc60bacd1521a,2008,adjacent-exact,460053,f2af2717ab422d5becdc644ded29f16f94ff146dca64e01d299b57638680e7b4
mus-cd2d431cbdd52cdd,filesystem,,225802,cd2d431cbdd52cdd8109db6725e65f63c1ae8c7080a17dc9b7098f2ff37487c4,2008,adjacent-exact,394174,937837db47ad136019f5008da6231292ebdb98b0402c0da75f10d4eb8a9dd3cd
mus-2a0639a8f3cf4781,filesystem,,88811,2a0639a8f3cf47811390f658cb82f9c98fca7b32947f40107e6e95e17bc86f13,2012,adjacent-exact,167495,f7deaeb678c1dcd2d60a1c65f8d83c3139e6a6ad15157c4dd1da6ece297a9a82
mus-697c1aad09cd445d,filesystem,,78751,697c1aad09cd445d48f8338a0cd6a9841c117cfd781456e7721b064dea267e8e,2012,adjacent-exact,151029,464a3aad0c18509e62b04b55cb1f878038119e42ffd1afb33b7a324e70e8bed3
mus-4619808b9d511871,filesystem,,81045,4619808b9d5118713db176a496a1f6aaeb7f85348ba76f8bfc65b4a99a23723f,2012,adjacent-exact,155713,446bd1b5f5ea9ffe8eddc216c4d3e4164b4d3a8c2d3e454e9f039d5fff38508a
mus-9f57811bc33ef8d5,filesystem,,93222,9f57811bc33ef8d5546a18f72f5d2801e901289f9a14d3b75870b1c9550497b9,2012,adjacent-exact,177114,75b4f3a10964f31ac12fcad0e42a1891fac398dfde325d22bb13a983e7a18d7e
mus-9a13e0844f3d4d01,filesystem,,41785,9a13e0844f3d4d0195bbb189dc2a3a72745f70aa33e7a463034b196b30d48edb,2012,adjacent-exact,87266,09c522d06e88fa4e4fbce70bea13e22d91cced7ee0e965f9583af73afcb047f2
mus-ef0c30c4c074dbab,filesystem,,51841,ef0c30c4c074dbabe60af153b5a7832426ea9cf9f9a0f2b6d3d5c54b6120512c,2012,adjacent-exact,104503,c2badff42a40c2c01bef7c06e89ab10441824146d0bdc5974b9f366d01abd289
mus-7fd30830fc472400,filesystem,,41848,7fd30830fc47240075a212637190a9b63c9e09314ac3b30f69a687e6388a087c,2012,adjacent-exact,87191,e63d63857b99476a78c18a76d40db52620b3a19c7792be23431d5485721129ee
mus-58aeef2ea2329ee4,filesystem,,45026,58aeef2ea2329ee4ea926f9c2ff5acb9ab01e6094a6a082a33ad25f35fa80111,2012,adjacent-exact,92220,748dbe71bd263e49dbd07acd3d770097aa6bb65a2af57eba5eb8a171367e2135
mus-da3e8115827ef93f,filesystem,,57906,da3e8115827ef93faa8876dd7cd19ea91302ed8646ef14ef082fbc8d36650dbb,2012,adjacent-exact,114430,a13560f85ec9968182cd6cc80261d2dbf4fe5c58eb034eeeda52bcae80a56476
mus-0f5f8be28cb797e0,filesystem,,41706,0f5f8be28cb797e0cdee3cf1c498ec45547b488896cfb65994ea55eabb19468b,2012,adjacent-exact,86770,b49dd8701f800d9decdc394fb24bad1499e6c0afc58b17cd4a5977398e8e8a24
mus-96b5a5e84ad8a35b,filesystem,,41665,96b5a5e84ad8a35b1770314cff3ff24acb0bbb3426d98492407ca2bd522060e5,2012,adjacent-exact,86622,a70f3a560b0612b4978ac231680327852599722cf5839098818f241826c68ebd
mus-fd78fb89b966ae00,filesystem,,41851,fd78fb89b966ae00925d6e5f45c65b25cddcf53eb5d210f514e5e978fe72f1e0,2012,adjacent-exact,86908,10b1304832308a4f0f7d038c4e0b9d3d5927ab507b9425559231de2e719f9bcf
mus-9fdd7b0005cc5a54,filesystem,,41653,9fdd7b0005cc5a5462767426f533d6599bb084e7f829646e5b7a604186945dae,2012,adjacent-exact,86611,e1b0550f623ec7851ee3d2a348b2dc9bc2c7118ab7bfccf7acaac8995c2da00e
mus-d523daa56fcee871,filesystem,,40624,d523daa56fcee871251311f64b21201af2221387feff6b3c193051fa217ed70f,2012,adjacent-exact,85060,f518bbe34c7411a584e83fd480e13493f2b6fbf9ebd840811ae3341cf1f8f876
mus-03fa7a86d6bf7657,filesystem,,288175,03fa7a86d6bf76575f7cb438243be0ad189ae30bab47b29e9c54a5a8f07e5bb1,2012,adjacent-exact,530914,ce638619c7eab5a90686ec58f52d773d67f48980f96e0c1fd3e3caf29c5f02bd
mus-9260882fde1625d4,filesystem,,42111,9260882fde1625d482709c18682516fb53a2b3ecda21b77dc1cbb0613cc1325e,2012,adjacent-exact,87065,f3fde7c94b20fce2c9a5b1f0d0a1b35bdc27f8cdb45193a97b502f5bd060b1f0
mus-78bf2ec9bf125741,filesystem,,40837,78bf2ec9bf125741dca0d332d7726b926b8863bd8aed81acce1359d59a9be2c8,2012,adjacent-exact,85433,fcf031516a916d9903061dca680efef3e9687592e2eef81a5cd6f9eef6b5e6e1
mus-16a19a65a01e1e95,filesystem,,41052,16a19a65a01e1e956b262e03fcbf7293601096f18253a362284ea5607f0c9f08,2012,adjacent-exact,85955,dfa53fd2d51e60dbf7801c5c938964f5b65c6bbae36c40905088181253e74b17
mus-1fb1b15059a50d8b,filesystem,,45151,1fb1b15059a50d8b15b44dd90a0815154668ace691bc01d0641989bae4300186,2012,adjacent-exact,93579,1d86eb108541dbfbbb8f390e3a10c5877192caeaa5bd7cf667b8ec8a9d3fc8b4
mus-90c3b0a20261ff8f,filesystem,,39585,90c3b0a20261ff8f5028da38e44b1de407931c0670743b33a6e8a171895edab4,2012,adjacent-exact,83545,f365f1fabe8d70daa3bc909dace3fc17cde8f5ae79da83d8037ee81836c933a5
mus-ccf54c690b05db32,filesystem,,161599,ccf54c690b05db32b05ac740a51e002f757243ada2ad16db85f59acabd504088,2012,adjacent-exact,289502,bd49bbc3b94d80b39ca747f8e7212ab6a76bcbef6e94e09ce5c2ab22823bb4d7
mus-689a44b09789585a,filesystem,,124336,689a44b09789585a4ed1ace01d13ab47b66418ca55cdd49b6d494f6194153e3f,2012,adjacent-exact,230346,24c7e5a82a788e413a64caf100d8df4203c5114bd75fa18f324815d1511ba97f
mus-9e1e7306e30037ea,filesystem,,375609,9e1e7306e30037ea81d26015df2e68e73cd5b2f73f6ca1b1fc35377128617cd0,2000,adjacent-exact,121904,ba8e4188c1d5d0aa0611024cb5b4d1092242712cb107cc5438073405f761e8d1
mus-a01a50c59af4e980,filesystem,,420395,a01a50c59af4e9804127bc0ff1985d73d09b7f71503bcd6d4c87322d76e4cce4,2000,adjacent-exact,136564,617ed230bd641cb618fc570bb34fa32810a65fc0ec2c9e5392491a29d36dd44a
mus-5f5ac3e479e1f784,filesystem,,815443,5f5ac3e479e1f78443dbbef5220b4787d35671cfabfe4f2712263424504f9560,2000,adjacent-exact,328997,8ed6411b9ac2990d5a588585c9315781e9f2d4a45d90056d1cf5d169c15a8676
mus-508b4dfddf726237,filesystem,,302344,508b4dfddf726237e262d418ba4d764405bee4d13c0a0092e35d59410af8bde7,2012,adjacent-exact,533223,b58805e6fd5d6df5059f040cd45db6abb620390edc9bec915c49f2856270d0c9
mus-b72f0cb505bd89c4,filesystem,,302338,b72f0cb505bd89c4b9ea891d4ba88c32e6d3f1207e8236d1904e2d0a853cb290,2012,adjacent-exact,532801,26d9224cced4d626d5b4382cb73392ec7f44f28b56b7245cedec1a69d27e10e9
mus-b5eb7570753755d9,filesystem,,302492,b5eb7570753755d9c0d3606b8c6ee64d873d53652ac2e3f012054412127fa2a3,2012,adjacent-exact,533116,213646494f78543aff978af7fd297beec99b81f032ccc829bdcc68675fb53ffa
mus-a7e88fd7e2a08b4c,filesystem,,102792,a7e88fd7e2a08b4c5338aaef71f33564b9088e88824283bc4dcb5d4a551292e4,2012,adjacent-exact,188412,41eed7c7093f4dc0efd1601459ae787ff12e195ba3ca4b07c60e275c58675a6d
mus-ee34739baba5caa2,filesystem,,41534,ee34739baba5caa212bbf13ea99968fc76f1415b43efacc4001a4189700d26cf,2012,adjacent-exact,86549,764c03a65064523da96edc757dd575b99ded726e33b9e90473c57baabef30977
mus-1bbcf26faf885c70,filesystem,,40400,1bbcf26faf885c709b8196e974434f567e89dd28568933105b0d6d4f2392a2b1,2012,adjacent-exact,84672,c5e6dfafa4adf80e70272a9030f936bbcaaa1106eabec959cf919ae4d0aee504
mus-7fb96286c8331679,filesystem,,41563,7fb96286c8331679c1c499382050b7715cba772f495699f4056d3242521e634d,2012,adjacent-exact,86622,b455bd3f4565b7bbd5edc30e59a158d89916f8a877d04690661e307e38304379
mus-a8110c891ce6b47d,filesystem,,42237,a8110c891ce6b47d30fda7bb3b55f96cfbd4a1921f05f0473cc207dc1adb1e95,2012,adjacent-exact,87655,376c28647612265c1a569993bbda6d4dc3d36697f992d124a1628864d54b746f
mus-200207bb058716a6,filesystem,,40981,200207bb058716a62fa573564cbd22623e3e2a627ac86c34634b8a739f8a1141,2012,adjacent-exact,85724,6fd8d35df420cb7d623f0f09eb4342ef3a125e8254c2f95387a3ee1b1361ed80
mus-0017a0085e90cb28,filesystem,,41459,0017a0085e90cb2897c67f4a67552311c2a2eaf7d3dd66c1192a26a1379d3403,2012,adjacent-exact,86197,82f7ffe8567f8ba6e86bbb8fc3be4cb7173e0b1fd65e395b5e11b6b5049a6a7a
mus-535e947b54047842,filesystem,,41530,535e947b54047842cf496c664af112a3dc79940eb1db2059e995d465a8d7633d,2012,adjacent-exact,86175,3b414db15f00c690ea63be6d267a18062602b94ddfebdd90bb7e14fabf1f6a0b
mus-6eb7cd9ee32e406d,filesystem,,39961,6eb7cd9ee32e406de49aef7c7716dfd44e1278fcea890b78cc1fabd96266a660,2012,adjacent-exact,84062,f380ea97574e93c102e7cf4a2f2126867cdcc5c0eea8772c038d9590311e1cca
mus-55b56128b4fe6ff6,filesystem,,40898,55b56128b4fe6ff6a8506c58ea905a0d22fbe4b4a2af5c15da1556afd652a6fa,2012,adjacent-exact,85833,4d0ea1cfde5bf244b6b15a7c14699166fde282accaed5d2ae610821d009f0a00
mus-839e47a101238717,filesystem,,43927,839e47a101238717d3fa5ac8b94b9803351fd4160277f40e9be74fca5c857b4b,2012,adjacent-exact,90617,253b743dbf49dd6ba83b81874c91cf07205001f4d4a31d8a121b34734375903c
mus-27e811dd7e1954f6,filesystem,,119598,27e811dd7e1954f6bb097e0e0f349496beeeee3df0db6b99798a73ffa5fdb486,2012,adjacent-exact,215199,1a233cb9ab1f6e16f47107504f5b64e7b737ed6e7e1857cb39c5d07b0b98c671
mus-696578b77a292ffd,filesystem,,290654,696578b77a292ffd097437978227dde8e047227bb4a92b730015e4e288a090c9,2012,adjacent-exact,514792,30f66dfd3f28e8566ec4581e65c221fe6b73c65da22dc4e5089339582ecd8c28
mus-8ff1e13794f694ee,filesystem,,40362,8ff1e13794f694ee5f452e636075d147c7602f75e066aa8bf86ac20399380e01,2012,adjacent-exact,84824,37a1a59368ea69a379ada9972abf4c9134b16cf1f333b777119e5ec9eae52620
mus-5f2d19b18c3cc599,filesystem,,42443,5f2d19b18c3cc599172149f930ab60ce96c2efed440370aa8fcb51a263e1d7e5,2012,adjacent-exact,88337,6ac8928f75bad2f5ebd066fd93bccdd888935d156dc973e82a6d463293b7b069
mus-f106150fbc6a589d,filesystem,,42489,f106150fbc6a589dc5dff8842f89a346c55860c4bcf9be504adcedb041ab7479,2012,adjacent-exact,88383,4cffea635b26bb1fd4583ec9fea560e8ca191fe9d9636322c184091100442f0e
mus-8e7dd3a73ad7e1ab,filesystem,,41881,8e7dd3a73ad7e1ab53136b8a8f08bcbc0a55de9a1150b8ca60877d840dc87074,2012,adjacent-exact,88190,e531ffcdd621c0633fbd16e5d0173269124fea444432ec149ada7eee5fbc09c6
mus-0fe1afdb26fad32b,filesystem,,40064,0fe1afdb26fad32b430dea66bcb4bc66fa948b2867784722b6eeff34059d81c0,2012,adjacent-exact,84289,bc47d549021dcaa063c45981ed929b1406efe56f26e6e14c3c467927c5604004
mus-3760c97936e1cffb,filesystem,,271001,3760c97936e1cffb69c99d2dc88a04e0e7f0d5b19d989735d4325b7299ff889e,2012,adjacent-exact,497194,1367cc1c430ba39bdfd36d59ce27abcf3f6bcbe5e44313e5108326f7e5e8e2f0
mus-89b5a2f81edd2cc9,filesystem,,34908,89b5a2f81edd2cc9493022de7db8ab5a646cb6a14ca7b8643b0f2d0e1f511885,2005,adjacent-exact,53920,152a480dcb7f088944ced973bf67115d13c060e506901390f06f38b28ea8600d
mus-b261f5899ab4f19b,filesystem,,14283,b261f5899ab4f19bf3085313fba5e9f6297bd84625430b7dce53765b5fea76a8,2005,adjacent-exact,31392,ec01656e154aeae796fac64e11afc19793ff7c8bbbdcf0017b899f6bc4d2a967
mus-714be116e0aebdf4,filesystem,,76895,714be116e0aebdf46b2d748b7b14c0047879f9cc778e92db38a2664b2e8d1e25,2005,adjacent-exact,104538,2c444ab2f371772812711880f3a9414f31da9156c170e7a47dcc0660009bd0ec
mus-7d4c29cc4399fce5,filesystem,,34122,7d4c29cc4399fce572e3e98e868c1ed8a0359199fbfd9be66b2a8ee500ac8bb5,2005,adjacent-exact,52119,c5ea90f69fb48b3187b55ecf07248684d4c773fa9901ae0ee67b8fcf05f674ae
mus-eb1cd92912def75d,filesystem,,70060,eb1cd92912def75dd57787cc13c311619676effe4a8cfde4cb1740bb3025f6f0,2005,adjacent-exact,106459,0912a61b4d8660179a6a1d3ec5f5d2fb3775b75da73b11c52bf34c74e86a4517
mus-1c58e48f7f9eaab3,filesystem,,15394,1c58e48f7f9eaab300029256d66fae456bc857ef6962eb8f0878728e3f49a98f,2005,adjacent-exact,34155,bf4a8611abbfe3387730e6ed161b6acc7eb8091c895949e1a278bac1516cb7c4
mus-5a9bfa2ad3aafd93,filesystem,,160362,5a9bfa2ad3aafd935922976a950042f132ef69f8c018b578d7ebe159dc8cfc1a,2005,adjacent-exact,223383,caf1bbcf5099f8c775366ecd561344dccc58b51572a4911f484b0228aa9ee678
mus-f308c33d786b5e7a,filesystem,,68305,f308c33d786b5e7a6dec20bd5f0fd3ce3e33e355b7bfda9add190d5345ee2a61,2005,adjacent-exact,101973,b9ae56105594012a34dc8b48b40bf9ef5277b767436c87ab0f1895e838dcc197
mus-47cd0a07924ece42,filesystem,,38790,47cd0a07924ece42afc03ea0f475bbe07b6acc8d11e877a6da4509fec46ad9e9,2005,adjacent-exact,60636,42f6eff3331a1c78fe308b43dea15c675f891d08a9bbafced5a9fc2285e714d6
mus-a794ec940e180375,filesystem,,14088,a794ec940e180375e1c0ab2ecd4cc6310a694b10e76e5e03b94778698441f1cb,2005,adjacent-exact,31265,2ef1ebc890ef2019e63d261abb5b337461367a5277022901dd49d3e05237faa7
mus-709f55e9aff2b188,filesystem,,74326,709f55e9aff2b188f878a068fb06735d615a3c16394f69a2b43ed38f9b31b712,2005,adjacent-exact,96994,73fa5abd93cc00b2dd5ca35e2b66bfcb013bd6ece1e5a1bbdd803147b3d2e1c7
mus-18a0c51f1d1ad753,filesystem,,34560,18a0c51f1d1ad7531ab4b5c71430234edad303d6a0859f5344e91b2ac7e2a788,2005,adjacent-exact,52972,2cc4d3842f4835156c27bc3e775b25956634cc84e3c5804b48618586157638b7
mus-eb1cd92912def75d,filesystem,,70060,eb1cd92912def75dd57787cc13c311619676effe4a8cfde4cb1740bb3025f6f0,2005,adjacent-exact,106459,c397eae07152b21fe759b9cb51545f96a3ed76ea4e99ffb38ccfb1f6ac0654b0
mus-1c58e48f7f9eaab3,filesystem,,15394,1c58e48f7f9eaab300029256d66fae456bc857ef6962eb8f0878728e3f49a98f,2005,adjacent-exact,34155,6670b661a14276962fcc76cb1f732937b5955f3f910c5f601f13c91b0f39c620
mus-5a9bfa2ad3aafd93,filesystem,,160362,5a9bfa2ad3aafd935922976a950042f132ef69f8c018b578d7ebe159dc8cfc1a,2005,adjacent-exact,223383,62e0dfe60b581eb8f7676f856b04743124d65ef8a0eca96a9667981bb326c459
mus-f308c33d786b5e7a,filesystem,,68305,f308c33d786b5e7a6dec20bd5f0fd3ce3e33e355b7bfda9add190d5345ee2a61,2005,adjacent-exact,101973,31c287f7c236581589b0a40ef1e5e925105514ff1ff5f8418cfd82d6f7a7ff87
mus-acc5ebb29b226cf3,filesystem,,46262,acc5ebb29b226cf3490e27377fe3b53d795a0cf34a596f0fcf1fcc64a3f2f490,2012,adjacent-exact,94585,714f3611d3c407180dc6212af5e71b5261f1d2bafb8039399fce061579588b4b
mus-221446423487119e,filesystem,,40726,221446423487119e1819995c36329b08d6db2d9eddd2ab9b4902cdbe2a9ba5e0,2012,adjacent-exact,85130,979768f9135de3c145115bdb81350d668702c2c7a1f0c4c3c5ae79d29184f9c6
mus-97c0b6385ccea167,filesystem,,46874,97c0b6385ccea16746fdd647340af5f851414ca04fc952e90df901751d951a61,2008,missing,,
mus-9472d0663e38e14b,filesystem,,46674,9472d0663e38e14b7f38bd920ede8824c306f0d7f77129495fb783f782a0e633,2005,adjacent-exact,81113,02859dd5f36ee5afbedd8fd9a14f64aa46440b419ad15c91d56076fbadf9fa1b
mus-47be5c449a24ea16,filesystem,,46881,47be5c449a24ea16ac666a9dc7a8a91f1553b82cb477d23a0bafd2a8e450c4ce,2008,adjacent-exact,95400,299c8502d66b49977ca947995681569acb1e3c90e13a87ab0ace3c2b28dbc6be
mus-5944344216c8fb05,filesystem,,8611,5944344216c8fb05eaaaac93094b7e94e116bb404066d43eb3d8c023ecf976a3,2005,adjacent-exact,28204,9faeb2d804bef4947dda0ede0b4eea5193226dc4e20d7a901805b3f3bd182286
mus-5ac9682100be7141,filesystem,,15853,5ac9682100be7141d3a8aa11536804709fac9be3e23e91b56587967eba6d67f4,2005,adjacent-exact,39575,acdd750c8b5a1716eeb19a4f48e94faf039cfed0cc2dfcd668936098d33f789d
mus-8d972f35e22454dc,filesystem,,7539,8d972f35e22454dcb9d3a287e5918a446f29db167ebff8c65da7c669ea23ba15,2005,adjacent-exact,22781,9c68b3ffe4bebc94e0336bb0552c4e280426db1928f7954e82c9f4534cf941d4
mus-a555a44fa985a346,filesystem,,5453,a555a44fa985a346942e900523bfbb4343f8980624f841acdb4d09f274c011df,2007,adjacent-exact,20333,e58f9e27226a1bbe85e0e8a6de9e1d232327c485e656ba34a43f8529fbb19a79
mus-1b26c12c0c10aa42,filesystem,,130684,1b26c12c0c10aa428bc3886844384207f970af93e10c76e04b81c99e99f56446,2008,adjacent-exact,142025,0ac34073cee182e13925d45de16af140c96dbb6125f54dece64a37f6a28865bd
mus-261e23d8bb9be494,filesystem,,294096,261e23d8bb9be49440caa789fea2e257a5c8cf49b6eca67fe47ccc5386f1132a,97,adjacent-exact,140484,fad09116e0a13902386ef7b4e0390d34adc805eb941844e3fd7394cd81d3b49f
mus-b76a9b23fbdf291c,filesystem,,68899,b76a9b23fbdf291c76e151ec2b74b62b40abe50920075265d8ecbb54fb62688f,2003,adjacent-exact,122430,de8417c7f2711df7c6ee2bf79bbacb27ee60f8b919eeada25e3c14c4976ad3a6
mus-7bd01f608bce7504,filesystem,,68760,7bd01f608bce7504cf364cf91ece8022e5bd5db81e8ee2c78fcdbed196df61d7,2003,adjacent-exact,122487,2bd5c38c83362f4383659d78d210473c53ed4b403da720d6b2b1c5079cca78b0
mus-8fdf95da9f94f78c,filesystem,,855505,8fdf95da9f94f78cda68fc9ab593b8bd75318259e0be775f4f82a4c0b5e99dee,2000,adjacent-exact,327185,0a113b5115a2d03cf12dda13195fe8e55d9d18921caf323962542bcf9665d1be
mus-dc0bc0d77ec66c5d,filesystem,,234134,dc0bc0d77ec66c5d3c2f6738a164dd8189114003f0b1e5b68998a4246d5e8ef0,2012,adjacent-exact,437104,e29aaa1fa9049a7f9d1f8efda8049d4cdea1df2bc9b371d2d78ec0f718140835
mus-0f318713eba3368b,filesystem,,46298,0f318713eba3368b81299805490be352d5c6521766a5dcc06b054119c0f8e731,2012,adjacent-exact,95319,0fa454f47473906df2cffb114fbf7745bd85638518290e29c52c42146f6c94dd
mus-0a98d3d6cd92df7b,filesystem,,48089,0a98d3d6cd92df7b6212520b0916d7f4601c50420d62f0361bc8223dd1053b6d,2012,adjacent-exact,99776,0830bc5d57f9e31790f1855902518bdf0295d06e25e4dea05d4696404676c07b
mus-5d5dda7544f3ed5f,filesystem,,41428,5d5dda7544f3ed5fb4b6bb6d50dfbed784fb4f0bf2eba0446967717dc8c1cda7,2012,adjacent-exact,87026,b374e30f56ef7f69510f7b61ee1da82aed7e6310bbad673008f9c06960e99032
mus-ea51fbab0829350f,filesystem,,47481,ea51fbab0829350f16d1799d782fabc8d8cbc9f3f25235d045f97466d139461d,2012,adjacent-exact,97258,6a4f0b88b9ee8ed874c87bffb1c9e35069d3db4e1d5bcdec1ca22666f88f6913
mus-7ea8720b896ded4b,filesystem,,42436,7ea8720b896ded4b68b1b823b0b5f774c20727f5ec03883bd6e7efef079f4803,2012,adjacent-exact,88485,237e43d20aa43a390b1086d0defe5fcf7f5d4e4cb442a6d0e348d1f18149fb9f
mus-1b40ce8ace63eafd,filesystem,,41164,1b40ce8ace63eafd73eb89757ccb2ae4c294e9f768b573c79a98e52719d7c4b6,2012,adjacent-exact,86296,3ae545167fa92355c33420c9bb30f5e03f89b2035b2a7f16c1ae1d1659848bb0
mus-54651e9a7fa3129a,filesystem,,43915,54651e9a7fa3129a1901267e51a20506977fca64394adfc0ffc49cc00d544e6b,2012,adjacent-exact,91967,65fb77b573a641221cd6c985add46cc9e32e6b6d6f6a255967b6dfc2f7d00efe
mus-5069db30b197206e,filesystem,,46368,5069db30b197206e7653982245624e9c49c265f420a692c85681d93c0c4a9395,2012,adjacent-exact,94478,e6bf22b60e90da6f32bcf6a789b314e3463f50d115ac161cdb4d779bf2f0aaac
mus-d92a0ec429dc4f19,filesystem,,43524,d92a0ec429dc4f19f60a3952734fa979c6c49096e8f5bc05bd68e0d11b80bac8,2012,adjacent-exact,89415,43e547026c9032dd201f1c18b3522603dcb585a224030a59db4ef7052009e611
mus-aadc1161de89e293,filesystem,,42845,aadc1161de89e2938735a40b0801322c5faa306a8abb94753b24e0bcb98d57e0,2012,adjacent-exact,89278,91521097317106c0039d97856ddf99ff40e9a97454766ab9b7b4e2cc6d2f8764
mus-fafa3778778c039e,filesystem,,57352,fafa3778778c039eaacfa80812cad4ef7db80d870c0ccf90c9c23e6afb38ec80,2012,adjacent-exact,114584,8136ede87f91f61a3aa10764e0b07b53f0f0aaaf0a706452ed5f0605f9d3dc37
mus-c02614c055b043dd,filesystem,,127644,c02614c055b043dd6a3fc8ba3167335bb299a1eb82d1134d653057bf2f1efcd7,2012,adjacent-exact,233718,5ae48ce92d4bfe344dda599e94afb571806ad73b53c3f833f71eee9cc2ab5538
mus-2480027f8af8f212,filesystem,,134867,2480027f8af8f212573489e47183145b4c374d64a04c199a6a51875e931ce134,2012,adjacent-exact,245207,0ec9d98a76c54947e731720afebd38e855f71bc8ced620aea102cea2fd6cb789
mus-b9eabeead007cf72,filesystem,,157034,b9eabeead007cf720cd9d77f042ed09408ef3a13f56bb2e4f91c558331eb2157,2012,adjacent-exact,283058,ebd215b3bc15f2d65776775f4f42d5662853a90f2baf862aca5822b75f787915
mus-65eebf4fffe095f2,filesystem,,83821,65eebf4fffe095f298c307dd96a8bec4eaf1b881085d5c1f5b3222531c956333,2012,adjacent-exact,160225,93bb35bd8140238929bac58d90316c41417ddad9ba356e42db8f7900d68c7bb9
mus-69d2892a04d21271,filesystem,,40269,69d2892a04d21271449ef7585bcedfc1e20f09848bc888bd7d16bdab6c9d452a,2012,adjacent-exact,84695,0b52548f575d449a8a125cc611c40e72422698b1c5bbe1f0eba90be6820c81b7
mus-c82d18041877192e,filesystem,,233481,c82d18041877192ed52d9bf2e974bdfd7a492f691d69fc2aee235044a316fe09,2012,adjacent-exact,436477,bb40b47ac2f9e0564c28696a7252ad73732d6b21e89e26c14e32f00da34a7751
mus-36576108666c82a2,filesystem,,174724,36576108666c82a235d9b2c2f8b59344a9bcdc867d8f8db899776be8c2588801,2012,adjacent-exact,316214,f9ceea502093dfc484aca5183ec0f785db661ff6e7a88084c6e7738da53c430c
mus-d689d2b41567b8b6,filesystem,,136531,d689d2b41567b8b60c1c434c4d94535356b96707a472646c9182eda2ea377014,2005,adjacent-exact,184148,c76d3e71a46efbc8e122584d02b7676c20c89803d866ffac84142e858f9f2e79
mus-add7fa37d0bc178a,filesystem,,94307,add7fa37d0bc178ab324dbbf4243bf2a20b363c9ce23998a7bbdba6ba0679c21,2005,adjacent-exact,139011,d766c9744d07eee699a436c754044800cde9dc90a041654dd3b6998fb99f9594
mus-e12f3eb0f6645d2d,filesystem,,137350,e12f3eb0f6645d2d592d3d996d35fe30b504c842bf99468a9750c0b2f29cb666,2005,adjacent-exact,198086,70da654ac1e749f663073fd59f519d945f6bfc060e99ff30819988b0ecc8692c
mus-b91382579036d2c0,filesystem,,65921,b91382579036d2c0dae84352ebd53960e9d28ee7ad450ec788a1112b090db8a6,2005,adjacent-exact,82393,fa4a3fcbb5277036df9751c2ba4b7b4ba5d440239197b2243c14754545a3b3c3
mus-68c455a78f12a141,filesystem,,47265,68c455a78f12a14104a22a10fcd480e807ff0941c57fbf1de07ee0db7a269feb,2005,adjacent-exact,63381,60612cccdbcf61e24a97bc3a82a1d1c90a6ba854f416aae8b5ec72edb27d0f18
mus-a93112f903b10e14,filesystem,,68787,a93112f903b10e14968be092650d8e1ec1d94aa7b9fb33ac968b654255bfe03e,2005,adjacent-exact,85804,4cd92e97b30763eabbbfa216b046364875032b0a51ec803c434ffd4794c08ccb
mus-6896b574a85b1033,filesystem,,64937,6896b574a85b1033c6b56d69672ee763cb05a186b48940b7073a56a5303fcd8b,2005,adjacent-exact,81220,892e60d3f07f720e94f1c9d5035eeb917fd216de4fca8457b03b061859d55404
mus-a7033e3da5b7ab94,filesystem,,51502,a7033e3da5b7ab94181b52b39096b8b23c71806ecb8c41fa9fc0f78b1cd5ce6b,2005,adjacent-exact,70016,b391ac1f80ccb540b3d0fbaecbf3ee7cc0553fe7b055e8bdfd63de8ec7a5a12e
mus-6d5d65be76f4834d,filesystem,,67585,6d5d65be76f4834d5ba26b9c921a558315d53bfa0742036fb094d06e5abf3620,2005,adjacent-exact,84880,b8b4f07ea896335049faab03e11ee2b8de5a59d0be1d860c9365ad72af2b5810
mus-c6760501accef874,filesystem,,105917,c6760501accef874df8d832ff259145e9ab2d07bdfa35914bf28a84ac6ce4aac,2002,adjacent-exact,151715,4bf52ded00ec7881c5551497d8d863cf64a1c349e1ac33ea5c04c54cd90edd88
mus-354f9673e5dd7b7c,filesystem,,106094,354f9673e5dd7b7ce53bf70e216b62960abee78b4ae6649cb65aa0e76ba6386a,2002,adjacent-exact,164165,3a521016285b45fac1f1d5547c7ea3c247b835f8f2f31145274b96ea28f1386d
mus-6abc5c060c60557a,filesystem,,186454,6abc5c060c60557a4f69ff9229d42518ec8674c7bb030bb215a1ade716dec789,2002,adjacent-exact,263484,5b162b954804149cd016d7afe70810ca94639f37d336e4de56e5793d8cb007a3
mus-710ed27e6311c73c,filesystem,,161553,710ed27e6311c73cfcab391e45479747c1f1dcbc4f45867f32046ad51f02327e,2002,adjacent-exact,220528,1bc504254dbef9d9b20b410e65dfc5d6efca3ce3363534aa306c262a49ccc7dc
mus-577bc12d511bd0b8,filesystem,,77146,577bc12d511bd0b87752eff5290dcb0d9a91b5b37422012eb87f001c77658072,2003,adjacent-exact,122839,d8484d494cfd0ce35b39892b37da8b656ad5e92c978b527278a20000a00a3343
mus-ee1595d7122257a4,filesystem,,116363,ee1595d7122257a4a3efd570d0d4e98ef77a760f729a0598c428ced8ab4f6f40,2005,adjacent-exact,182122,7262c6b21dba765884c19fc71506450d9d967cf97b00a5311c4005d6b68eec53
mus-b00ac3163a80f649,filesystem,,377061,b00ac3163a80f649f463a30479d3008a33f74b7d07f0c7a6b1ae117013611f22,2005,adjacent-exact,538796,13242d47c9299d8903b5320a7ce6272e6e1a6f0529a764d39cfbd320283da94c
mus-463273acb9400f91,filesystem,,102208,463273acb9400f913cba72f151604b8f85dba72a3340f3a57f4140898ba8b7af,2005,adjacent-exact,161557,f04e8da5a742fc1613251197b8806e5ec253402455e148b45718bceb1ab7162e
mus-83e336451369ac4c,filesystem,,13922,83e336451369ac4cf659056118d6ee7986e68cefaa5bb9f34e0dbc125d91f936,2005,adjacent-exact,37060,371d972d06a3c80c5d9a03a929c692ab4055b4cd7b28cfdd256c3cdb25590966
mus-4f8c7e3a15ed6150,filesystem,,29311,4f8c7e3a15ed615032fe40c19cc29f892d859e8037ca0310277379b077555a6e,2005,adjacent-exact,55820,690a68fbeba83c63816e88b5cc5c8e656b2df43df7d7e7589ae3a3feb5b426be
mus-9120243d10828492,filesystem,,19116,9120243d10828492d7144d7f839cc54e45c1bea0adcf1a71a1a20d02ad93b0c4,2005,adjacent-exact,45164,1f05c81055c419eb551c3b2887d2502b9eb3db1bc311222fe4329d985992be6f
mus-63583a2ccd9bff97,filesystem,,10094,63583a2ccd9bff971103042d0e704c40ed0536988ad598ed298990c6c69a9271,2005,adjacent-exact,32361,3363718a7e3973113d930218a6a3188e6d92b38c9a9cc28aba3d6935d778a132
mus-68e205bfb22aac35,filesystem,,11331,68e205bfb22aac35e9fe927d1b054ff01dddbc93233b10ff707b80c03e06edde,2005,adjacent-exact,33827,e8db6805ad927135870b406824d1129a7874107b3c8c1fa6eb568a70a97fc9a5
mus-b802e087e4af9d32,filesystem,,13577,b802e087e4af9d32dc19099cc3eb2e8d860e069d45b10ef1c063f0b301dc3a55,2005,adjacent-exact,38340,321ca067a516847f7188deb13e0f16b0b7b6efd968d163bc382076a739d9b865
mus-0a8b1120dd48ec68,filesystem,,14562,0a8b1120dd48ec6839c673c55bb91ce4fdb1f20891f1d2664e70e8cba4d6b75d,2005,adjacent-exact,40225,30375552ac43aebf78e53603ec182be27ef3c51f55eb966e72ccee20cb17595d
mus-2206fb5d558973b4,filesystem,,7422,2206fb5d558973b46910aa3ef94284df045920e7f87307d46f393a9decc2321b,2005,adjacent-exact,22664,814cd4d6c8d75d64570e39073e75d75e46824951eb7921350e0ab111dfaa5dea
mus-b3f48779d83ef8a4,filesystem,,235056,b3f48779d83ef8a4ccf495402b2b6187e4b43678082eeca3f55b04a2b48d8306,2007,adjacent-exact,377299,3b1468a2dbc58bf1e636889e7a09729feb49a00f68aaef744231b5b0d6928e72
mus-13375dfc0b0c28df,filesystem,,402475,13375dfc0b0c28dff459789b1b9267dc82b8f93f2e66d6ca8844221d55e9f0c8,2007,adjacent-exact,619974,43516a297912ff0dc3224288a53eaeac43bd186950e08f8e00c5d89b0a4db149
mus-986a97124576626e,filesystem,,319817,986a97124576626e7455a05aa8732fc2bafa8fc159ffd3f0116b2f8a87d47a37,2012,adjacent-exact,574693,08c07c6753cd16e173cb56035968d444abe73626527bdf9cb86ff1982a5c1e58
mus-04559d2fffc83d71,filesystem,,319271,04559d2fffc83d71769b24ee479e98ca46e067f69c71338984734286a7e0a882,2012,adjacent-exact,565732,f0cf7171abd5f18109e17fdf355c32a985c9db4dde4652b55b65483044269d7f
mus-89ce3ed8eb27df1c,filesystem,,19391,89ce3ed8eb27df1c2675206f1db5e19bd6ab020de22f7fbab83da00f25414643,97,adjacent-exact,22264,c14711160c6ec8fa597b8c2bce27f1ec83fb70f3be1713fd6214dbe3a981c35a
mus-d6ecceec28c25275,filesystem,,7510,d6ecceec28c25275c55f27e1bdbd7224429eddd589dccf5b8f65e2f7a6efb276,2005,adjacent-exact,22875,20899062f78d79ea1c2ddbee56f1c39c01a83659c69d58ec3b9b7174b5110e14
mus-59e2ef2bdc0a9416,filesystem,,3576,59e2ef2bdc0a9416a1cdd0f23cab730c4599f36064576c47055ed3814aa4f57f,2004,adjacent-exact,17065,770f720b90120d91b4324120b89fa125096b41b5bac62d9c0a97b0c7f4170a3f
mus-c2dc80160698b3ef,filesystem,,3378,c2dc80160698b3ef72bd73972dd7a50ab4f0d7f1ac26520c04fd428917498aac,2005,adjacent-exact,16714,627da31d971a59f0f61446682c53ce132141b3be7e34a719349a8a2e6eaf6dc6
mus-86fafceb1ef2ebe2,filesystem,,3218,86fafceb1ef2ebe2ff26f71800a3877eb16e7e22a595a5693e84726cf827393e,2007,adjacent-exact,16840,43982dec2930f76ed904b235a8ad253aa24078faee1a913586585f83e694e66b
mus-11b51f94b27cc3d2,filesystem,,3714,11b51f94b27cc3d2d6810e5e1cfb91cebb2af70b818f0a8f51bea2d1d282aa9e,2005,adjacent-exact,17286,f5169b1ed82f8d066ac6874dae018a19aba6949f02ec6a3954076d1e3dc1bc7d
mus-7ff6bcb8b1bd7c75,filesystem,,7877,7ff6bcb8b1bd7c7547b3921affb575f72ebb9ee365e3ded7bbaeac99ae631678,2007,adjacent-exact,25211,9e3fc8e71708b52bb5dbca723ea9786eb9d5e1576eccf0258499d228227db775
mus-6ebf82c156b4068a,filesystem,,7432,6ebf82c156b4068aa6b4c8811ad98ee7411a28ec40391efcc9ffa3f57d310ff2,2002,adjacent-exact,25312,0ded996f0cfb28c5bff318dc4e5b8b57e4500eaf34b61d744f85e5f3b5df52c2
mus-e6a2adc8a1b6363d,filesystem,,8386,e6a2adc8a1b6363dff7ffccff4e59eb40ae5acf97f8951933da08d0c76a3eeba,2007,adjacent-exact,26494,f442a4cc2ad7e48b3e10df254200e67e66c406ac19e2d4d77fa605bc0ab273ef
mus-76ef4d96d05bedff,filesystem,,9118,76ef4d96d05bedff6d98ca529bbc95779b06ce70bbea4811ee0e89bef043775a,2009,adjacent-exact,26884,a8d779f4db7656f5199b92d80c0535522a9c969e6dc1618364c7e4155529e12c
mus-0c01aaaa7ec30e30,filesystem,,8594,0c01aaaa7ec30e3033181a25de6e40f0d3c7ff315add6b009d26fc4543eb2e74,2007,adjacent-exact,26990,2d0fc04d6bffea8a157356fd009c1ca3b85996b0811fd1d753f00d3af4915fe0
mus-d8c3fb79994d0615,filesystem,,48379,d8c3fb79994d0615ab362809d51377a4953deccae9d9b708910d4d3607d3ca4e,2003,adjacent-exact,59376,c5c6559d8d5864d01a26a41e2ad23391f74df89658181d7c48f22731a8e64a43
mus-24e8d482ddc433b1,filesystem,,7047,24e8d482ddc433b1dedfca3f346eb6eb47d980c4df915c2285c0cb02f8f6655f,2003,adjacent-exact,23102,bcec47d73a8780edf1e2e27c0b5b1dc1ade5d3281735c3ffe4070c563cd4792c
mus-fb865fb6ac00dfe4,filesystem,,6958,fb865fb6ac00dfe47d76cd359f642fd5171182e7b2afeac762dedabfcd194c74,2003,adjacent-exact,22858,5fb1ad2a4e5cd2db3f53a5aaf4e86cf9606c9915e54809f7e724691c11bd8ac8
mus-0d9fee5e183ee7f9,filesystem,,6942,0d9fee5e183ee7f9e32e47a7d3edc953f67d99a8d82c03fcdb236cc8bc667a85,2003,adjacent-exact,22781,afde8442a49d240f7d86efe0d9aac827d61db5a2f2225fc0c971e72432195fda
mus-db63fb8ea470442e,filesystem,,7031,db63fb8ea470442edf0547bce747fc65fc24c9e4d1eb9516a19cf1651f127304,2003,adjacent-exact,22966,bae962b3fc062fc9ed1133358b538373405106ebe6614987eab25ae0c54a068a
mus-911401494ae5298d,filesystem,,6939,911401494ae5298d78723cb95ddbaa587651078f67fff31aa2579059b0e375f4,2003,adjacent-exact,22835,f343315623126a171d8b974d9be81e2b13f7de6894c51cbad11b4ce2f172a3e4
mus-80154697115b9b08,filesystem,,6926,80154697115b9b086f19a6ac43b9f9c9e9faa5227b0e7b441a24abfbe84c90ac,2002,adjacent-exact,24364,c1fd39d266e4902a621874bcbbdeaddc05ea1b4b9c3035150c69827225a88608
mus-fa7be26901d2fefb,filesystem,,38951,fa7be26901d2fefbcbfaf51f45dc09b0bd0084e2c178f3ec56aeb2b07f636d70,2012,adjacent-exact,84025,f43deddb67b9570d03de4e869f4ed9f6a0bda83f056b29b451ea117d4b811d56
mus-a03a5f4f6aacf182,filesystem,,6671,a03a5f4f6aacf182eab067695d55ac2b3d6fef11775337a65e005601a4774cb9,2002,adjacent-exact,22750,e18dc4fdac5eff66df2acf98c42aa3175a41eb2dca0dae73c8184b535c5fc5ad
mus-d35597c0a02d04ce,filesystem,,8357,d35597c0a02d04ce1ad21469ffb489ab66ff4fe2668b90d868b230923f104177,2008,adjacent-exact,25745,7c546c50cc98892d10a323c643e07c944d73d66401db39ad0c54656fce038a97
mus-4ee520004faafb33,filesystem,,21601,4ee520004faafb33d1446a2b322386f7f7493aaa748b8b1b400266adb49125b2,2000,adjacent-exact,22599,6fff55613947b2ae224b4c1e8add189480f87baac2bf6a836d47abca811f982b
mus-fbd112fad7effc4c,filesystem,,54760,fbd112fad7effc4c4e1f69d931bb810ffbc30bdd4b0a144d9fa4a325521de184,2004b,missing,,
mus-990f5f9c9e38e168,filesystem,,54793,990f5f9c9e38e1682e5b2325957e2c12d1f7508d62fe41bac891af25b1b487f6,2004b,missing,,
mus-68448786262eb644,filesystem,,54974,68448786262eb6449a5544be5a54a45540ccc26c29884dc10d68f6f881e4126b,2005,missing,,
mus-a6f99ac6b21bb9ef,filesystem,,55204,a6f99ac6b21bb9ef6e5d00fcbca1e8afc393f73d75d03799cd88dcbe5ca69c78,2005,adjacent-exact,54900,4ca30c4c20f235fedb8876d029d2bc56f811b3a5f2d99158739abc4a19f76559
mus-14816048bc29d651,filesystem,,7024,14816048bc29d65193bec1f1ae1550177b5636a4689453a4f7605d1c9fe4cfbb,2003,adjacent-exact,22819,d15cce16dc8280f0933c982f639a533b1ddd951dd008d0b3db2ee040b55b78e3
mus-bf8a2d7e1feccad7,filesystem,,7552,bf8a2d7e1feccad7356ac1f14a1a65b122d19edc7251eaa6c990e9813fc08442,2003,adjacent-exact,24021,59c32d085fdf2c6e3fca48a5252d0ac2cdd8248db60f2806763be0a4fea2b23a
mus-02cf5aedce61bd4e,filesystem,,21809,02cf5aedce61bd4ebfd2bbd573ff430153daded4eed1d047931d7be062c25f0d,2000,adjacent-exact,23022,a432a2d514cffa64f7990d4719846612c06da07231bd39b5e3c7e4e3a2c621bd
mus-15ec9b233136225f,filesystem,,21051,15ec9b233136225f12ae2bc122211338dc5fd3cff24ade15a105663c33b54900,2000,adjacent-exact,22418,25d3129c2861373cbf32b89ed07582a4d9d522eaa259784c93a3c4c093f23995
mus-f879c5edd8c4e7e7,filesystem,,20067,f879c5edd8c4e7e705b4b6f7d43d19f262cc94329ad362cfc62c019f557bcf13,2000,adjacent-exact,21965,29760a544fa779cfd0c8842d34b4cb839667c5b81f58e8a62fa449fa2545897d
mus-b31070a56377b624,filesystem,,22005,b31070a56377b62496efaf630797dff1acb8e6850a15b8cfdeeb63b79de1fedd,2000,adjacent-exact,23012,034b3d0af48a7d7ea1d8cad4c6fc31412f4bb535e24acade13afbb8317c76341
mus-85205b4af9c9eee8,filesystem,,21561,85205b4af9c9eee8b3fcc8466dd00eb42fcfeba7ec45d5a5e5e3d0c29d971acd,2000,adjacent-exact,22729,afd6adcd17f22eec81516efe2b7da40cab13f3f17ed82363404f27565ac7c2b2
mus-3501a8bdefb28717,filesystem,,21975,3501a8bdefb287178c54c467f49cc9bb34bc5313187af8e1de2eaa1bdc461499,2000,adjacent-exact,22619,f4c3e629dc83ac4122463b7a94a9de29ed8065213d7387b0efcb0512d024e5d7
mus-7f09920de16277b1,filesystem,,20329,7f09920de16277b108eedcb7db9608c1e9d06df6261c7ad630200ee262448f37,2000,adjacent-exact,21950,fe29f1efcdb7fda2b33e6958f6a36daa90ba4dac0b42d4a60ebe1c8b532608fa
mus-4c2ffbaf1f32229c,filesystem,,57589,4c2ffbaf1f32229ce4117993dd288afb51648a8720813a6cbff59d4a1a9535ad,2002,adjacent-exact,66899,ae312127972c2c1b8af52cb49b38a0c057e2063d4c36a59b1cda13f47a5d0e37
mus-e61f7e1b10423f66,filesystem,,21941,e61f7e1b10423f66b7ea959cc68e3ac476dc3109e208347bdc0d8c4515194718,2000,adjacent-exact,22564,6770c8975f53503cea4725c5d66caebffc2ff85182013e3b8b9253d079646b12
mus-b2d9dcf1ec2d48cb,filesystem,,21893,b2d9dcf1ec2d48cbd74513888a3da1d688c35aabebb4c9ed854ea224d6d3bcea,2000,adjacent-exact,22623,71a54f245a188c424e82229ec15d3c34524d9cfcdd99faf230d1ebbebaac5a85
mus-8df43d75fab0c654,filesystem,,21137,8df43d75fab0c65479f90de5de01deb4c02944200e1900b64e8a1251790fe863,2000,adjacent-exact,22209,63b0c09dc7c6849b48a29886fa9d46e52e54f0799d32b420d81f99ef67579b40
mus-a2b773298e64f7c0,filesystem,,6793,a2b773298e64f7c0807c4c0429bb477279b96ba74ca6531f324ef5e3b684d94e,2002,adjacent-exact,22840,be6d51a8e62f88a0b0d259735bdc84fad7e0a2a7f7d185500ac040e8a81f1287
mus-d17af0a403b0a7eb,filesystem,,50261,d17af0a403b0a7eb60e33acf8b713a1da148209828871510ff56776a07b9db8d,2004b,adjacent-exact,50859,d4d1ff19cdea0d5671f6b5597f4d25115cd80bcdd21d560187b13836de50d7c8
mus-91a68b7f67e10791,filesystem,,21931,91a68b7f67e107915cca982128b80dc08df5495c5f31bdc5f86f6fdc659bfd35,2000,adjacent-exact,23167,0999e07d964a96908e31870c1c26baa5bba21c8199c6af1e88eeb187beba150f
mus-06b43fd49f77c1c6,filesystem,,7261,06b43fd49f77c1c6202cec1b62d41cea5f89ad86fded1b4b5acc33b904903399,2003,adjacent-exact,24245,3d9fda2741380611dab2ff1d3176b773e2de5689ecaf18f00b02baf4dd937b19
mus-5529691254be299b,filesystem,,7120,5529691254be299b9fb7279e5ca549811b1be216a7a69173a1cc4cff6f27f957,2003,adjacent-exact,23088,6ca74e5ae9aa4a4cbf0fa650a6e69b7a71bbce77324122292978620a0c3933a5
mus-138dd65b1eba2ce4,filesystem,,67567,138dd65b1eba2ce4db9981affdfafd2fadf396b5dc549217f9f5d85f99a02e5a,2003,adjacent-exact,78276,89a191aa705aa09898ac29078ba106e829358b5ec8bec42ac73d34e5ec315519
mus-2fc904f04995a9cd,filesystem,,4169,2fc904f04995a9cd10d2218ad9694ac12aba7a10f707c76da1f496d4d1e5d564,2006,adjacent-exact,17050,8f3e89d72cda05876088f97b4faff5ee2ed207ee17a1ec465c6bee4a4143dbed
mus-76f77e0eed85f646,filesystem,,11190,76f77e0eed85f6462d38f096663d9d4581c71b6d0d8fd52bcc44fbdc4f6fe25c,2003,adjacent-exact,30013,1d99b0042c536efd5c8b13921df9b23070c962870816e453f1d4287699fef770
mus-8eb13cc6ed55aabd,filesystem,,7481,8eb13cc6ed55aabdff4ae84d61ffeb3b8ceda73a545100a438994c04eec65877,2003,adjacent-exact,23966,edac8686eb22f5f80d9605ea409b0c07ead016a78557d214be3bb3d0c07710e7
mus-2830345e776c26ec,filesystem,,7129,2830345e776c26ecc8723c25811217323a330801bf381228a4f40808148f3bc6,2002,adjacent-exact,23666,5d3d8f445b020223852a92039bc15792fbbfe8f342fb5a01685abc95f6a69157
mus-23d53e1722e95ca1,filesystem,,7916,23d53e1722e95ca1e37fce361e1712178a11a62aaec3528a6084ce8f7da7c39d,2003,adjacent-exact,24717,b36d69f7acbf1a42daa043fd55b559ec507a522ef075233d5912194d0f358c50
mus-349d6da9f63ce02b,filesystem,,7098,349d6da9f63ce02bf86762b7c66e6ef7067cfa3e2bc80df22c4ea871c73aa52d,2003,adjacent-exact,23050,a80bf82959820eefc8581254ea83865d50a669e65fe9c4fbb14b08efab4b9f7e
mus-1c6ebc82db7ec32b,filesystem,,6859,1c6ebc82db7ec32b17c8cbd1ce5ffd4a9dea8c8f72313ae745b854622d60bfc9,2003,adjacent-exact,22472,224b0bc071141ccb0172d5e7a690062813e3c8cad88c288ef92adeca444ce1a6
mus-b9aa3f379134f423,filesystem,,6808,b9aa3f379134f423d3f5a249c17b098a421d9735a9c3fbc885c377208003765a,2003,adjacent-exact,22355,a74d30d70c40172864c8249facf4e526f8f9345ae8c8c4a99ff2fc66fbec6e5c
mus-89ce3ed8eb27df1c,filesystem,,19391,89ce3ed8eb27df1c2675206f1db5e19bd6ab020de22f7fbab83da00f25414643,97,missing,,
mus-59e2ef2bdc0a9416,filesystem,,3576,59e2ef2bdc0a9416a1cdd0f23cab730c4599f36064576c47055ed3814aa4f57f,2004,missing,,
mus-6ebf82c156b4068a,filesystem,,7432,6ebf82c156b4068aa6b4c8811ad98ee7411a28ec40391efcc9ffa3f57d310ff2,2002,missing,,
mus-d8c3fb79994d0615,filesystem,,48379,d8c3fb79994d0615ab362809d51377a4953deccae9d9b708910d4d3607d3ca4e,2003,missing,,
mus-24e8d482ddc433b1,filesystem,,7047,24e8d482ddc433b1dedfca3f346eb6eb47d980c4df915c2285c0cb02f8f6655f,2003,missing,,
mus-fb865fb6ac00dfe4,filesystem,,6958,fb865fb6ac00dfe47d76cd359f642fd5171182e7b2afeac762dedabfcd194c74,2003,missing,,
mus-0d9fee5e183ee7f9,filesystem,,6942,0d9fee5e183ee7f9e32e47a7d3edc953f67d99a8d82c03fcdb236cc8bc667a85,2003,missing,,
mus-db63fb8ea470442e,filesystem,,7031,db63fb8ea470442edf0547bce747fc65fc24c9e4d1eb9516a19cf1651f127304,2003,missing,,
mus-911401494ae5298d,filesystem,,6939,911401494ae5298d78723cb95ddbaa587651078f67fff31aa2579059b0e375f4,2003,missing,,
mus-80154697115b9b08,filesystem,,6926,80154697115b9b086f19a6ac43b9f9c9e9faa5227b0e7b441a24abfbe84c90ac,2002,missing,,
mus-a03a5f4f6aacf182,filesystem,,6671,a03a5f4f6aacf182eab067695d55ac2b3d6fef11775337a65e005601a4774cb9,2002,missing,,
mus-66f5aeb0315a8381,filesystem,,6927,66f5aeb0315a838191fefdb7d3dc51161669c2b6362c090e7f383847035b26ef,2003,missing,,
mus-c7e0faa94df7fc67,filesystem,,3294,c7e0faa94df7fc6782953b9a51304b2b46ae50d7f37154dd619c2682ab34fac2,2004,missing,,
mus-07e9922dfd8de9db,filesystem,,8005,07e9922dfd8de9db7a05d84c3090818a519f0ba2463dc0fea4d2b8e349816fc8,2003,missing,,
mus-b81eb42fcd6b8449,filesystem,,68907,b81eb42fcd6b8449233a0f2699bda4aa54b73dac51e121d32b39473a5247f6fa,2001,missing,,
mus-a369ff13b7923d44,filesystem,,68873,a369ff13b7923d44fdaeac50d4740c2896776aa31df1c8d8bd1d97f978c2e008,2001,missing,,
mus-a369ff13b7923d44,filesystem,,68873,a369ff13b7923d44fdaeac50d4740c2896776aa31df1c8d8bd1d97f978c2e008,2001,missing,,
mus-b538555731e7e648,filesystem,,68820,b538555731e7e6484823b7db135cafbfa1e58b663810056173134f4367aecb07,2001,missing,,
mus-9d3e84ae9fef4203,filesystem,,69395,9d3e84ae9fef42039229c45d0594f4b16f5779a87490f5ad0ea1dd21ce3d02aa,2003,missing,,
mus-b7bd99a606120406,filesystem,,7798,b7bd99a6061204065e4bed38dd8e95814c3d989a756d8186614790fe387547c1,2004,missing,,
mus-3752b988ba55c481,filesystem,,26284,3752b988ba55c481c885c624ee72dc4997f94d09a11c80de1df45b03aae924ab,2000,missing,,
mus-f780d2453d79d0e1,filesystem,,6977,f780d2453d79d0e19dbc94c8c9cc92c29587d3c4a8478466d2e265c716fc0af0,2003,missing,,
mus-f1080c13aad8092f,filesystem,,19381,f1080c13aad8092f20fb93ab9a0c12caa7d3787a57d75ab29d6099303ce1d188,97,missing,,
mus-71c74ed45f158193,filesystem,,6952,71c74ed45f1581930787fba2122ad5d5162572cf532b5e2bc58c2cd36bf98a49,2003,missing,,
mus-21e22f4f76ea6c8d,filesystem,,20959,21e22f4f76ea6c8d61506c799fa883a45a29631ead619787229dcc7ba28414af,2000,missing,,
mus-b49abdad295dffbc,filesystem,,4156,b49abdad295dffbc77e4ba45c86bec76be95c1322b1012498dd3b689cb464597,2003,missing,,
mus-5b95aaf5c41195e4,filesystem,,19733,5b95aaf5c41195e4433fffb36c6cb0687beac242113477e076a31c43c88783aa,97,missing,,
mus-7e7a2e84756b7380,filesystem,,6104,7e7a2e84756b73804d8da951b15bc4b8239fcb17ce5d43c00e8e20b22268c2dd,2002,missing,,
mus-645ac9da0acaf4d7,filesystem,,18879,645ac9da0acaf4d7416d40fa0443496ccfbcbb9e8d1b5c4ea73a7f22919ca070,97,missing,,
mus-f3e9ef8950e4d49e,filesystem,,18793,f3e9ef8950e4d49e487f37e6c2ac755a6396289793c6deecd69eca1b3448bfb0,97,missing,,
mus-d1a90cc453593325,filesystem,,7025,d1a90cc453593325e893e82f18fe1a026ba956011a7255925fca2a3157cd0a34,2003,missing,,
mus-07bb32110967763b,filesystem,,19225,07bb32110967763b6628d9ba21dda9a0aaadc288912bef338f066cda48c1c2d3,97,missing,,
mus-7a941673c7f1fc38,filesystem,,6903,7a941673c7f1fc38654e743e6b591dd8bdbc0919987229c1eaea1e83c9b9befe,2003,missing,,
mus-bae7740587c1f769,filesystem,,6883,bae7740587c1f7692529dc262767ff5e6381edede280136838b220e1d9494314,2003,missing,,
mus-9ae245d230bc9ff4,filesystem,,6811,9ae245d230bc9ff42a06c35524fed13c7868962b3aeea3eb2d595622cb74dd1f,2003,missing,,
mus-b4c6e4247ffcca82,filesystem,,7299,b4c6e4247ffcca827da225a7d24c8136475bb106f56df65cb391a2c413d57d26,2003,missing,,
mus-179dfb5d2e481125,filesystem,,6794,179dfb5d2e481125a4dc46ce924edbd31a6e2c2364c5fa660e0a92b00a5d9fce,2002,missing,,
mus-4f609ff3244e9450,filesystem,,7435,4f609ff3244e94500f5874ae7927c989630dfcc1832f4842e22a4015f75a3b11,2002,missing,,
mus-4ee520004faafb33,filesystem,,21601,4ee520004faafb33d1446a2b322386f7f7493aaa748b8b1b400266adb49125b2,2000,missing,,
mus-14816048bc29d651,filesystem,,7024,14816048bc29d65193bec1f1ae1550177b5636a4689453a4f7605d1c9fe4cfbb,2003,missing,,
mus-bf8a2d7e1feccad7,filesystem,,7552,bf8a2d7e1feccad7356ac1f14a1a65b122d19edc7251eaa6c990e9813fc08442,2003,missing,,
mus-4c2ffbaf1f32229c,filesystem,,57589,4c2ffbaf1f32229ce4117993dd288afb51648a8720813a6cbff59d4a1a9535ad,2002,missing,,
mus-a2b773298e64f7c0,filesystem,,6793,a2b773298e64f7c0807c4c0429bb477279b96ba74ca6531f324ef5e3b684d94e,2002,missing,,
mus-91a68b7f67e10791,filesystem,,21931,91a68b7f67e107915cca982128b80dc08df5495c5f31bdc5f86f6fdc659bfd35,2000,missing,,
mus-06b43fd49f77c1c6,filesystem,,7261,06b43fd49f77c1c6202cec1b62d41cea5f89ad86fded1b4b5acc33b904903399,2003,missing,,
mus-76f77e0eed85f646,filesystem,,11190,76f77e0eed85f6462d38f096663d9d4581c71b6d0d8fd52bcc44fbdc4f6fe25c,2003,missing,,
mus-8eb13cc6ed55aabd,filesystem,,7481,8eb13cc6ed55aabdff4ae84d61ffeb3b8ceda73a545100a438994c04eec65877,2003,missing,,
mus-2830345e776c26ec,filesystem,,7129,2830345e776c26ecc8723c25811217323a330801bf381228a4f40808148f3bc6,2002,missing,,
mus-23d53e1722e95ca1,filesystem,,7916,23d53e1722e95ca1e37fce361e1712178a11a62aaec3528a6084ce8f7da7c39d,2003,missing,,
mus-349d6da9f63ce02b,filesystem,,7098,349d6da9f63ce02bf86762b7c66e6ef7067cfa3e2bc80df22c4ea871c73aa52d,2003,missing,,
mus-1c6ebc82db7ec32b,filesystem,,6859,1c6ebc82db7ec32b17c8cbd1ce5ffd4a9dea8c8f72313ae745b854622d60bfc9,2003,missing,,
mus-01c845fbcdfc27a4,filesystem,,22620,01c845fbcdfc27a4f61033f66dbd16bf3a72a2bde6ff4cc4dda46733389ebf03,97,missing,,
mus-35b764881cf54f67,filesystem,,18677,35b764881cf54f67e2e4dfcd3d1f7071a330fd03e0f7a5afb6314a6b4857eb29,97,missing,,
mus-598235678a9ff161,filesystem,,20291,598235678a9ff161642cf4c7e5a4e25f9a6f658e75f99d300d5a0d4c241fb214,2000,missing,,
mus-b8ea2439d152f4a8,filesystem,,93345,b8ea2439d152f4a8d1dff4a91c6fae6a06b308c29157c9daf545701b3b31c362,2002,missing,,
mus-ecd2fe88676ee47a,filesystem,,47263,ecd2fe88676ee47aa4d76789152ee779066b9e57f958735923b42d7ce4a61d53,97,missing,,
mus-302c33d4dffb58dc,filesystem,,59531,302c33d4dffb58dca4858f0e0043dd9537a51d303761dfbc3b9f541cc2756072,2003,missing,,
mus-cf0e36e5f32091eb,filesystem,,47359,cf0e36e5f32091eba84523477006e4fdb9078241ad720b9b5eeefa6edfb99bc2,2000,missing,,
mus-baf04c0390a2fd12,filesystem,,112660,baf04c0390a2fd1277f60fc0a571e20138da26948cf83ae88c593b6258c21b60,2000,missing,,
mus-c4540bb157662939,filesystem,,19293,c4540bb15766293907308afbb1ded979461eb59419626b37e15a98afbc7fbffa,97,missing,,
mus-4c13a94a52080dcd,filesystem,,20837,4c13a94a52080dcdce733a0720cb3930b0c6c47f7e538956f55b9e91880a7f32,97,missing,,
mus-47a19375e0a05fba,filesystem,,54663,47a19375e0a05fba3d9c4fea5166e97028ce5adebbd188f50a3917f8418b086e,2002,missing,,
mus-371dd062abd6bbc0,filesystem,,46897,371dd062abd6bbc007ade4ca08ba77886aec421f9c6440b8696618972b12cdee,2008,adjacent-exact,95424,241c8bf2a4c9ef97dc826dfaea3885af9cee8202520a0358bde97022fe472400
mus-89ce3ed8eb27df1c,filesystem,,19391,89ce3ed8eb27df1c2675206f1db5e19bd6ab020de22f7fbab83da00f25414643,97,adjacent-exact,22264,d03684199157adcdd049b5cb57ac144f7fd9bd3fcbc37a47f5f76a1fd9fc1f98
mus-d6ecceec28c25275,filesystem,,7510,d6ecceec28c25275c55f27e1bdbd7224429eddd589dccf5b8f65e2f7a6efb276,2005,adjacent-exact,22875,7a031cf55fb548549658c547a40fc0f612678cc998a3a1409eae3423404a842c
mus-59e2ef2bdc0a9416,filesystem,,3576,59e2ef2bdc0a9416a1cdd0f23cab730c4599f36064576c47055ed3814aa4f57f,2004,adjacent-exact,17065,53c7e09d3ac5c43e9ed90fb0b7b95c94c9b0d032a21b6a57534adc9406a05b0c
mus-c2dc80160698b3ef,filesystem,,3378,c2dc80160698b3ef72bd73972dd7a50ab4f0d7f1ac26520c04fd428917498aac,2005,adjacent-exact,16714,fac4895f47383f8f9af3e0d897b00b6c750e8baf75a74032da27f9ec70227f14
mus-86fafceb1ef2ebe2,filesystem,,3218,86fafceb1ef2ebe2ff26f71800a3877eb16e7e22a595a5693e84726cf827393e,2007,adjacent-exact,16840,9bc479e148e638db04be6006c6abd723acde3553b6f634b009a8d459374a75ce
mus-11b51f94b27cc3d2,filesystem,,3714,11b51f94b27cc3d2d6810e5e1cfb91cebb2af70b818f0a8f51bea2d1d282aa9e,2005,adjacent-exact,17286,6422354d48b2f096ecc420a092f3ca7d11f622eb10d372028b61696dcb85fc12
mus-7ff6bcb8b1bd7c75,filesystem,,7877,7ff6bcb8b1bd7c7547b3921affb575f72ebb9ee365e3ded7bbaeac99ae631678,2007,adjacent-exact,25211,0ed477c41b450c69313c7eabc3476a7c1409e25472ee4d051abc91f06d63906c
mus-6ebf82c156b4068a,filesystem,,7432,6ebf82c156b4068aa6b4c8811ad98ee7411a28ec40391efcc9ffa3f57d310ff2,2002,adjacent-exact,25312,d7e8984e545bd2f022ec53365a71c0a134a50ab239da7e5f73d8fe2f0b576442
mus-e6a2adc8a1b6363d,filesystem,,8386,e6a2adc8a1b6363dff7ffccff4e59eb40ae5acf97f8951933da08d0c76a3eeba,2007,adjacent-exact,26494,803eb44514830cbdc9fd3e82d1061626fb6df6e0260c044ea3d3b86945b09c6f
mus-76ef4d96d05bedff,filesystem,,9118,76ef4d96d05bedff6d98ca529bbc95779b06ce70bbea4811ee0e89bef043775a,2009,adjacent-exact,26884,aaa71dcbd8558d742ffa9a20f0a5a4294813f47fdb3f946e81803b388f8b11dc
mus-0c01aaaa7ec30e30,filesystem,,8594,0c01aaaa7ec30e3033181a25de6e40f0d3c7ff315add6b009d26fc4543eb2e74,2007,adjacent-exact,26990,27ea69148f4c8a4fa114c5be665aa6ac4379fa36e4e2096dbcfb88dc47fd18ab
mus-d8c3fb79994d0615,filesystem,,48379,d8c3fb79994d0615ab362809d51377a4953deccae9d9b708910d4d3607d3ca4e,2003,adjacent-exact,59376,3febd74950719713326709161490210c5c6e6955abc81c324938c504b36a710e
mus-24e8d482ddc433b1,filesystem,,7047,24e8d482ddc433b1dedfca3f346eb6eb47d980c4df915c2285c0cb02f8f6655f,2003,adjacent-exact,23102,bc8882754b694cd1599269f9f04fb97b42d6602f2418e3234c7407846df9bb05
mus-fb865fb6ac00dfe4,filesystem,,6958,fb865fb6ac00dfe47d76cd359f642fd5171182e7b2afeac762dedabfcd194c74,2003,adjacent-exact,22858,75dc5e5c70213df66a7555b7ae7c8963da943948276a674a9ee8b589c21d0d5d
mus-0d9fee5e183ee7f9,filesystem,,6942,0d9fee5e183ee7f9e32e47a7d3edc953f67d99a8d82c03fcdb236cc8bc667a85,2003,adjacent-exact,22781,de8fc3491f86083172b868a01d8d674cdcf086635d9ab65736f3dc048ede205b
mus-db63fb8ea470442e,filesystem,,7031,db63fb8ea470442edf0547bce747fc65fc24c9e4d1eb9516a19cf1651f127304,2003,adjacent-exact,22966,2cff7d74677b5272a84c260b22b464f77d1f19368f433dc239619c5445f5fd86
mus-911401494ae5298d,filesystem,,6939,911401494ae5298d78723cb95ddbaa587651078f67fff31aa2579059b0e375f4,2003,adjacent-exact,22835,f04803c2e7cd6dd603d561f45f337a5f051979ec12277cd76305d04938aa3478
mus-80154697115b9b08,filesystem,,6926,80154697115b9b086f19a6ac43b9f9c9e9faa5227b0e7b441a24abfbe84c90ac,2002,adjacent-exact,24364,b2e99d5422f21a65c27a20035c5d9e0074d815c7f18828a5247dc530b971fda3
mus-fa7be26901d2fefb,filesystem,,38951,fa7be26901d2fefbcbfaf51f45dc09b0bd0084e2c178f3ec56aeb2b07f636d70,2012,adjacent-exact,84028,fe1e68469c83698f21ea34eb2e856beff978042a8ed38500d0525b3c3d574d63
mus-a03a5f4f6aacf182,filesystem,,6671,a03a5f4f6aacf182eab067695d55ac2b3d6fef11775337a65e005601a4774cb9,2002,adjacent-exact,22750,bc019c075fc58c85fcc1817a8c4282f0afc343e94c10dd21fe5e1fe1f70c7293
mus-d35597c0a02d04ce,filesystem,,8357,d35597c0a02d04ce1ad21469ffb489ab66ff4fe2668b90d868b230923f104177,2008,adjacent-exact,25745,ac42170e153a453e74deb0faa18527f3fc321410bfe5ba6bd6853a2d249fc111
mus-66f5aeb0315a8381,filesystem,,6927,66f5aeb0315a838191fefdb7d3dc51161669c2b6362c090e7f383847035b26ef,2003,adjacent-exact,22533,2394b6427882356b6a4f8748397d0670a6364620a387e78f01af5f8432a48251
mus-c7e0faa94df7fc67,filesystem,,3294,c7e0faa94df7fc6782953b9a51304b2b46ae50d7f37154dd619c2682ab34fac2,2004,adjacent-exact,16416,2a8030db80365ee2805a480c0ef377b0f99ca5a74bcded4514d209965e9b509f
mus-e09f13d06ff0f25e,filesystem,,62326,e09f13d06ff0f25edd527d1f2d83a0cda3b524068bc0d7142625c8447df97db3,2004b,adjacent-exact,77088,f26643d877abb804dfaecb5d3fe2fd6a07ee85d9bb114ad9460bd3af3188d2b6
mus-8fc93fa852c6c878,filesystem,,36852,8fc93fa852c6c8788398a94e71e8af2a970a7ba827fab11a7d44fe7cb2e8d4c6,2007,adjacent-exact,76017,f27a91e8dee5065cd906b080260e4622c889b803e57f02bc2becc99ca7b398fe
mus-94ea3999ffb4f670,filesystem,,187968,94ea3999ffb4f6709ad0de5e265284e81192f22c32d9da8d5d0548580d0ea04f,2012,adjacent-exact,344814,b1790bd62e283f8a9a0e54ab1b7801025fb47b53df364c8101af7598f846a439
mus-213a5877d4e34c53,filesystem,,220528,213a5877d4e34c5343ed03c7ebf0d83bb63b28d62edca313043c4dc5b46dc792,2012,adjacent-exact,403588,52e0ff02ec9d207e60e93f6fcc60c6d44daef82a028450e3002341d6c7580bcc
mus-cdfc17e54c4ba70c,filesystem,,187950,cdfc17e54c4ba70cca8e73ab962e3e5c60037e0277a14f504f61d5f3c22b56e5,2012,adjacent-exact,344732,faad2d317305887b0512fece22fbf780384a6cbb4e11bfc576a139d56f139d6e
mus-42d5121d1ed3a26d,filesystem,,46679,42d5121d1ed3a26d5d471efc7971264f5fcbe984ccd63798eef38a84439a8fda,2012,adjacent-exact,95394,9bf8c8aebd3e8b379899544a9db46b9b940ab0eb7a48d595a1850e0d81960377
mus-487b1e9ef8523107,filesystem,,46815,487b1e9ef852310709a614bcc6f54d2b134ba4972b936ec3b6670e66e1fe66ff,2012,adjacent-exact,95759,a2b613e62522a6e6b1814dca01b31cfb86289830df98376d4b526862be612256
mus-d955d380e0816070,filesystem,,53976,d955d380e08160703583c18f6d0466bf41a15f5e64bae1eeb81b69df22bc13dd,2007,missing,,
mus-5a6641ad7416ea92,filesystem,,51573,5a6641ad7416ea9231a7133f6c68ceaea86a508b5711b8bc1e647093769719d7,2007,missing,,
mus-a8051c254bd6f164,filesystem,,7953,a8051c254bd6f16479d7143dff62b0da7b7a252df57edb41dd33360bba4e3399,2007,adjacent-exact,25051,16120a3f56a809dcdde341edae14cec8e289b730c7a42ebc2ac24d0386b16713
mus-07e9922dfd8de9db,filesystem,,8005,07e9922dfd8de9db7a05d84c3090818a519f0ba2463dc0fea4d2b8e349816fc8,2003,adjacent-exact,24915,3d3762b1131426b4e7f01d5418f87dcd7be3663240a57c4c692edd1640421a28
mus-e26dcc1c3ed199a5,filesystem,,31885,e26dcc1c3ed199a5fca73e247985bb57f94147a080496359a1a5ba64d97069c7,2012,adjacent-exact,68926,86631fe2cc291f84182272b0c432e07e2c0ab2d008abd2327893e45125e048a8
mus-c24bfbc168830692,filesystem,,69329,c24bfbc168830692bb66cfce9cde1461da6535035cf27c305393ef3f08abe859,2003,adjacent-exact,73003,74c92a21f6a582abcde0a99b50b81699c973ddeb6fb8f3049636b60cc9a1fca8
mus-da9e72c0a8ce7f8c,filesystem,,35105,da9e72c0a8ce7f8c958d436fb1683d92fc03ec70c0db963d91c4c09af1053840,2009,adjacent-exact,72829,fbc38128db8d3f895e46940cf223f2d68cd4ee7619738efd7bb403bc26b2ab57
mus-a369ff13b7923d44,filesystem,,68873,a369ff13b7923d44fdaeac50d4740c2896776aa31df1c8d8bd1d97f978c2e008,2001,adjacent-exact,72811,4b405160c656ec512c55b6091906b89cdbaba2b1a619f92243b3eba276237e40
mus-a369ff13b7923d44,filesystem,,68873,a369ff13b7923d44fdaeac50d4740c2896776aa31df1c8d8bd1d97f978c2e008,2001,adjacent-exact,72811,a87663aa67fa4f27e7eb591bef5ec34bc4ecd2ab19217d670d59eba7003211d9
mus-792a576857ee9821,filesystem,,31870,792a576857ee98219bf35166aa0ebe38ab04fa6741c3950f0bf7658cbc486a14,2012,adjacent-exact,68756,aa2f0d3453171446473bc58c04904e2d1f88d504145e7b865a412acc832227b5
mus-b538555731e7e648,filesystem,,68820,b538555731e7e6484823b7db135cafbfa1e58b663810056173134f4367aecb07,2001,adjacent-exact,72637,c2a9669720fb935a831aa1bf0d61ab84132fb8e4dd2274ec4eaeaf4b1960d37c
mus-386ac60522cf2c79,filesystem,,57933,386ac60522cf2c796517532d2c453c8e1fe6398bf0f890916e4dda459230f4a8,2004b,adjacent-exact,69679,077fa4a2a609b7c48a96e11cf83e7bd9b6d8f20fa6e2488b117ee9f3668b9b52
mus-9d3e84ae9fef4203,filesystem,,69395,9d3e84ae9fef42039229c45d0594f4b16f5779a87490f5ad0ea1dd21ce3d02aa,2003,adjacent-exact,73148,2a199d6376c67d215e64ba63bc2979807b4da6605c003989cc875078c755dfad
mus-b7bd99a606120406,filesystem,,7798,b7bd99a6061204065e4bed38dd8e95814c3d989a756d8186614790fe387547c1,2004,adjacent-exact,25669,3a3da396c04ae37a2a59922f28cc63de14608a8befb7398688c13bf0c2922205
mus-21b30fb5dfc9bca2,filesystem,,44768,21b30fb5dfc9bca28dae7644d81d6f7167ffb9b8e6e5a8b4d41ed50b3f2bbb02,2007,adjacent-exact,83723,23833e760c94db3da66e70a7c27b7a0c82dd45a3d8cd839193d5e943cc9db03c
mus-fe92f682d4c805a5,filesystem,,13849,fe92f682d4c805a5243c2b8ac68f0b3e585c62ba9430cf9c6878de7942e8b4b8,2006,adjacent-exact,30807,715ec09ab1c2feea4f4af43aaf677dbd26368b3c3b9e038e4522994f82625767
mus-855fb28eb29080f7,filesystem,,11715,855fb28eb29080f76ef80c8811cf57afd26a5a0ba66166f3fefa2ea7fa0ea01a,2008,adjacent-exact,32209,93d1c503ce5ed6f14deb5307662006f3d10066161786292cf515f197e5941d47
mus-4c2fe14dd692de72,filesystem,,7498,4c2fe14dd692de72bff46b34a27b25676d4101abe9632b3089e99ee2c23b95a5,2004b,adjacent-exact,23737,59e91efe1ddfe78fa4a057f36a374c9b1783dc9fbc86a7bbdf35165b20ccadc8
mus-e68ba578b7c1f931,filesystem,,222960,e68ba578b7c1f9311f810af223795e04709a9c49ea1595aa63ec40005589ee81,2012,adjacent-exact,386163,65e03a27eb9db8beb94b7b92efdde0552359076e1e14be99fbd6b08d1e70e9dc
mus-2efe626e25523012,filesystem,,47654,2efe626e25523012ecd74b8d3bfd674181caca35eedfb55aae5084d0ec008c3a,2008,adjacent-exact,91544,34c95c7fb5eea60294d1fd4fb87c3065d8876ed8f6315dabebf600237cd1f5a6
mus-8e48e87a9f0bc356,filesystem,,41082,8e48e87a9f0bc35610d9d180d8d52299953836637dfc1994c4599d0352614769,2012,adjacent-exact,86056,ea2b4bd75095617654ff71d985131b00fe9cf844f884446fc3f1f6f4f2e99dda
mus-0c3c7a4332e692d5,filesystem,,93456,0c3c7a4332e692d589f657f13997fd5dd64f0f48131d8055ee2df96de21decb9,2012,adjacent-exact,164871,d0abf0d87bda937a057eb5ab06c6afd25ec734a7e39a36b83544bf633fc5f8f0
mus-8971876eba2eb983,filesystem,,12225,8971876eba2eb9838999660af20c114775092ae408205a96ad8e7d3bec62dfd3,2007,adjacent-exact,32112,7d8f05ad5439492106e1193b6edfcc52c6c3ca9e20261b651a7b48d2dcf78177
mus-3e534597a67ed9c1,filesystem,,182081,3e534597a67ed9c1ac4f72984daee6ad801b31302c653572ac009afe4b85d2c1,2004,adjacent-exact,182123,234b037ef12f82ae15d3fa0b5a0d6b4b26f7066c2d020952dc63cce6d8d58096
mus-40fa91aa964cd9a1,filesystem,,89182,40fa91aa964cd9a191b2c834f8d6114e1291f093dd47419b44f0ed559b17203d,2004,adjacent-exact,121680,c187889cfdcb44a28f8e6f5d245f84b26af166cde177df25af0ec6cf47ada01c
mus-c431943270ed2d15,filesystem,,20093,c431943270ed2d1511fba82beeee42f8b04fac82ed322ad56dc357b1b7a0ae4e,2000,adjacent-exact,22064,a013f09e1bdfd589ac60402d437306c64007920569114387548fc0a81392c14c
mus-f780d2453d79d0e1,filesystem,,6977,f780d2453d79d0e19dbc94c8c9cc92c29587d3c4a8478466d2e265c716fc0af0,2003,adjacent-exact,22905,b1e028a3577ac256d7fc2d463b2d23d713cbeb2a12d3d32f1e134816b3cccd91
mus-f1080c13aad8092f,filesystem,,19381,f1080c13aad8092f20fb93ab9a0c12caa7d3787a57d75ab29d6099303ce1d188,97,adjacent-exact,22123,4c4bb9a12e2f7d9c5a55698178265a634f595a7e5c41eb8143e8d39a05d2d0c3
mus-794e09f86dbd0e76,filesystem,,25009,794e09f86dbd0e76717f2dd4343eca9edd517fbbc4d26d0ab99c292fac920a75,2000,adjacent-exact,23933,1f562dd8843c138295c8e71e42a43619389fe98b31086a93aa52b3cb0c46eee8
mus-d70a22ab0e8a3e9d,filesystem,,61827,d70a22ab0e8a3e9d8a0257a258c970f2f3fbfa53ba3f1a5eb89263b46f2281d7,2004,adjacent-exact,73373,cf5d395971940134efdc202731a30ee5ba656dd4694a6e5f5655bba870134797
mus-71c74ed45f158193,filesystem,,6952,71c74ed45f1581930787fba2122ad5d5162572cf532b5e2bc58c2cd36bf98a49,2003,adjacent-exact,22820,c8e667d380b636929f43384d2ea17eec18044af3844f2da2d667ab95aa8b3547
mus-ef5baf12850808a2,filesystem,,39636,ef5baf12850808a2f55a3204c3408e5a2a192e3bfd3c637510b703336aa8fe35,2012,adjacent-exact,83456,c26fc7be5be94adaf487e604ddbc4be67af516d1470eb57417422e4d9ef706a3
mus-f75497c56df5db6b,filesystem,,39318,f75497c56df5db6b64d1e0f282b445e5717a5a665fdd3a3ce00eb6ef785f532d,2012,adjacent-exact,82877,5a9bfce40a4946dcb531065388e3007e26825053a7177b4286a7556982c6c950
mus-bc53454a08847b3a,filesystem,,40296,bc53454a08847b3a306cac1b869cecaa72b394f6c64f6d403442b9ea7f2b1d44,2012,adjacent-exact,84439,ccaf234b24cf52ee86024fce45a56085a288d52dc55468918a84415ffd772cda
mus-66761b4c242d72c3,filesystem,,6546,66761b4c242d72c3e4bd594fbe2e894a002b9d2915d7654fc92e6c08ba7667b3,2009,adjacent-exact,22333,d45161571945a4768e4dac190311c5f7f994e135e81edd91f791ecd839f4b577
mus-98a4e9f18c4db36c,filesystem,,6616,98a4e9f18c4db36c98f0e2e6b9add8043402c00b6c74c09fad137d708e951409,2009,adjacent-exact,22517,3fef280a136756fa946f6dac42cd328d2f333bbdf42d00f4d529115e10ff9ec1
mus-aa553913b2156c53,filesystem,,21307,aa553913b2156c535fd9482f986f08ca402902f8ca5c278e9a61c513cc076ab4,2000,adjacent-exact,22435,1ef83bdf681690475dcd98bcc613f40d780643431499a97c90a3f3916fec6260
mus-c954676cd2604add,filesystem,,7075,c954676cd2604add2c6db60ec482fac23afa9e037aee48297ac946f0cc065367,2003,adjacent-exact,23079,99acf49f055bae63b462d5852db45dc0ac4abea8caea3726a3808ae93d8e2360
mus-21e22f4f76ea6c8d,filesystem,,20959,21e22f4f76ea6c8d61506c799fa883a45a29631ead619787229dcc7ba28414af,2000,adjacent-exact,22638,8209026a596367743a0da638a4e776f163181501f809c43fc2569fcfb849424b
mus-5e385f7f269f8471,filesystem,,39917,5e385f7f269f8471a232f186199fdbb7ec8c223244b882ff92892c3a9e33241c,2012,adjacent-exact,84096,7558d8e158f39d3152a99b9ce9bbf8b8f9dacd773f5dbd8c135f58434c8d1aa0
mus-f33e7f20f7dd0d2a,filesystem,,23895,f33e7f20f7dd0d2a77887b26a32b519722dde3312cd16279bf27d83b8e56ca49,2000,adjacent-exact,24049,5b886c5fad8e5a30f0254679898f7751edbb61f60eb3820d183f21df89e38445
mus-d4bb822075c16678,filesystem,,8015,d4bb822075c1667810f0d999a6e7e7486503869d1c10f6644db56a12a3848c97,2004b,adjacent-exact,23570,20c04a0a071ca5ea26688b44bcfa695a98b1209b3200d6e157f15e66041eb5c2
mus-b549f44a5904134f,filesystem,,64180,b549f44a5904134fdad7f276547530144b2217ab81409068aa3aac856dfb54ad,2005,adjacent-exact,74554,ac9a186b322810b184370906242ad50f3d9816e919f6fafb627b8fbf61354a28
mus-5b95aaf5c41195e4,filesystem,,19733,5b95aaf5c41195e4433fffb36c6cb0687beac242113477e076a31c43c88783aa,97,adjacent-exact,22342,e886ad2a5d56e8fb0c975f50d6d6255f05d6473df0be2c5a7c66b6f02c8b102f
mus-bfbfdabc42ac2d94,filesystem,,19909,bfbfdabc42ac2d94bc746ef1d1a993a970052c96250b6292cb2a2ea3e930bb9e,2000,adjacent-exact,22001,a6cd2d6c26d209a33c2f4aa47d0ba8c4d9e7c7a97fe92df242402df5739470ae
mus-7e7a2e84756b7380,filesystem,,6104,7e7a2e84756b73804d8da951b15bc4b8239fcb17ce5d43c00e8e20b22268c2dd,2002,adjacent-exact,22130,cfc4cd9053e67ea44b32c152c183396d2a1407882bf5a1d6bc6515672c1e4584
mus-17369c1d72ad3e05,filesystem,,94135,17369c1d72ad3e0529195bdb59d0670fb9f11f12b5b9481aa677aacdfcf56175,2000,adjacent-exact,44174,cc06dac441966b193d42980d01b0a3f24fcc720eff3e72f2473ecc5c68b68cc4
mus-a7d59b9a3199944e,filesystem,,7988,a7d59b9a3199944ed0385fad3a33859af0f377aa40742945462d15366ec1bdc7,2005,adjacent-exact,23835,262f7291ae5f76355682f1f3b3962c9723c1bd3ed0bbeb10c3701e6953b0fe11
mus-645ac9da0acaf4d7,filesystem,,18879,645ac9da0acaf4d7416d40fa0443496ccfbcbb9e8d1b5c4ea73a7f22919ca070,97,adjacent-exact,21838,5f0c25d492e257f1db2a3853223015b086a95ff5184f10c090a8e8521a185873
mus-f3e9ef8950e4d49e,filesystem,,18793,f3e9ef8950e4d49e487f37e6c2ac755a6396289793c6deecd69eca1b3448bfb0,97,adjacent-exact,21729,f4ea868f2938b1746db563f4deb18388ffb397fa977765a4076072c875eed95f
mus-3837e439ea81eb51,filesystem,,71816,3837e439ea81eb51d54b4091b7a33b9af0334296717e955d1005289d6d6ba274,2012,adjacent-exact,116914,2e1a3436250a16edd0cb8ad24a05b2b49cba654c9e93784383b26b986a84e266
mus-d1a90cc453593325,filesystem,,7025,d1a90cc453593325e893e82f18fe1a026ba956011a7255925fca2a3157cd0a34,2003,adjacent-exact,22946,7553abf817dab3097fdf9b6c327ee07c76bff2acc8e33e4f3ed20e51e9ec05b5
mus-2e442c6f7144284d,filesystem,,6970,2e442c6f7144284d0427216a14579fd2e88b8650debd4358e5dedfed17dbef97,2003,adjacent-exact,22630,1adb90929d5c47390944263402f10162e014676edb9d6701023d9fe03ebc4e76
mus-07bb32110967763b,filesystem,,19225,07bb32110967763b6628d9ba21dda9a0aaadc288912bef338f066cda48c1c2d3,97,adjacent-exact,22267,78e2e9aac6ed92670264ed9e5fd0f3db1826afb689e68d3aa4bcaae8a2d31318
mus-7a941673c7f1fc38,filesystem,,6903,7a941673c7f1fc38654e743e6b591dd8bdbc0919987229c1eaea1e83c9b9befe,2003,adjacent-exact,22673,df84edc239ade86912a84c77658d3fdedde8b275d030290d9c53eabd3e2823e0
mus-33a317c1d05c20e5,filesystem,,5169,33a317c1d05c20e5a327d1c823b1de2832b25f922db6df0790c188f35fd04e0f,2006,adjacent-exact,18771,aceceb61b06320814c84b900fdaef25d1c75c31151e00d676f893bc948f6259b
mus-72553498b152f984,filesystem,,19997,72553498b152f9841b9fdb69c99a15b01c68cf2ef244865c1d3b074162d57a90,2000,adjacent-exact,21793,b1ffdf104297f79fccbfec8806990a43f748e1b8b4ed2f642d49197caa0e5890
mus-12d5ee0cfbe3b5de,filesystem,,39619,12d5ee0cfbe3b5de55e116bdaf9d4ec59e3060cefb2b10866d3f92ded68e36c5,2012,adjacent-exact,83185,e88907f5607817f009eb548cd6ad91cf34a8ba79f380d2afb00a2ae2b9203d57
mus-bae7740587c1f769,filesystem,,6883,bae7740587c1f7692529dc262767ff5e6381edede280136838b220e1d9494314,2003,adjacent-exact,22568,48a6d7a161e2053abae859450c3a5d79961aa81f3462e90f612217537ed65f25
mus-9ae245d230bc9ff4,filesystem,,6811,9ae245d230bc9ff42a06c35524fed13c7868962b3aeea3eb2d595622cb74dd1f,2003,adjacent-exact,22387,68b008a8cf4c3991b42d147337ca248c93698671c2cc572e1b03d0074ce53307
mus-3a8b724cf3adba80,filesystem,,20149,3a8b724cf3adba8008f41a3e6be0e57cce63100d3cc13a73bf24bcbdec5ac376,2000,adjacent-exact,21985,2d083127cd9346b23fb0e48dd124a7639326fc990aeafa7815ee84435e05b33d
mus-ddd62e03c5ee4505,filesystem,,218455,ddd62e03c5ee450551c268fac5d301b78f3532f6db7ae385e4cd2fef472f5be3,2007,adjacent-exact,545849,d4bb82f9c7e30f4995b6878d0cae3af87316bd7956b07874b043a0552979ff71
mus-20bb13847ef0d640,filesystem,,44199,20bb13847ef0d6409abe75de00a6c10febef56cf6166e440d97b0100fb0ec3d4,2012,adjacent-exact,91507,e1323739dfbe57fe4d5175581f0c8124011d24f01b6d3ce86dc475f0cf91fdf3
mus-df5ee10cc8473040,filesystem,,39140,df5ee10cc847304087a884ada61e869c97b9a6bd07cb00db61ce6951f24b761b,2012,adjacent-exact,82498,8417ba54aba4a723bf6479a79223a829c97aa5ea6270af5723604bc7f1fd214d
mus-b49abdad295dffbc,filesystem,,4156,b49abdad295dffbc77e4ba45c86bec76be95c1322b1012498dd3b689cb464597,2003,adjacent-exact,23520,8fab81f156c5ad9373e8a017b6ff05316a8fd5c797c5aa3090e5b4d4f9ff5014
mus-b4c6e4247ffcca82,filesystem,,7299,b4c6e4247ffcca827da225a7d24c8136475bb106f56df65cb391a2c413d57d26,2003,adjacent-exact,23654,c9b25287b48f8bbbd9b2a3418c33f29876d8737f334e52baaca98c69c22ced14
mus-179dfb5d2e481125,filesystem,,6794,179dfb5d2e481125a4dc46ce924edbd31a6e2c2364c5fa660e0a92b00a5d9fce,2002,adjacent-exact,24053,e0fa280ab753f03f7ec430736aefe9d8f8dcbbfde61ab7a10f6776f9ef75ef18
mus-9961c014cb8fd999,filesystem,,39066,9961c014cb8fd9994b9b8c8ee40c9b6b53d2cf474cc77054451fc3dedde1f5d9,2012,adjacent-exact,82395,9cbbb79b439105a6abf81e0d957001e2429efe11e49ccbb30fae1bbc12400c01
mus-c4499f0d137263de,filesystem,,38867,c4499f0d137263de11dd980515df665d0d8bef15efd2abf04e477707c7417f83,2012,adjacent-exact,83843,3caf6c8346f37f98ccdf8a46b971a3be56fe1d80c19e8d58084299a30d633354
mus-11e0ec9365a02e36,filesystem,,39691,11e0ec9365a02e36609f18777b7ae8f1c8ba0d2b30ffed4b2b3d5a9b104b3e3d,2012,adjacent-exact,83653,337582f89578645a8beb01150c4e6ac3a8b4e9d593f66ad143517606d1d0855f
mus-31cee0d30b0ed5f3,filesystem,,38715,31cee0d30b0ed5f37b0d421564225eb571735856af8efb65e71437902751904a,2012,adjacent-exact,83382,b3121051fe73ddc32565430c24aee0d0cd13fa985fdae9aff3754a032580576a
mus-33a7556e50fd6bb7,filesystem,,40457,33a7556e50fd6bb7f14364395e8fae8c4929875cfe5e915d44d7bdadca11d15a,2012,adjacent-exact,85043,4bac14c224452dcc7a7620e6ac29570507b359c9ffbab335b187ab03e7922aa4
mus-f95d2ea21b99022e,filesystem,,5024,f95d2ea21b99022e41025012a57de6afef2f97184e85df62e15cc61e58fb7df6,2012,adjacent-exact,15308,e75ea2d1956a7e810f61c383bb4a3f902839649878adde486cedef75b06a5cef
mus-4f609ff3244e9450,filesystem,,7435,4f609ff3244e94500f5874ae7927c989630dfcc1832f4842e22a4015f75a3b11,2002,adjacent-exact,29384,b6e948d4ee67333087b1d815fd936b0ccafd435e61224db16f488d3664fc4b3b
mus-d996aa765ef6bf13,filesystem,,3113,d996aa765ef6bf137fe2f23cd59f94c863b625bb24cf698c0d0ca1385ca33979,2006,adjacent-exact,16247,7403f797b05b497bd644720e2db66549914bad7a946a4a439b88fc17e5d5b548
mus-689251eaceba73c7,filesystem,,50605,689251eaceba73c7c2ec878c47f49306a4163f5071a974a0e30672192e97d12c,2012,adjacent-exact,103610,641aeed4c22e830eaa867f2874deb12ab49474a4bda37482860828b8074c63a9
mus-0f7ed5bd148a9ad4,filesystem,,3086,0f7ed5bd148a9ad43720dff8f761b4d5c74f1198a493fcb9828a2ae5f70eff65,2006,adjacent-exact,16220,cbe8d2924cac237271c53de0e2414d3489b8f9a1f1d26b62c68684237beff932
mus-cc7be9d90365a08c,filesystem,,40000,cc7be9d90365a08ce8ed30c1a65c8948fe58aaf5dc888dd66dc12c27836c6504,2012,adjacent-exact,84036,264f2ff1098cff837f332370a5482b1ee1c670aced62322b7aafaaedd3d058c9
mus-87a14c2ba9fbbbbc,filesystem,,173861,87a14c2ba9fbbbbca348bcc6c5cea36f30e834de7575b040126448877ed8ce1c,2006,adjacent-exact,231289,f362d239605388a02b009e9a699e5b5a44d1e358e206a0fb931bf40f5be1b360
mus-4ee520004faafb33,filesystem,,21601,4ee520004faafb33d1446a2b322386f7f7493aaa748b8b1b400266adb49125b2,2000,adjacent-exact,22599,c9f8b2595c125bccd0cce13f43c98bde129c80c600e74b266e779c7ebaae99e6
mus-fbd112fad7effc4c,filesystem,,54760,fbd112fad7effc4c4e1f69d931bb810ffbc30bdd4b0a144d9fa4a325521de184,2004b,missing,,
mus-990f5f9c9e38e168,filesystem,,54793,990f5f9c9e38e1682e5b2325957e2c12d1f7508d62fe41bac891af25b1b487f6,2004b,missing,,
mus-68448786262eb644,filesystem,,54974,68448786262eb6449a5544be5a54a45540ccc26c29884dc10d68f6f881e4126b,2005,missing,,
mus-a6f99ac6b21bb9ef,filesystem,,55204,a6f99ac6b21bb9ef6e5d00fcbca1e8afc393f73d75d03799cd88dcbe5ca69c78,2005,adjacent-exact,54900,7506b459258b4ab416ea05b1ed02225f1b648bc101d9636c27c3752ecee5d2c0
mus-14816048bc29d651,filesystem,,7024,14816048bc29d65193bec1f1ae1550177b5636a4689453a4f7605d1c9fe4cfbb,2003,adjacent-exact,22819,b56e9503993e6fed460a87c3c9ef7bd000ffc7efae5e496097fbe9bcb7d882b8
mus-bf8a2d7e1feccad7,filesystem,,7552,bf8a2d7e1feccad7356ac1f14a1a65b122d19edc7251eaa6c990e9813fc08442,2003,adjacent-exact,24021,033d9de4ad29e22c890b40edf5491279c66b1d13e533be3c03715654930e8849
mus-02cf5aedce61bd4e,filesystem,,21809,02cf5aedce61bd4ebfd2bbd573ff430153daded4eed1d047931d7be062c25f0d,2000,adjacent-exact,23022,8757ab6a96d2b938aba44866715e712bd84b32cd77d3dcb830208ba51cd0574c
mus-15ec9b233136225f,filesystem,,21051,15ec9b233136225f12ae2bc122211338dc5fd3cff24ade15a105663c33b54900,2000,adjacent-exact,22418,6a345a7d986c3c5774bd167b5c2d1692708e0ea5c81bbc87a909615707136e2b
mus-f879c5edd8c4e7e7,filesystem,,20067,f879c5edd8c4e7e705b4b6f7d43d19f262cc94329ad362cfc62c019f557bcf13,2000,adjacent-exact,21965,37d28cf80e865799e9ddf8bd431a044b2c77a31b2ec7e5c9b6936b0420e01732
mus-b31070a56377b624,filesystem,,22005,b31070a56377b62496efaf630797dff1acb8e6850a15b8cfdeeb63b79de1fedd,2000,adjacent-exact,23012,8adb284335efcacc48322ceae9e0e66556efd0b13ee5f531dff6e4118f15d1c2
mus-85205b4af9c9eee8,filesystem,,21561,85205b4af9c9eee8b3fcc8466dd00eb42fcfeba7ec45d5a5e5e3d0c29d971acd,2000,adjacent-exact,22729,e73fcac60e9c0a950bfe91c763b01e6c813839e4360f06d19fe63f1f6a699786
mus-3501a8bdefb28717,filesystem,,21975,3501a8bdefb287178c54c467f49cc9bb34bc5313187af8e1de2eaa1bdc461499,2000,adjacent-exact,22619,26c833a3df6675f3a3793032ae824f7d0b1383378396b9da2c5490b560d4c895
mus-7f09920de16277b1,filesystem,,20329,7f09920de16277b108eedcb7db9608c1e9d06df6261c7ad630200ee262448f37,2000,adjacent-exact,21950,7797255178653d41891b8692db0f3dd47a71e83be1ece7f5d36beecfb48048af
mus-4c2ffbaf1f32229c,filesystem,,57589,4c2ffbaf1f32229ce4117993dd288afb51648a8720813a6cbff59d4a1a9535ad,2002,adjacent-exact,66899,59e8abfc1a61e32c296313430cdf311aa310c68beb934a88a7b47252e4caf962
mus-e61f7e1b10423f66,filesystem,,21941,e61f7e1b10423f66b7ea959cc68e3ac476dc3109e208347bdc0d8c4515194718,2000,adjacent-exact,22564,46e50b688ada0f41e67366c1c5a292f4625ffb31cca2e5e6aefddc7ba8b2d346
mus-b2d9dcf1ec2d48cb,filesystem,,21893,b2d9dcf1ec2d48cbd74513888a3da1d688c35aabebb4c9ed854ea224d6d3bcea,2000,adjacent-exact,22623,e50fe70fc50b6d27574908a382caad6e1b7e979f60378e6f46189e689d936e50
mus-8df43d75fab0c654,filesystem,,21137,8df43d75fab0c65479f90de5de01deb4c02944200e1900b64e8a1251790fe863,2000,adjacent-exact,22209,53872b6c8cdb9a390ea91291c00c5803574feebee551c38c31f8ac07ae3c1cb1
mus-a2b773298e64f7c0,filesystem,,6793,a2b773298e64f7c0807c4c0429bb477279b96ba74ca6531f324ef5e3b684d94e,2002,adjacent-exact,22840,39f8b5fda5f1157c2152f740bfb6b21ae9d7b6b20e1ff7ee9006ee1b602903b5
mus-d17af0a403b0a7eb,filesystem,,50261,d17af0a403b0a7eb60e33acf8b713a1da148209828871510ff56776a07b9db8d,2004b,adjacent-exact,50859,f8c2eb6f53c869f5e7b43f7f053e54e97e41a6aacdd01ad64750116b18320f2d
mus-91a68b7f67e10791,filesystem,,21931,91a68b7f67e107915cca982128b80dc08df5495c5f31bdc5f86f6fdc659bfd35,2000,adjacent-exact,23167,6b35924a79b7cebafcb92d1fae71da25a1fc51ed63d6cf1b26678c6e1cdcd73f
mus-06b43fd49f77c1c6,filesystem,,7261,06b43fd49f77c1c6202cec1b62d41cea5f89ad86fded1b4b5acc33b904903399,2003,adjacent-exact,24245,c5fee0e9793b0246e9cc3e54f35475aa0ae55e969a92f750765e22a11a7c863e
mus-5529691254be299b,filesystem,,7120,5529691254be299b9fb7279e5ca549811b1be216a7a69173a1cc4cff6f27f957,2003,adjacent-exact,23088,5dba31e9fb11a3dd797939e01e66b57135f82717e38c2d86cb94f9b695dd3b2f
mus-138dd65b1eba2ce4,filesystem,,67567,138dd65b1eba2ce4db9981affdfafd2fadf396b5dc549217f9f5d85f99a02e5a,2003,adjacent-exact,78276,c90748d65630bf129ccbc0299e236c6994fc9765b404935dfc3b1753e4daa4b2
mus-2fc904f04995a9cd,filesystem,,4169,2fc904f04995a9cd10d2218ad9694ac12aba7a10f707c76da1f496d4d1e5d564,2006,adjacent-exact,17050,ce21cb1ecb2c62cf159d798f61685924a8e71349de4c67be9172cc35413250c2
mus-76f77e0eed85f646,filesystem,,11190,76f77e0eed85f6462d38f096663d9d4581c71b6d0d8fd52bcc44fbdc4f6fe25c,2003,adjacent-exact,30013,30b9502c49d6343bbad86160a624cc4e56d1101de2247e26e8b3f6e04db8f1a7
mus-8eb13cc6ed55aabd,filesystem,,7481,8eb13cc6ed55aabdff4ae84d61ffeb3b8ceda73a545100a438994c04eec65877,2003,adjacent-exact,23966,687c672d7ceb9b0d40ab30aaaf059ff616dd30fda9357963e6a9a83bd6685301
mus-2830345e776c26ec,filesystem,,7129,2830345e776c26ecc8723c25811217323a330801bf381228a4f40808148f3bc6,2002,adjacent-exact,23666,0e1c6ae1ab4693d03177ea7582e5f157215ea0094ca7b31d036673a6c485490f
mus-23d53e1722e95ca1,filesystem,,7916,23d53e1722e95ca1e37fce361e1712178a11a62aaec3528a6084ce8f7da7c39d,2003,adjacent-exact,24717,2fe8c69d0f34aa2f7931f665310116fc6d27fd189fb3b93d7caf6f2c994a8a9b
mus-349d6da9f63ce02b,filesystem,,7098,349d6da9f63ce02bf86762b7c66e6ef7067cfa3e2bc80df22c4ea871c73aa52d,2003,adjacent-exact,23050,b109f1b90d44fff462ad2e976edce68f61b713459ace6e13d4ad958803b78d96
mus-1c6ebc82db7ec32b,filesystem,,6859,1c6ebc82db7ec32b17c8cbd1ce5ffd4a9dea8c8f72313ae745b854622d60bfc9,2003,adjacent-exact,22472,c6d764c932b39e2c8ce46e94e6496a6f2fca3754316f0f2e7e5b05869757eeb5
mus-b9aa3f379134f423,filesystem,,6808,b9aa3f379134f423d3f5a249c17b098a421d9735a9c3fbc885c377208003765a,2003,adjacent-exact,22355,2fe7c83623a172ab62cb376a116c7883d3799cfb39c03f04b28446f520beb366
mus-0a6fc83ce178bb33,filesystem,,39123,0a6fc83ce178bb3389c237a4d61b6c984690ba8e467a111663371e7bab3b4b89,2012,adjacent-exact,82504,29ff4abb7206e27074fb111e7b24ba0e8d01f1f3bbb4e2bd83c7131187f5ae59
mus-01c845fbcdfc27a4,filesystem,,22620,01c845fbcdfc27a4f61033f66dbd16bf3a72a2bde6ff4cc4dda46733389ebf03,97,adjacent-exact,21950,034fbecbc443535e3f6b955acdca009c0478097e1ba9ffce4c0e564c8dfde25a
mus-35b764881cf54f67,filesystem,,18677,35b764881cf54f67e2e4dfcd3d1f7071a330fd03e0f7a5afb6314a6b4857eb29,97,adjacent-exact,21853,33c3a1fbc37c3465b5540af883aeda89613dab16c32897b4c9dd715b99b3a23f
mus-914a0b7fe576d29f,filesystem,,3156,914a0b7fe576d29fd2d18c4c0f16a10a8dbe2aafea8b0ed3493872ae0a8fccda,2006,adjacent-exact,16204,a493825d7b9d0ea988e77dec799f92d70f3482faf17bb88ac72133995a8dae0c
mus-598235678a9ff161,filesystem,,20291,598235678a9ff161642cf4c7e5a4e25f9a6f658e75f99d300d5a0d4c241fb214,2000,adjacent-exact,21686,eb189b6c3bc3a93ffa7957e3d39c3c3c6004505889cd5199286d16317b0c1ffa
mus-b8ea2439d152f4a8,filesystem,,93345,b8ea2439d152f4a8d1dff4a91c6fae6a06b308c29157c9daf545701b3b31c362,2002,missing,,
mus-ecd2fe88676ee47a,filesystem,,47263,ecd2fe88676ee47aa4d76789152ee779066b9e57f958735923b42d7ce4a61d53,97,adjacent-exact,30202,4f87607b5b08f1059037315aef14f0258e074e09e0afef2b08876910ffcde943
mus-37162e43a5cb8074,filesystem,,5027,37162e43a5cb80742c7e88bc04cb7ad2d44c9b309bfab18e48036b468d7a24cb,2006,adjacent-exact,16154,fb54d5b83aad6b833f05c39f984955aefa24947c69243278f71fe30a5f656631
mus-302c33d4dffb58dc,filesystem,,59531,302c33d4dffb58dca4858f0e0043dd9537a51d303761dfbc3b9f541cc2756072,2003,adjacent-exact,72219,70df0e11ac37290e91324d0eb314e999c5f30cb15fc3633f8ce01db599d64a10
mus-8194100ac23173ad,filesystem,,5251,8194100ac23173add081f1e054054803ddc31165b00301f075d90d32f2807f8d,2006,adjacent-exact,16205,9556615f92b8c66aa027e6cb25a086e6a0ae41376f77b4ad49c58f90e77f8752
mus-cf0e36e5f32091eb,filesystem,,47359,cf0e36e5f32091eba84523477006e4fdb9078241ad720b9b5eeefa6edfb99bc2,2000,adjacent-exact,30150,5b60f36dff4abecd341eb4b7481c34e18bc2e4cc81eb744bb36177ed6f748e7e
mus-2329595ab9d653ba,filesystem,,42218,2329595ab9d653ba7c1fefb62097af935580d657bc616863fe853120ba9102a4,2012,adjacent-exact,85706,b5455da1f9affd0083f5117ba125af630a0b7d8ccb8b97c44258516e2187873b
mus-1333f385fca9db48,filesystem,,38697,1333f385fca9db48500e1768fc55c7af581a91be993b350a03fa94d53d096c26,2012,adjacent-exact,83719,48589553b8a2ce02ef936f9df08d98924af226eb1820630714c08da12ddd91ce
mus-7e5159799136909d,filesystem,,46546,7e5159799136909d95c23aeca7ad8dd1e4fa4a3b48ad3ce6f5e43dac5edc0838,2012,adjacent-exact,94755,a7c4e5225fadd442f7fe001982c0e64158841b65ac6902d4910cfd9f720c6835
mus-80f406e825f1e188,filesystem,,23997,80f406e825f1e1889163061d541ed6ce3661e330c1e9ad32b25d7de05b75346d,2000,adjacent-exact,28654,18d429b39b361773d010697aba21f6c2c60de320edf7b350aeee4c75a7c0278f
mus-98798d4472754198,filesystem,,11466,98798d4472754198d97ec2f96b77de7b6626e96ca5dcf4e846e70bc2cd77e2b8,2008,adjacent-exact,31642,3da155b698375c5a5d2dee2653a8a855404c7bda8a401ce27449b04095a3ee6c
mus-c9980ba9b8150520,filesystem,,26130,c9980ba9b8150520c5e6a1cf534e8ecfd60fc347709de0b9cb3ca86dce842ef4,2008,adjacent-exact,52901,35e4016b0dad815274484dd847df0b32500dadf86ea0d8f6cb53ed24215328c6
mus-c0c21145b3fc61fa,filesystem,,7419,c0c21145b3fc61fa0f185988e6bb4968b739f0dcceb697be5f545d0cbf6600df,2005,adjacent-exact,22653,ef2dfc700f76514c342203c0f235757a130bdad65f429a7aa20b2f77c653481f
mus-7591273e1e295e7c,filesystem,,18817,7591273e1e295e7ca54ff276ddce39d903194c14395e0df69223c6d9d9e06c98,97,adjacent-exact,21857,3633b88cd2cc0911a4682f589a0328565ac532876b8027caa956fc19e695b706
mus-baf04c0390a2fd12,filesystem,,112660,baf04c0390a2fd1277f60fc0a571e20138da26948cf83ae88c593b6258c21b60,2000,adjacent-exact,48565,bfb04097b61adb800eb6515a2a95e4a8f2dffb5f6cd392f2e2f30952c99151ff
mus-fcebc87c1e8bca55,filesystem,,84424,fcebc87c1e8bca55da57918dda2955f3a9fb7c4bbf6c01c0d8076f5d212bbe70,2006,adjacent-exact,84879,f6fe747b7b581133de0f8ee02e96ebd8dfcb1f364c05282170e9522b3f0332f5
mus-c4540bb157662939,filesystem,,19293,c4540bb15766293907308afbb1ded979461eb59419626b37e15a98afbc7fbffa,97,adjacent-exact,22323,ae666d22fcfd72ec4993d2b4950d59cfc446377acf5a7816647f6f2e848d9439
mus-4c13a94a52080dcd,filesystem,,20837,4c13a94a52080dcdce733a0720cb3930b0c6c47f7e538956f55b9e91880a7f32,97,adjacent-exact,24136,2c14b7cbd53a37541d9f239b34ca0819674fec18fee81e3ca909b144d0f03ca3
mus-fdea7cdf2fb4ab0e,filesystem,,39103,fdea7cdf2fb4ab0ed93290c1994d1a678d935c2f86a0eb77af2d5b4f340f836f,2012,adjacent-exact,84290,04f0813ee28c5729e142f0d2363955e8aa5f41defdf4c9ef13bed7818511e00b
mus-7b8b404a75679350,filesystem,,41335,7b8b404a756793509b0a8416387c6851cf8fdc5274323714acdb1ba2d24705af,2010,adjacent-exact,82276,268cd7e7115ccd975160ac0234a533251664b707330af5a905e18135b4801c7d
mus-4b3246869b9d07d7,filesystem,,44165,4b3246869b9d07d72275144a6d474c042019cecc02e145da16c0bec419decde1,2010,adjacent-exact,88493,f4ab39d00fb8d96be8c50c8ae43c64e3e94b191475eb10c8d3299e9bb7c554a3
mus-6fe1e72e7adc5dbc,filesystem,,40419,6fe1e72e7adc5dbc302d7cd8927b4c4731c067e6f90854e7159fc49c8c194130,2010,adjacent-exact,83527,0e3dd0cc76886d1bf2f30de1d694044f78e339c766e630b3455bda683b88b285
mus-6c4851f7af427e5b,filesystem,,61656,6c4851f7af427e5b93e7f61c1cc6688c10bdc58a49addd9161f7f313efb7496e,2010,adjacent-exact,123630,7941d931713ab5ccc04d143b19dad0f669faa111d9ea9fec78abdea1f0fa28c8
mus-a7f6b30593dc7bbc,filesystem,,22626,a7f6b30593dc7bbc97a6dfb0e48fcacf2aa60415d151f1dbcd11af2f1a315000,2004b,missing,,
mus-a7f6b30593dc7bbc,filesystem,,22626,a7f6b30593dc7bbc97a6dfb0e48fcacf2aa60415d151f1dbcd11af2f1a315000,2004b,missing,,
mus-a65115f6aef83360,filesystem,,40641,a65115f6aef833601ec18fb62ff44eb0d4e8bcfc482057aef4b577d7ee780af3,2012,adjacent-exact,85396,399d6f40ba700dc290ffe9b2db3f11135906f067eaa1bb6d743d298afc7a4235
mus-47a19375e0a05fba,filesystem,,54663,47a19375e0a05fba3d9c4fea5166e97028ce5adebbd188f50a3917f8418b086e,2002,adjacent-exact,66045,7c0f7914d493a8a8945ec012559ebd80f775f27d14fca5f628d79440c56376fd
mus-f6a86ccf82feaad1,filesystem,,64185,f6a86ccf82feaad1bb35eb3dbcb353100fa70949f7d6af062a13c6656562fb78,2005,adjacent-exact,74537,d4827c6fd92fb4554ac2dafe5aeaee2aacd4b42cea5e2ceeeb6f92fa9fadec0e
mus-d89e8fe12e271440,filesystem,,3351,d89e8fe12e27144018c683da2792aff10cbedb6afb0f9a8063d53df0c87f1d9c,2005,adjacent-exact,16744,7ed1eab849bfa94fe3104738142f5bff6de7973bd11d9e03f5c39e7dfe8027b9
mus-6f92285413755b41,filesystem,,3604,6f92285413755b417304122802451d7b57a65c182db681e867e47194e9e7d389,2005,adjacent-exact,17258,cc5831089ff8a923e7e76b576f6d84e9779611527980000560b804631c0bf9c8
mus-5396a1b805b5ddee,filesystem,,62389,5396a1b805b5ddee2f779e940968d6abd5a3e8062622f4b07610d3a6e9b514fa,2004b,missing,,
mus-7d0196f16214836a,filesystem,,6956,7d0196f16214836a28567420db20e78462568246238bfb9a6b5f40932d5e8c2e,2003,adjacent-exact,22855,81bf4f58d38a3c6684b477779fc4ca322b0b029bc8af883bd8d13515716b8118
mus-95f620af17a7d403,filesystem,,235405,95f620af17a7d40328231db15f936b26a9d6e7065a45e3aaa8025ae807f7c5d3,2008,adjacent-exact,446334,699ee3c6dfc71da8184a9088370962f6573078fc7dfad7bdfc589e35a77f7564
mus-2fa5314586799013,filesystem,,221487,2fa5314586799013d22e88b6a48a3941b105c0c7aaa32bd06fee3be7ba5e939a,2008,adjacent-exact,414434,4e01ba14faebfdd8e52a342f7836addd68182a5741aeaa06e6797766f99607a3
mus-7ba46950068e53c1,filesystem,,14339,7ba46950068e53c1a1987de92fea273f3656850d33ee4252ba7b4e1ba8b6ccb2,2008,adjacent-exact,36013,287fc47f938355a3e8014095a557e4b5c93675c4b8986e2c0d54cf36a635ede9
mus-bda04ca2f1ad51bd,filesystem,,15586,bda04ca2f1ad51bd17cf670031b95002b20856941df4f2ce594ca14af1abd073,2008,adjacent-exact,38815,dc01088477b905f479f47c55b985a7a7ceb8dd4ae7d4bf64c27cf23d501ee2fb
mus-3bf7b0b4642cb493,filesystem,,15320,3bf7b0b4642cb49331fe4f7f68a5c3096976206311f54e5f91014be4a7edafe3,2008,adjacent-exact,38516,86d2a4131551958c29ef7e64d3ab7d58f373a3f2d2bf88326721d373c6721b29
mus-ef9aff9c0c6c4e8d,filesystem,,17310,ef9aff9c0c6c4e8d7f67cd19b182f635b7f977499bf8291dd6da45bf084c419f,2008,adjacent-exact,41314,0ec1e7dcc4cd54f3148670055621ba046ce94eefeb180766913798e570e21ab1
mus-2f5604f22e7eb346,filesystem,,128943,2f5604f22e7eb3462cd1fc1dbcd3211f8892fe85f346efd660d15467d1a83ee7,2008,adjacent-exact,226441,188f98ff707b94f32d3b22853ebe4d27c282a6c0ab62bffa4fd0ab961f22a188
mus-f9017d0ac27ebe6c,filesystem,,176219,f9017d0ac27ebe6c9973a23dcfe58b1777940ac1eceefa339b9971671e7870b0,2008,adjacent-exact,303504,f6b683f122f4401142a7309750da8c9ed547785852531d1045720325bd2c3444
mus-42ffa0386fdd7ed9,filesystem,,179557,42ffa0386fdd7ed9d7b2abaf5410a7fa4049eef1e39136b92ebcd07e4d161fa6,2008,adjacent-exact,309303,57267cc7f7fb82ebc6bfb13ca2b7da4dfcc31d4180a8c4b928f7f93d2284bdb3
mus-c8cff5b5cf395a77,filesystem,,219916,c8cff5b5cf395a7720f642b70f51e93cee81a5c2ba776adaf273cfa03a89a32a,2008,adjacent-exact,412124,9f0c6799692a9411bdc6d7a9a3d6d992ace71e9e5c4c22f4b54f9ccc42d16c90
mus-57625a2d1e954327,filesystem,,179866,57625a2d1e954327d3a9b14d1f8b0d9ff466b68d6a20b84484346f20d1b81530,2008,adjacent-exact,310042,3cd1ccb83efda10c86b086ebf3e0e88bdad24291a01bb2ea1f2b90291ef4da4b
mus-4af356c016f14639,filesystem,,118008,4af356c016f146396a40fbcd0faa1340f6420030df714b035fbfc023234b9ada,2007,adjacent-exact,138153,d49f372ea4bd5568c24fc41663ba5ed09c54ee49e6501f3c9575fd17faf4dcae
mus-02f70c93c67b57c2,filesystem,,125869,02f70c93c67b57c2f913f24959394ba69f3e321243e7623c82779550f5c060e9,2007,adjacent-exact,151318,9d18e3dc7d3fd3e9f3c3318539425353dcc6498d69fbe4df3fae15968cebc264
mus-ab55bf3b4bfddc3a,filesystem,,13206,ab55bf3b4bfddc3a60d79d3a2ed52db8d305684053b5c00d7f18e61c3b9234ab,2008,adjacent-exact,34973,3c064292f0814736aa2f160ce07bdcc24b60e8ebf6616ae48f1ae33d67c04a63
mus-2083a1e91b55b244,filesystem,,7662,2083a1e91b55b2442330f7ed96b21b66daec8a7c37216e81f90a34a72561a21c,2008,adjacent-exact,24913,61d7b0ebe4781bb8defe649b9af62f59a5334b9a863010ba73957dc96dfcef7f
mus-f46b4abae4fceb36,filesystem,,275023,f46b4abae4fceb36fd38fdbb60b7b81ab48d81356d83eba513476a84ac631fc4,2008,adjacent-exact,506817,7764699728ba4b55a653f75ed8b6aae3da521f656dd3e02cc57d30606690b4ba
mus-cd082311d7ce7c40,filesystem,,237378,cd082311d7ce7c4008bc772853ab67989e84b195662ba3175fbfd3280bb69378,2012,adjacent-exact,457539,16e6b7c7d4a6e0946190b624cd76ca403eecf74e50093b521b4edb05806c1ae5
mus-4646565a570a1c9e,filesystem,,251321,4646565a570a1c9e29fe8667106295cfad1c08e449ae937e8711b676173f6f1b,2008,adjacent-exact,460290,52135474fe7237cf9d341ba4f98f90929dc8f0d91ae8ba81a32f04d037a25839
mus-e4436774562b6e91,filesystem,,243450,e4436774562b6e915553bd29d725b6632f8b1e0a18941e3e2ac201b2352c614a,2007,adjacent-exact,447100,7040d0584eb812a798e8c52e38d0e5b8a657288d245a57f6f7544928d6f3b794
mus-ca95a29413f3252b,filesystem,,222605,ca95a29413f3252b38059f2aba990f575aa743539695afd086c19e4988f6916c,2007,adjacent-exact,447536,e65a404a17072a66c88af180c7a0990d9e0ed84e9bf5d85c28eef7b1a84fa107
mus-bebf229eae4a0b49,filesystem,,241110,bebf229eae4a0b49e7c7a0c04b980050d86f9cc122425c8ca7c815b01ddc9343,2007,adjacent-exact,439588,97e9a377fa1756570a47c8fc13a75b5f0af52df2c5e54fd51d0dd80ae742c630
mus-4481f645ef0aaf13,filesystem,,98570,4481f645ef0aaf13feb7265e75e9e972251d533fa6e649b770ed89feb5d4830d,2007,adjacent-exact,168657,9eea486d3f430995381ac11868ae2ed40cdeada9e04f5d472337b9bc8ea91c7f
mus-6dc76cafea588314,filesystem,,101964,6dc76cafea588314e02c929fc5601cec772263edd0c4cfcc83cc20b85cd83770,2007,adjacent-exact,174570,aecc4d0d0303315212468745275600e0606c6a82a004440df14e4a3c1ec19eed
mus-43e8f56e227da746,filesystem,,90956,43e8f56e227da74636a7ff118882016e8677901cea62a04276cae42200ea6e61,2007,adjacent-exact,156187,561684f8dbacc2d65f14b37738033d4c05df34aa83ed6be45530b0e43dfda05c
mus-035521cd1588a83d,filesystem,,156546,035521cd1588a83d4ff62f09535453c84a24bd4fa2973365f90cf8307369b712,2007,adjacent-exact,261621,493f7b30b7e9ce3f2498cea6f948177dbf4edfed464812113afd89825bf3642d
mus-4af356c016f14639,filesystem,,118008,4af356c016f146396a40fbcd0faa1340f6420030df714b035fbfc023234b9ada,2007,adjacent-exact,138153,c0038f17d7db3a870296d6534a62b185ff4676fcb4e10830a66596d5d64ecb97
mus-02f70c93c67b57c2,filesystem,,125869,02f70c93c67b57c2f913f24959394ba69f3e321243e7623c82779550f5c060e9,2007,adjacent-exact,151318,7e1ae7538c515c5b3efa6a8cd033dfbc1d2588749651373557d14143d534733d
mus-67cefe1b3bd277c8,filesystem,,7523,67cefe1b3bd277c849a0a7c9fe4849b9186ff14b7d3b5e9e1ce8f0b68ee28802,2007,adjacent-exact,24821,ec98e0261e84a6e84e198702f48aba3d85d7e0c9e01c1d23698ec8351fdcb0bf
mus-8e68b191a90ce70e,filesystem,,120078,8e68b191a90ce70e02a69d01bb443e61635025d89048a2e340c4c961f4a7b9a4,2005,adjacent-exact,137311,a5de2a3e04736efc4af25b32638670b2444faf7f257d47c36cfc6212a8ba0699
mus-e72816e5b3e39026,filesystem,,253567,e72816e5b3e3902689659178c4c8c4028e1b138ef1235b5c192abecba34bc9f7,2005,adjacent-exact,327793,d3f8ab59620be1202ca6efd2d37ce4b27ac230ac3493b1b5512842aa486e3336
mus-4d591b37ca749116,filesystem,,130528,4d591b37ca7491167b27ca12d83d15d3ededb31799476b1504bf66b81da79d5b,2005,adjacent-exact,148336,4dc282fb15fba51069e6a0ca881cca1be8bcade3bdbb39f7e3ce00fdcded5add
mus-3506c9b3f53627af,filesystem,,118849,3506c9b3f53627af7cf3e18a6085fed5f5d102267b42d6be51a5531b71e80e00,2005,adjacent-exact,138221,461d9485a4ada3b5b6177be14649c68cf861f7487c792d89470bc7cd571d1a83
mus-78777c2ce40f5b4a,filesystem,,122679,78777c2ce40f5b4ac9b275434023b93a9b4ed08f73bf4691310c358e9aff462f,2005,adjacent-exact,140604,50e499bc6bc85f820b4af2ba3b1b708e166eb9aae3ac3d02ad42f02be342a692
mus-cec52969cddb24b2,filesystem,,89753,cec52969cddb24b2be1261dc294b8118ef79e64f29553bface1d94da35024fab,2012,adjacent-exact,168144,764703bbf581953c4c8e14defc64b0294fdf576102b72d4cb7d754c675556756
mus-ab9bb4fa3a98e82f,filesystem,,89820,ab9bb4fa3a98e82fb6068da0bb3c540e69b6b59cee6ff7c9345d48328d4def3b,2012,adjacent-exact,167947,4e948d305543f0a75e4c84cb882e042c30e6b8c2fe8c01a45243de0786be8a6f
mus-e1863ddf070af591,filesystem,,41826,e1863ddf070af591548b53868aad5659a104dc6a70cae68d4fbc6883de9acc23,2012,adjacent-exact,87946,12efd956358e5b29acf587319e052b3b0d94f5f7a8ef7193f0e86eb9cb25fad8
mus-0142a38babd783ea,filesystem,,39567,0142a38babd783ea4490960ffd6a878623f1d14590c2957fef45276a61dfd60d,2012,adjacent-exact,83235,ebe2d549a654071b8d5d87a8296e8991922e3390bf81a5bcdc11f4b8e6b4a91d
mus-236e831773b541ed,filesystem,,41712,236e831773b541eded7a452865c19a278b37a986218549360365348fa9c107bf,2012,adjacent-exact,87766,799bd9c3d89e39dbf13b89b0d02bbfe2bf84a784bdbde2e0346710d1a11b1875
mus-6eb14358307c9dd9,filesystem,,41315,6eb14358307c9dd998e833ddc60093d3104ad92d8dab877a867f32b53d9eecf0,2012,adjacent-exact,86239,29b59814dbd3ee2d83e565313a7434a2ba5615349905671c3d73646cbbc1bd58
mus-0ffd0cdfc667574b,filesystem,,82875,0ffd0cdfc667574bc8c2084419ea27a616c905e6c43f56367cdc1d357a1745c9,2012,adjacent-exact,156650,2e708a9776cc49b2c35410b9e9a74dd9643d18ebc17bd0de447c0ced319d1763
mus-9d37d19078ff7f28,filesystem,,39982,9d37d19078ff7f2884f88345f58bb52c5a8b22077984018f742fa2672d0adbcd,2012,adjacent-exact,83993,5218f1cc5f720b06eb1d8d8f3dcb7b570e946de8bd4cdebaa635afa4e2ffb485
mus-eedb143c6b9c63e8,filesystem,,88741,eedb143c6b9c63e89ccb88336adc4f89719a5b9230c128f889852aad00279860,2012,adjacent-exact,166269,383e6ad8a203ca9dd971e2b0cd31198c90a61652c2cfdeb4d1f136b112896b9c
mus-b467f9086af9c8e0,filesystem,,15165,b467f9086af9c8e072af3254a6b8ecc652ce98f24bc4b0f9be58955e2e41b2e0,2003,adjacent-exact,30452,5cf68f9625ddca2465c8d92521b4930f951ec027cce4be1fa710395b3b841075
mus-d8bf59b52eeefbaa,filesystem,,15649,d8bf59b52eeefbaac10cf20cbda972feb08c41b18626001bcb488c400bfd5a49,2002,adjacent-exact,32557,8adc66f51dace901b625975d5dcb05aa5ed88e3d8f839b2055b05e07365a7f98
mus-e3a78e18f9f6f257,filesystem,,142720,e3a78e18f9f6f257c3dbaf550c2041ff3321cb79362362156a3eceec6e9689f5,2012,adjacent-exact,263239,a98f3d38de1d630c4b01064b3ebd569fa8a560e902b30ef5851f73cdcf31845b
mus-7444530b138f2cb2,filesystem,,194491,7444530b138f2cb25ff0867397201cb795a85c6b9d9956cab12bb51c3217d903,2012,adjacent-exact,375043,2602f85567fac0c403d824b0f82121c6548a7c929e6e44bfd26d35d8f932481a
mus-7fab90c411e9db86,filesystem,,597359,7fab90c411e9db86c9c276d6c34ad91cb4ddaf154c52d9881894cc08a0eddba9,2000,adjacent-exact,236307,bd2fbe8fee620bc44b81142c3a242ebf22e9892d49bc1f0af555904079c5e703
mus-557842c579a43ea2,filesystem,,498128,557842c579a43ea274e89af8b3094121c95e136735ec6a6415b319b76d9e0759,2000,adjacent-exact,198488,ebc450987f6f3440cd4e189fd79c47f83d116ca914441a8e779f55a5ecec7793
mus-c08640b699b5d965,filesystem,,619814,c08640b699b5d965b2fbd6752cf0a6b970b07400c68de68dcb60159a7d301907,2000,adjacent-exact,242637,7e2637f8fa5c4b17aeb6202a107a8973a098f8ee8bb3063cc1e3d26ae127970d
mus-30c5c0cef29c89ea,filesystem,,603333,30c5c0cef29c89ea4120eac6e91969779ed188dc11530b601ea501e2f03a7047,2000,adjacent-exact,237167,e8bb411dc264c94b4626d0b3e2b04c17b399683dffdcdce1e66f1d9f19454a2e
mus-1889983458493320,filesystem,,447400,1889983458493320c03f3b592b7e04e6a8511203cfaeac4a5e87ead8a850a19f,2000,adjacent-exact,181085,1c83f0372207c3e3b41bc38af9c0c338eb9499f364cc4a03b23a8a4939dac352
mus-7229a771571ab346,filesystem,,413380,7229a771571ab346ee43f4be2dd6ad39a633a0a93d6a63c9cbd3f134f6f99ad3,2000,adjacent-exact,168757,f183f6b56b1930ae782b1f16eebb5c62adb86087c833cd476900e267227bf814
mus-f9c476ca8ef87303,filesystem,,111591,f9c476ca8ef873034cb71e6de05ba557a009ee9915bea1cf137e2b6c73e63087,2002,adjacent-exact,182506,433e244c21de9e6a081ff3f87ecd0f8d779410b91192699b7edb81517b78f041
mus-6dfbaa9f2f26c142,filesystem,,100818,6dfbaa9f2f26c1420b2241dacf32ff0bd82f471b64893f6be6eb24ca975f69c9,2002,adjacent-exact,169487,91f8dfb09bc0f6b021ed30f39b06409eb60dc6b95add213a827a4ffa4ac3596e
mus-08cd954f365a0eb3,filesystem,,493819,08cd954f365a0eb3f10482f33daeedab340fcd4642da5e3b9306913832b6cac9,2000,adjacent-exact,199941,4cd4d5381b176b7ca1dade299ad7b3a796798f8231e8a6288f69b9a48b49c583
mus-33df6643f3a7a531,filesystem,,452045,33df6643f3a7a531157c49c17392f333bd649a875d88ed1bf33697fec1a04361,2000,adjacent-exact,184006,042788ff83f50eba3c743defc57b85aecf77b379077a3a3914f61ab0c376e3ab
mus-d321c1db55986259,filesystem,,2468792,d321c1db55986259fa0cd76457cf00aef8802017a7db3eb637a848d81363c0dc,2000,adjacent-exact,843279,4b520818f0448fcd2778b0c66803e77bcfa85ae28f564bc4d87f231c2f792ffa
mus-0865a3ef46af3e6c,filesystem,,20642,0865a3ef46af3e6cb4a41ca9fe496eac0f9f78c5f847f41dbf7ff8e7a7be57ce,2000,adjacent-exact,22124,840294816006be2c37ce4d0c188238c8ef931aad673e50a223cc87a4cf986d23
mus-e0a95d113ad3d31d,filesystem,,626258,e0a95d113ad3d31da1b4f5957d24691331af4fff2e2a4d3e38514243e970f943,2012,adjacent-exact,1194093,1d76d1606aa0953bf9c0fb81d432f2497b02fda224f17f3f2e4e8ebf42237a4d
mus-2ff38d586227b5f9,filesystem,,13137,2ff38d586227b5f950cf18bd6659df1d74d5eb970e508334ffd1898f9e78ab56,2003,adjacent-exact,32889,33e7fb3baf9f647f8696b9299ae6963fcf84d78b9619d22abbfef0c14797fb36
mus-a992c00bd9c2fc11,filesystem,,13191,a992c00bd9c2fc1156dd0253a6c14284a1e256025dcf45df5f60f8104ec56bb4,2003,adjacent-exact,32885,4c1fb4998d2567b87eb9fc4d96115f78ce92037812f11c50245d7dc0f964cd1e
mus-f10d3f552f0bf83c,filesystem,,17154,f10d3f552f0bf83c2bd0862956b5f80a384b3f468713be65071f30b9e0b9eb14,2003,adjacent-exact,37819,4f0a090ba8001b2c809aa454b2ee48dd1c78856199835ab91dea31aebcc72eb2
mus-f7c500b55042016a,filesystem,,17092,f7c500b55042016a5124657ba20ed37b417269ba758aa8753a32119a1dcae8e5,2003,adjacent-exact,37632,4b0dbf6088d013a5a9466e8d2c394011dd97c3e9183aa59108c495c25e58473a
mus-674bdc8276f3818b,filesystem,,11178,674bdc8276f3818ba2f4b38e5f3a8bd4afed5dad160e07d2ff84393db4eb0f3f,2003,adjacent-exact,27668,5684b2aa476e13899cc0b2ef3d6925ea72ddb2eb9615cc54c459525a3957e6ab
mus-db75957b37fb6f28,filesystem,,11455,db75957b37fb6f288c7d7298027f99516353d5dbeba164e221f8b7186239a47e,2003,adjacent-exact,28049,1fa933d17b3295f44fb8c33066ac09f69f603240697d8226458f50a8ab3116bd
mus-672258a3f5eaa0af,filesystem,,11691,672258a3f5eaa0afca3eedd55be296f843d20381dcdb55fed67880e266119d76,2003,adjacent-exact,30344,eeea7f2d36b95a471088ccfb1af8967851f209d288272415050f806a9963bc48
mus-3e20d161f9a1929f,filesystem,,11709,3e20d161f9a1929f3593e17521a7e6b323e36580960a9f646425a6005a802aa1,2003,adjacent-exact,30414,2b76ba6eff9c9e3fdd639ea81254c51ec85961e53fd1ec22b82c794c440724e9
mus-cc6e80a0b10f6f3c,filesystem,,9696,cc6e80a0b10f6f3ccf46b23f235c7a42dc583e2277e2f6ad996661d27e2c0585,2003,adjacent-exact,27474,d5ba3a241c4a72aa739314820d856cf00b9e6d157b276828b6d60339fceea3d0
mus-8128a83dc2df628d,filesystem,,12666,8128a83dc2df628d83fd32d2d5d905299c06ce67e2ab8060e382a313c62577d0,2003,adjacent-exact,31971,0de26b9ff6eb7a4c6bc6ba7945d3055f66b03a6724c365dc687ed8496badc047
mus-938e58f49afdb320,filesystem,,17081,938e58f49afdb32061a89e8845b0ac606d78f631dfd1eba47cecaa10916e7411,2003,adjacent-exact,37616,cb041c065a0d1ee243a2ec1ae74d39fcfb7e510facb398827b0f0a1bd0db4845
mus-f615e9de7ac75342,filesystem,,8380,f615e9de7ac7534231404aa6ab3f945ca428d878f889e1caab5a84893abb11cc,2003,adjacent-exact,25536,1a95d56285b942bb1da9ff1887188a7bafcd167269aeaa162febbf6a7cebb5f5
mus-b012d74f368dc061,filesystem,,11447,b012d74f368dc0615439ccfa9f11bb6ea631b4a8483ba825c6150ec067d9f37c,2003,adjacent-exact,28035,e9b0ce9515d52ad2942b723085fc8e1e1d7537423e5852cb02c1318304e51d05
mus-4d8dc5d147dbcfb6,filesystem,,8864,4d8dc5d147dbcfb6307a2355108544345fb304b3f5954a0455ecbd9eb354aada,2003,adjacent-exact,26467,31d67ff71e76903a3894dd543bd2723bb2eb2a7b11cee0defbdc4fee269ce26d
mus-e85d4db36d251a66,filesystem,,7337,e85d4db36d251a66dfb67b5cbfc1a90c8a4ca1fa25ad20b6f4e51df0165bd0dd,2003,adjacent-exact,23426,39a866d0344ad57b77d0b4f9f604c48685485efbd84c5a8b6657dd838fc1fd80
mus-ccabc38c8906db05,filesystem,,8097,ccabc38c8906db05bdf47e780ca2dd6ca58c9fc4c03bc6b6ab1024b797e8bbcd,2003,adjacent-exact,24411,41b3afafd26c4a1a349a820ab8160c764c2a4169b93b562d0d7adc299eba8775
mus-8b8debd4c60f41f3,filesystem,,9152,8b8debd4c60f41f3cdf6a6a34b9c8ad159eeceb8b085de533289a0df8903fb45,2003,adjacent-exact,26301,d3280f86b47c71e5d44060eaccf7b558542a6248e159c9a93dd1a71e8e31e277
mus-cb0332181c90317a,filesystem,,48400,cb0332181c90317aca7958a3802b7d8350f531141b1f8fca55e5c6cf4db404fe,3.7,adjacent-exact,35788,a3aa4995e89b8d4578c811d78ffe5f028218aa969c52f4ffd850a02e2eb46d37
mus-49a9bf240f54de68,filesystem,,37995,49a9bf240f54de68bac10ae3797a7e4f8675c4be94204f0ec87fa4620da814c9,3.7,adjacent-exact,30209,a555e463a4eaabcd93db1a6f2652d6a0f73a5abb78f3d6345ed65c7109f940bb
mus-7da6ddeebc96ebde,filesystem,,34342,7da6ddeebc96ebdeb10bccba1c31b9e7754b6df57c0a5b03b4e7074190dd29d9,3.7,adjacent-exact,28192,36349da08190f551ca38c989ad1f33309adb09f1afc393c1bf19e045ca5d1de0
mus-552ee52281d8eb1c,filesystem,,21452,552ee52281d8eb1c7a1ac90d97246d8ea951b6396476c547de4fec732c3b7c0e,3.7,adjacent-exact,23674,d83f0c09c74d9ccf9709059bdad861a9a705957c017c5298d95f10a6f63871c8
mus-52dc8c104a65b82c,filesystem,,24077,52dc8c104a65b82c066dd836878b8902ff6dcc7ff6df087838d0f981c42a6ef3,3.7,adjacent-exact,24639,4d3441844776f4475263fa59e1e46358d9252bd8fc6e0677b438b2957fd72e66
mus-c78f8a336a45b19e,filesystem,,38453,c78f8a336a45b19eeb751a0188aa4ee5be0016e738706396dd2a118bab331009,3.7,adjacent-exact,32866,8169e38f5d2faab66b1c7d7d5edfb0635b08c739f720d876c92712767fdb1a7f
mus-f6a5a1053ff66388,filesystem,,12644,f6a5a1053ff66388bc40e59efaae998ea7b0dfcf74899b303441ec49d5254aa9,2003,adjacent-exact,32001,51679348ec00c9c6d26701ca4a786be29255e01cdb33c31019053d57bae834d3
mus-83f0c1454013cdc7,filesystem,,34424,83f0c1454013cdc7904739c6b491c4a3b0187d11d2452a4e4582d4bf8a30983d,3.7,adjacent-exact,30706,3df39a06e103e79ed7ff9088073b41d7b1f0ac2ee5f55d608835a30533e183d5
mus-b40aa3a95c5c0ed2,filesystem,,41204,b40aa3a95c5c0ed240bd36854dea29130ba2fb37115cc4510888d9360c8a11aa,3.7,adjacent-exact,32858,7991a07920618b373baf98eec05b86ea888807aee60af556b0c29166f9bd1977
mus-09862470876e6df1,filesystem,,51470,09862470876e6df1e62265b359b06481a2db3765098c02206184650202240afd,3.7,adjacent-exact,37569,a046f239eb14827efe4d378ed8e26c25540e8a6682e999044f30775642ca7eb0
mus-2a5325e67ad32020,filesystem,,28112,2a5325e67ad320205873faf81261cd55c554ee141cf6e3cb3c5203cfa4ad5a03,3.7,adjacent-exact,24797,3ade0bff246bac4451e5374f5ac15730fef047582b9c279466ce44b602d1170f
mus-13e307b184ece4d2,filesystem,,746575,13e307b184ece4d2d4637745e6b79241f1d868e9d686a3f92886b11bf8163f00,2000,adjacent-exact,265983,07a370c4dfb69a460a93e88fed70436c1ea8031a850fcb7f07eb8c8b9c589704
mus-b0906dde913773fb,filesystem,,94208,b0906dde913773fb91176bd91060c902b285237c7f1ee20747e24fc991c79ee4,2003,adjacent-exact,156087,0119899f90a3eec70df903320579bc3d1fbe3c3bc80d0ea89f6da64eb6c37750
mus-5e3f81e60257bb52,filesystem,,76896,5e3f81e60257bb527b3769b37d359bc849af6df9747792fa55ef041b6ea891a8,2003,adjacent-exact,132113,937e514e9db2892d687e33c6b4626f4a993c97363fb5e29c63fb3b81e706379f
mus-1ee125f1efba07a2,filesystem,,110626,1ee125f1efba07a2e08edae533d7987bda1709593514f85d8fa4b3316df03427,2003,adjacent-exact,175955,cab42e62af82701538fce9899cbbd98b2f3b4baddb6b2245814b07d31d099778
mus-530446930cc0bc19,filesystem,,107017,530446930cc0bc19217554556444f9e800238da3279194829c10533c3a305a6f,2003,adjacent-exact,171045,5d4c921bff861629bd15fea043fcb28dfae19aee1d5ca672c08ddb04a027d3f1
mus-6909faffeaacfd3d,filesystem,,80439,6909faffeaacfd3d9c876095354a0c1846539339a6576e7f58d5b2ae2353064c,2003,adjacent-exact,137520,3147ac0abecdd34f0b29d4a084a2d91e51256317b934b472873d4f9214ff8765
mus-7b44f4c82355f983,filesystem,,71330,7b44f4c82355f983a73051380c59bd18be4a6d24561bb3b6e6a78fdfc62715c7,2003,adjacent-exact,125082,5234bb3bd703ea3a91d9a5b9775871ec575929c4b99bf061d55c7a5ff57ae2b4
mus-a40bc46f7ce85704,filesystem,,320236,a40bc46f7ce857042dee51ef60aeba0aed88c5e2816e612e9c024feac222c4f7,2003,adjacent-exact,422493,21626c27cac06867934adaa08afc643d187bd378bc3974f73b1a66ea65bf4cc4
mus-8049d1096babf6f0,filesystem,,92290,8049d1096babf6f08f46ad7347c3f248e465a2ad71b1e2c3e90a6e08c2fec1fd,2000,adjacent-exact,27240,c33ea05360e87ff9f8ec75fa93d9d69c89f6071134128ad146497a456f2580cb
mus-c44e4514dabca333,filesystem,,182021,c44e4514dabca333e725fb1dde755643639d349aa8e5d75ac690168896d7b0ac,2012,adjacent-exact,343783,833e7c23b4463658d4ff6bfffcbe6a87a4d76a9700234ec4159128799a15dabc
mus-dff455131d866ef1,filesystem,,181863,dff455131d866ef13f1eafa6e2c9a33027fb5884de94c3cb2412d53836db1748,2012,adjacent-exact,343431,ea775a511f5b1f344b83c154bd51e2a2ef22f4c5251d1d9939da38303c2e8cc3
mus-348e10d72bde1a74,filesystem,,11937,348e10d72bde1a74205e26ec077135add1dcf92da0f2801d9bc2dede4b079486,2007,adjacent-exact,33377,5b46c6c6b2d2e72002968457df30ba456d39ee1c9c0add979229ac89ed1045d7
mus-720c8970e81bfee9,filesystem,,118256,720c8970e81bfee9f032524641f2523ab00147cdd7ef15cdfad370d1a21ce925,2007,adjacent-exact,197282,0bba660695979a068a4cfd0632d087dec44cac19eb83756108af77fa8ee6c0ca
mus-144e4a9c92c43564,filesystem,,146445,144e4a9c92c43564bbf7a30fa55874dff7bb716dc026ed80ae7092083ec1c083,2007,adjacent-exact,265038,fbf1e8a5dd11a1ed1f1dd126029cc4ba401438a822d88c645d83c017774d9d4a
mus-fbfc02d7d10bd39d,filesystem,,57047,fbfc02d7d10bd39dba444e45fed48982af7e0efb770eccd54994a1cdb8041658,2003,adjacent-exact,99369,36adad2ab3360c49cde43ae536021f403ba7c8a0257afba9a9a8d67e0d3fd0ca
mus-8ec29dee82de4ea7,filesystem,,51654,8ec29dee82de4ea75f79b7922c0f935f44b0cb20d667777d60b9151731ff78cc,2003,adjacent-exact,93801,0a08cfdcb3f092741aed4987a4830bfbeaeb3fd5029aba6a1ae14007b4da380d
mus-e07b3c137983f849,filesystem,,67212,e07b3c137983f8499fec1f2b16454ea7352778bdd9f125da2e98e7e2bc1ce071,2003,adjacent-exact,113059,e2f62859b07aa1d7838040f7269cdfb28cd98b05b1ac5510f529bf463184ba46
mus-589889d84c277807,filesystem,,60390,589889d84c2778073e573591a5066c9a640c0066f7d8c7c5723f50bd180204c3,2003,adjacent-exact,103697,df81a753491866b8b58bab0e7ae37f710d5190e1b4c28dff0e7afe030cc7e8b5
mus-11f0f9fcfe85e2a7,filesystem,,50913,11f0f9fcfe85e2a7e00afacae775fefcc07e77915b0fbce17856594ef0dbb239,2003,adjacent-exact,91846,c01932b430f122fddc8bb034e4443baa7ec5bf5a6ba5fe53639a9c761347b625
mus-4ddaf66f643689c8,filesystem,,48941,4ddaf66f643689c8f789e0aa0c70d8c1041ac13395337a68e1dbe7cefeec4633,2003,adjacent-exact,89439,70a7f9ada73159c0ebd00c45508eca5b1819d26818a1c14b958eab21281bfeb8
mus-74a0805d56a42bde,filesystem,,58795,74a0805d56a42bde2abbb004dcb10b057eca535154f3698d5a8b3156b923c1e0,2003,adjacent-exact,100330,f1b9f9d1d02bc22b578248740c1c5f6e1453baab709f78fb654d7ae910b78d5a
mus-f20dd438ccbae49f,filesystem,,55182,f20dd438ccbae49fd6fcfaf893ece62cc35527bdbe0e248f4ff12ee0113e9599,2003,adjacent-exact,95454,30597cfadbed2dc4d84568e7d4c520deb8633fa16b35fe53c944f08286875a3d
mus-a2dc4a4d1b4bbaef,filesystem,,253163,a2dc4a4d1b4bbaef89f93f7b006b2582fe17f92560d55aaa48385ba775eb3ceb,2003,adjacent-exact,333796,c82cade66195b460a28d8a776c0bb9ad8c8bca5e364d457e375b6c5fff6acef0
mus-b9c5ec807e0c3fd4,filesystem,,755382,b9c5ec807e0c3fd41cc47ea5f6b3bf0d49a73d194ca5b0e9a7aade352c066109,2000,adjacent-exact,269046,de3aec79e7b3ed768a8c8e43eeb060a9ce468de14475922f37dad016be15d879
mus-6fdb637fbf126d70,filesystem,,122359,6fdb637fbf126d703c5725d7180c3665bacf375b88970153dd464cfcc2bf80c9,2008,adjacent-exact,234547,79d3c96a29a9d442aa0e3a6ebcf80dbb1cd7838cc9db07d5de65ce33b7077d76
mus-65e4940df7a042f0,filesystem,,103711,65e4940df7a042f08ff12035630d8300e71e29e295b998590293a38bd0fc98e2,2008,adjacent-exact,199905,97d4ec06128b6c702b9ac15c81951ea654f9f49a93cf0cb7e880f61a43d53b28
mus-984a647230543d88,filesystem,,24934,984a647230543d8824c71925776768d3e0c6b2f5288d6d44e7e781e35d5b32f7,2008,adjacent-exact,56177,506874043708c605e47dac4589834398e5187b550fd4f656e86180cf146ce610
mus-0999691be733cc73,filesystem,,27643,0999691be733cc7391d3dbaade19e6fd46e6a51d772f12cd77cd573bd37d693c,2008,adjacent-exact,59046,87ea154502e45d31dc2eb978d6578fc98b232090be0f36524ed563202e45f73c
mus-16b82c87bd70ec73,filesystem,,95682,16b82c87bd70ec73dcd5137818b17db2b7b445a9ae733a9ef1a8a564d9dbef0e,2008,adjacent-exact,174538,2f4f65b86448357b82032ea57a3d88140d6c25e92f43645d4765dfe48f8b2bf4
mus-d16fb9528f4dc9ba,filesystem,,7863,d16fb9528f4dc9bad006806bd14724ca095ee51ef7ab9ef09c3e48f48b1f3d42,2008,adjacent-exact,25134,7072b965ddc554ef0592c98223ce5339c915fd6e2f43c6f2d7d5d915bbebfd41
mus-8421d66873daeac2,filesystem,,197420,8421d66873daeac248a552216307663d2f182bfbade7cda02e9af76afbfd41a9,2008,adjacent-exact,356941,fe19f347b1ec58924d4b49bded2ed2b3aa76607dd4cf9cba42bc797d051094c6
mus-ee5bac76a730f575,filesystem,,188790,ee5bac76a730f575516d93ae48e76a7dcdbb5a6fd8898073782911926b502df8,2008,adjacent-exact,345230,e5bf8616c9b17066fc0fe9538781c70f3fc11579f7a63061f71c471e13db778a
mus-c456b54a43fbb510,filesystem,,88253,c456b54a43fbb51063b61f5a6d4124dccf70528589ae20518279a639b27d9da0,2008,adjacent-exact,158474,71b35c7acde549aabb948c3f07bd8ab28c0e6f713b024a8f4e801dd6a6499848
mus-ca89182f0bb62cf8,filesystem,,258361,ca89182f0bb62cf8581d8525ba41ab510522b1b52278d7f082e2b621029349ec,2012,adjacent-exact,469503,e75ccdaeac88c1421d7dc991e519ef0d7ccc5ec5b55715134b476fe5d2fc2aa9
mus-be572f27bd0206ff,filesystem,,19779,be572f27bd0206ff8cd61a7b78b2598df597cb59ab59d5515d347ff729f56278,2008,adjacent-exact,57678,b71dc0ac94a1edc4c60fd32f629e3c712725cbc56e9a4ebda64d03c1747685d9
mus-1ce4de3a89dba767,filesystem,,341550,1ce4de3a89dba7671e2f00afd3da2bf5412ddf3deace52b453440387c143b7e2,2008,adjacent-exact,676546,6be8221e093e75c79fda514102cc093c22922d478985581e68e2cadea9d54875
mus-08b287d4bb6bfbfe,filesystem,,105252,08b287d4bb6bfbfead3f0823c90273b5ef4a6f2e69869e4b13f04f5495fdd977,2008,adjacent-exact,158462,b07bc34e4cfafd382d2a5804e0b019563154a7790e8c42c53f2329c24f980a25
mus-20c275f56d4dd729,filesystem,,180064,20c275f56d4dd72932b43005dceb2ad055404ad11722b497f45add51a3893939,2008,adjacent-exact,325072,8b8e494f7954c93267e82e6b227e3e76c41a492da61b132a7aa57d8c5c34b4a4
mus-8ceac942c3c02737,filesystem,,126384,8ceac942c3c0273778db45ed7261b37140d761096c46501d64105c383892f1d1,2005,adjacent-exact,219329,73dbed843a07ffc6b89e9652754a0c93203ffe7d4a51d7f628b2af202672469b
mus-e39e84f614f3396a,filesystem,,409108,e39e84f614f3396ac718b8aec5fa1a9ec9ea3d548a51b98b015ecce6222ecf91,2005,adjacent-exact,554058,bdea1ee4002cb29801ebbe9db19f364a47b70ab5ffc5fce56672a4b369caadf2
mus-6f37ed3c8291fff1,filesystem,,133125,6f37ed3c8291fff1c8b8bc300c56fba11448ca6b52b1293d81b87e89ea6082f4,2005,adjacent-exact,225729,2305510cd2a330137e8090fd969c5bf7fd10c716d30a080831d5276ae7d57e82
mus-9ad144c835151b8d,filesystem,,154933,9ad144c835151b8db08f07f41048d6675595e0fa41b8bbf19ceef8f402f9618c,2005,adjacent-exact,250749,1d5b4d489e3b651b1e720e62bdee76a97ab027ba2ab4a5b5843d2d15ccc28944
mus-93640895813438dd,filesystem,,145047,93640895813438dd66328d2f32eaf6f4b67af88e7b999c700a0dbdbb98dffe2a,2005,adjacent-exact,238908,a100b98d73a7d4f0cc3f04beb430857d6d1273e316d036f0198c99f6d2265fd1
mus-80017ab1339cdd9d,filesystem,,491691,80017ab1339cdd9de8a971a4de15db263bd435b0adb3d5c0afcd67b691e6109e,2008,adjacent-exact,908057,9d136b8973fde56fdf98037333848cc32263f726bc0f8b759ce1c73333e99856
mus-82c45428a8647895,filesystem,,460829,82c45428a8647895276873e7da1c56f30f61c3f1fb51f1dd6ff26761483c088f,2005,adjacent-exact,613963,184422b65901c1ad4d01679dca68d3103141acd8b9cc84f0f7b50a6455b68d55
mus-e64a977baaf78702,filesystem,,494412,e64a977baaf7870233e7e91584d546c03e12f167f0a52e4cb974f1577f3c2480,2008,adjacent-exact,911806,6d3c03ae6662af1fc58eeb06addba4588655f1e49a6f4ed099787761473e528a
mus-ae00e909788d69e1,filesystem,,141176,ae00e909788d69e1b41a021cabfdd3c72c0d7da380982993cd62d15f719ef263,2012,adjacent-exact,274604,b9d91811de43c0004ed28aa522742de0fe1652a1552328c82e669034990e9fe6
mus-8b45b2a2fb071415,filesystem,,179144,8b45b2a2fb0714156167552df9e9e00edc92d35162222bc153e013dc81620d30,2012,adjacent-exact,332181,7fb7360b237f7c6f9449e6830d7574257c8c2687aab0be43c0ee3042238d0d30
mus-89e8d1d211a282f7,filesystem,,203024,89e8d1d211a282f70d1ec5b15fd515ba567ee61508f577b1ef360219ef2bc5ef,2012,adjacent-exact,382639,3b666d78f5a3a9f9beed253d026f9a38ba384f38169624ec124a24dd7dc4075c
mus-eafac14c2b82042b,filesystem,,204242,eafac14c2b82042ba30d4323660f1613dfc84fcc9c6984e906763d9d280c0219,2012,adjacent-exact,386884,6c9b43aa5f4fb26c1107816e8e05535e33e59ab793ea18f00e95b12ab84fec3e
mus-2ccfd4feb51d3a4d,filesystem,,163711,2ccfd4feb51d3a4d3158b326e4663c64279ed1ea9da8de96f2a861284768c651,2000,adjacent-exact,85026,f928a415d9d281388d880c8bc75403ad3eded2b5c8e0a3685551077ce37769a6
mus-794e10a63c3d90f7,filesystem,,209115,794e10a63c3d90f7ba6950ad51fbe044399301b4e55b1d582e81fc00f357d3ee,2000,adjacent-exact,100486,9f4e55bb9997918cc549ca18a9ba8580bdaee40cdcbc823a44df9778cda1746b
mus-5f6801bc08f32852,filesystem,,177205,5f6801bc08f3285222d36b5b999c1df595c4c56be79abb4c13039477b0758ed2,2000,adjacent-exact,91048,3b33cd23c2d6bcc3639cdf95f08dd180cf63380aac8331e67ca525f181197870
mus-7a2ac178c756fef5,filesystem,,115080,7a2ac178c756fef59d73a20c4363153e20c372d35fddab3bea43eb5e2fbc3f4a,2000,adjacent-exact,68457,6f3644d0e6aac95b63e255840e6b372ebca20a9054aaaff92ca86bf3d7594839
mus-8f4324a5c1a7a451,filesystem,,168304,8f4324a5c1a7a4515214b75ffc72f0d959a0bc2ddee41a71042e2d3848e8d5d9,2000,adjacent-exact,86683,58944147b8afd30ad1437ac613c1864c172366d0361483aec76bc121697ff880
mus-fb77c86f0c5b24a8,filesystem,,595819,fb77c86f0c5b24a87703c8854e35c53b296b91c2958d72f274b7a2ba2ff6514d,2000,adjacent-exact,230899,c0b3c573f32b9cf12f51f39d0a4d490e769eb8445e2f204326db2273093a0adb
mus-12c86c6ee662df29,filesystem,,78830,12c86c6ee662df29c34cf32b9798eacb4a78401226743e1bb7d351bee1461a68,2012,adjacent-exact,146002,fb2ea9755b6e0a0738cb0f008877a7e6e44dfcdb764aee147ea553b65858e951
mus-30b8d6f4aba2480e,filesystem,,94417,30b8d6f4aba2480e6ea31be3f2825c8bd70d49083d127e233771cfe62b84e11e,2012,adjacent-exact,172780,c59cd5e434429d96608e70a70031dd2b3f4341d6096cf03fe66a23508fa6fc9a
mus-60e9584eb94879af,filesystem,,69855,60e9584eb94879af90631d2b5af4891a8c786756f8bea02d77935cf3e8f76097,2012,adjacent-exact,126702,4e0805f5eba14c2aa7329a252e7f22ad55bcb661d770074c019090ea861b944c
mus-56dbd8662d9a95dd,filesystem,,65345,56dbd8662d9a95dd43633acf7d4c2d7d57b558a26a5e69a29d4eb3829e41d1fc,2012,adjacent-exact,119203,d61889de40ee4829b957f49be07780c2c8d5653798522b5288fb5fd294e9c11e
mus-dda85f3620d644c3,filesystem,,94822,dda85f3620d644c3d266e24840e204e2f1f6190ac1aabfef0bba7186e8da881f,2012,adjacent-exact,172107,2a56bab7d326ef89f2db0aecd7b591a20eb572ef3bad1bbb2295c90ff9107acd
mus-a8665ee4c98ae670,filesystem,,304855,a8665ee4c98ae67075f22588c923c038b768270e924e5f0a3814dfb9f0fbeafb,2012,adjacent-exact,542308,03d8aa42d9cfad64cb9950f29f1a4edd2c0e24ed53131283559f41f4dca67d3a
mus-ebb8241c4bd04a8a,filesystem,,18510,ebb8241c4bd04a8a17674c4766d52abcf988fb305f3a1aace8a704eb2d8f8f5f,2002,adjacent-exact,26898,ef2f733522028b05790ddde9fa22713852af3f6eeb9ba9deff45531cc6c7eb73
mus-77c5ff69df8113a2,filesystem,,80557,77c5ff69df8113a266d4df24744f407fe15ec9d145fd0dddc9c5828c228cbbce,2003,adjacent-exact,144837,d1ffb061c73475186ed4a0574e146e185f8ce5a74bc66d34a8f45405d0c437f2
mus-680b4523d1b2ae47,filesystem,,69402,680b4523d1b2ae47a2fab2d1f0b4a1d620c7c4c3a6abf5ad0665170bf4bf3a9e,2003,adjacent-exact,130208,1f897d5c78bc64bcde88c4fdece1c806923a8815e453562624eb09d8a352a723
mus-2563136eb0f6b049,filesystem,,84841,2563136eb0f6b049138d495feb85304f7cb107ace6c144d9c13fccb2f07af8ef,2003,adjacent-exact,150567,a95a7af3e765b7918a2dd0efd8081580e15b91fa50e7d8905679dc1079d29610
mus-bb48589a036fe50c,filesystem,,79530,bb48589a036fe50c9150ab86d1d71e1750bfb2f9aa759ed4935c7e43c033ab6d,2003,adjacent-exact,143008,8ce93a4333b20ef70db406d8251674733bdab65b234e06eb2c3236939620dd1b
mus-7144d08bcaa4a8e6,filesystem,,60959,7144d08bcaa4a8e62e914967a57f649b6ffc7f209b1cd954a0add7f109e7bb3c,2003,adjacent-exact,118035,7a319c618573128a59ee1c01a3004789e0c7e54d39a94240bd352ee2567708db
mus-b9218dd16bd70f29,filesystem,,60024,b9218dd16bd70f291da25c5d356fd27545016a581ae6392a98a87ffcaaed22e5,2003,adjacent-exact,117707,243341f9c8036cfa33be6ed9804a51664545f0f1581eab854604e410b61a879e
mus-f4fb4f207ba7a2d9,filesystem,,92214,f4fb4f207ba7a2d9e94f4790154c29b5c883033fed50c3ee100895ab60490fa5,2003,adjacent-exact,157977,8ee35326540e663aff1dcae5391822a9b938d7e0af2833d2ff4c9ed7b885eda1
mus-74f15f026fd0a402,filesystem,,75999,74f15f026fd0a40208122573aec42696de9067c6d239201458ede5b054163c4d,2003,adjacent-exact,137125,bda3e35da1b9fa9203ddf896ce7c30123665c9d24456e11fc9d3c7331a16b3d8
mus-e5cc31aa24c01de0,filesystem,,411955,e5cc31aa24c01de000f1a8d0b2faa7b2d723b794ce8e6b2a409765ec9d2a3e97,2003,adjacent-exact,532271,5625f9b3d1e9b0bd3080474af5508a927b582c868902685321af283c804f0cbe
mus-dc3f872aa2717687,filesystem,,111996,dc3f872aa2717687014586b5e427f68a783f84a7314aa88144e483703371fc43,2000,adjacent-exact,28249,4db4304e1378f4879971aa306644da33337b0a924d69fc1938daf9bf8a089bc6
mus-d25350176095d390,filesystem,,1594055,d25350176095d3900531854765c6fa7db7acd28745e7edd1419cc177c206281e,2000,adjacent-exact,533446,405606d2807f7e3430bf67aecc8e44aaf0362cd33f1fd421083e99fe46b589fa
mus-4836a5553f29591f,filesystem,,142999,4836a5553f29591fd600d6c67811a8c34215514856cbafa906d2047f527ce205,2002,adjacent-exact,236509,42611f0c4555af3841f918e04df7212072f25878cd02f9d057caaf2c38c7a2e3
mus-488f675f3eca84b9,filesystem,,153856,488f675f3eca84b90c591df2c53d48ec5c78e445e0b2500fbe4c280da092780d,2002,adjacent-exact,249340,cf711849203db56a933447c227235d8d3d689668eb4011ae8ce601d8849baba9
mus-89bb97253348fd97,filesystem,,116507,89bb97253348fd970c0cea2b3d7334c3237adc34916eb11ca0db8b3de73df9b9,2002,adjacent-exact,202167,fc699a5b64d44427ec6f8cf2c9dfaff1d363665bfde649f27b7da9cc621e4a71
mus-6fa0caedbfd16f85,filesystem,,125685,6fa0caedbfd16f85a4f65935ae050603a3519d560788840fc0b5486a36bd2745,2002,adjacent-exact,214577,7cfb8ba42c806704c194f9f6c51a5773b4fba367f012e68822d2a54d9def6b6a
mus-117620b7fb0be83c,filesystem,,128396,117620b7fb0be83c1764410a8c81915b7a941ea3ee7a7f2e59c0ed43a307f681,2002,adjacent-exact,216259,e9a68e23c49c5d87d6ddcd300ef5cd80f0748c571829a6db375ac63f50dfd532
mus-ea3728688008c34b,filesystem,,644826,ea3728688008c34bf2da8e185718946583df9551af6c9d5ab50ec9008e3cd323,2002,adjacent-exact,865425,4fd3637df4d94dbf992c92fe928a2e475eab44573c2452c44859f565c2b4397e
mus-34c4762a80332ea5,filesystem,,18859,34c4762a80332ea5005389798da174970cfde665649f602a3e34f85fe37b1144,2002,adjacent-exact,27477,51932505599353e0c884cb78ca1ed92438b16bcaec90a0f0ac69b894f86cd9b0
mus-7696ce394f1fac8c,filesystem,,213896,7696ce394f1fac8c5197a246041ddc70dfc533d51c27895a4a0bd025470e23da,2000,adjacent-exact,95608,d0f49a78e68ee68b30eb68deff925aab99481559e665e11ebdfc1714078d4295
mus-e4d47fd0449d619e,filesystem,,188570,e4d47fd0449d619ef324d6a5093df6f9252b92539d7da26da393a2e9b38d6787,2000,adjacent-exact,87117,d041785ee895c75866e9d052628344f9de71fbc5c888fa560eea5c422c53d254
mus-f1e0c1dc87166a78,filesystem,,211041,f1e0c1dc87166a7885baada231eef9573e25b8632b1594e40511a19b262926fd,2000,adjacent-exact,94671,ee0f4ea3800edd83c83910366316cd9aaa409d948d65f77cb5e7eb74deff9d39
mus-d1e83e43ee531353,filesystem,,206683,d1e83e43ee5313537a436b23bd5e9687d07507488516bf584fea2365e2317c7a,2000,adjacent-exact,93757,a0366c32ea4add8e8718af4a4979cab8224e28a46e93a96915f4e7ded215537d
mus-3c1219e2e30e5644,filesystem,,160925,3c1219e2e30e56441ba1a60898ddaeedf06e9c5743f646c5ff58833f8db1172e,2000,adjacent-exact,76265,872648fd70e35050bc75ffceb9ad9dcfdb0de1ba056ce752ae1554205d4c3c57
mus-b35ee3e42f698cc3,filesystem,,161277,b35ee3e42f698cc392129980bf08fadfbcb17432bd521224084c82703b8ebe84,2000,adjacent-exact,76270,96208c5bb8f5cc4fd7e675097517296a778775908ec5ece362bfb31f7c4ea1b7
mus-d0b827514243b34c,filesystem,,172616,d0b827514243b34cab48493eb3ded87a86c28807f730fe5c28014a3d1a25949d,2000,adjacent-exact,80274,7d0d2854bb25ff4db3b80059b5cbc334e77eceb3af70290d9955ec196be23662
mus-4e955599c29d700d,filesystem,,149744,4e955599c29d700da3a7e3e73fe3341ab11adc622bf9a905e103f13eea94c515,2000,adjacent-exact,71957,d7df82a9d81ff0e32ef851c89ba092e8529e0803afb1e097e7c17404108ef3b2
mus-a0e771907d364529,filesystem,,749185,a0e771907d3645291a1d240f4a7c09273b9772bc405a292713c769976ea880b0,2000,adjacent-exact,273205,1c9465a21902cd78020c62878162ea824cf28e420201224ae556769b242c3728
mus-0cbbf8135e731fdf,filesystem,,121822,0cbbf8135e731fdfdaa31e94625d4eedefd28f6cfd59ca55f2e5c5e4b0d611f0,2003,adjacent-exact,181278,bb8c1602faceff72e9dbe2fe519f19b2d952a7e2c4205f0355aefdae28babb13
mus-8fa531fbb7bc6609,filesystem,,134426,8fa531fbb7bc6609837b4fa74c93b9adbc5d8d8db6fb0fc222ed67aa6ffc46c6,2003,adjacent-exact,197359,c1f0ac7d36677e5386d8cce2a39af80bac66298bfb37d5a57dcefc61807f62b9
mus-a8b6e353b89d9d5a,filesystem,,123994,a8b6e353b89d9d5a3402de988ff96deca4462752d2e3fce900fc75cf5d02361e,2003,adjacent-exact,183432,33a35ad0e1ff1d739df264cddc9a45af5460c81be0ecb5b838e86f47dbcb655f
mus-5b2e65947bc8f3e7,filesystem,,148735,5b2e65947bc8f3e71fbfb1a8e36d8e4fcb53079b3f817feaf173eba51797b41d,2003,adjacent-exact,216002,f044e8d455128b41c2535cf18c88614c00e5edaa2786ab32a8bdcd47a527ae4f
mus-d5b6a26a3036e415,filesystem,,141782,d5b6a26a3036e415aadbe919d7a2e2e972fb749c956ab213b4a4b9e46f171fbb,2003,adjacent-exact,205923,0c3cd9cc464ffe969a5388e683f54b7d66075828a3d92ce7808a5772a91ec90e
mus-8117d2e18e5eee0a,filesystem,,129872,8117d2e18e5eee0a821f58b57354cfea2efd96c6760766698e7fa12a008aa834,2003,adjacent-exact,192027,19be5229be8187bf67fd9bb24b429de9d5961efb38d31648dbc399d3f09a80c9
mus-1938c52efc70325a,filesystem,,122258,1938c52efc70325ad01adbbbf14674261c1758d0be3cde20988cfc794c1dfbe4,2003,adjacent-exact,181744,f1ec0e222faabdc0389eea27867cc8d6f7f430b5f47ea9df8e9eed21fbc0e495
mus-8c056c649ac6b18e,filesystem,,137043,8c056c649ac6b18e9b0cb0d514daf59c2a40cd429d126ffd1bdc495710120116,2003,adjacent-exact,200210,220d6c84f034a879ceb4ebe3349f9d230ce120c604c0cd1adc55da46057d23c5
mus-2edf635b169c2efb,filesystem,,140264,2edf635b169c2efb17bbbc20a444c62a9382345db56e69664136ad312cf2e61c,2003,adjacent-exact,204160,df32d47b38cefca5fdb1556c3ae3b32d011f231a7e86432dddd95bb124937ea8
mus-364ca94ff5a8e8ab,filesystem,,58893,364ca94ff5a8e8ab18daa9f3d7a4a6ce886873a56ad834509fcbceced65201f0,2003,missing,,
mus-c73328f865ec2082,filesystem,,232551,c73328f865ec20827327c5a5c2a655582c70e1bb650d931c26f30a8c47689cf0,2003,missing,,
mus-3be6702283cd4b5f,filesystem,,110247,3be6702283cd4b5fd91b186306485f97929db1f3156548f1e89074c1c3a4937e,2003,missing,,
mus-fc562137e2944005,filesystem,,114238,fc562137e2944005c9c774e17cabba62283b4d95d0bc337d163ed27a60660e25,2003,missing,,
mus-09d0304d1fd16916,filesystem,,49462,09d0304d1fd16916e532b4693b55b3a3b7ad606af8e2335d5f36e017f29ef93e,2003,missing,,
mus-f0437067b1f51e09,filesystem,,209127,f0437067b1f51e093d07bd111bf15e4cd820382940b07dda7c97dbd9c6f3c473,2012,adjacent-exact,376055,2608e3ca1cb8de3058691e3682adf7efa8b19078366d57d1ae49261cdf90c23a
mus-a5781ee4d8919032,filesystem,,45522,a5781ee4d891903291b4501a39a09cd41e69e768d1224cd5950379980f9546c1,2003,adjacent-exact,66273,1f69925a841172b7080026a8353c3bb2fedd36ce995023cb16a943940dbc75c5
mus-223104508229a51d,filesystem,,48387,223104508229a51d2fc32964cb5ed4079f91d30eda340203b1bdfd991bb0ab8d,2003,adjacent-exact,69638,08e2c29cdbd31a65cc1616cc8290b26fdcc749e5bfe7b02be63369887ccf82a0
mus-35f1db9d8fc20087,filesystem,,48376,35f1db9d8fc200877ffd27054c6a3caf446aaae30c2dde0ab04d6b2ed2496145,2003,adjacent-exact,67181,0834cbe678848364eb80cc5a8dc3ddbe14d44b971402d07bed9c0b52d2027e47
mus-21abf103ccae739a,filesystem,,48582,21abf103ccae739ab2198a5da3b57a5033cc443dd83897453ac9a6fee3ea21e7,2003,adjacent-exact,68705,84a35dc22c5bbe168794d4279a41a45a8040fbf9a5f8996edbd1cb69cbb6b73b
mus-d1e3ba1beb25398e,filesystem,,92110,d1e3ba1beb25398ebc66bde753b00266031edfd1865aa9d2bb09e66a304a6403,2003,adjacent-exact,141315,5a13ea75ea85a5b5749f6f4163462523838d351036480dc32532fa1e7aa01699
mus-a6671f2e192184fa,filesystem,,47014,a6671f2e192184fa498b1e72bfe6221f41521ce6c110f22de60b74663b804376,2008,adjacent-exact,95220,41047a434c3ea2a3c4bc126480627c8d9e1ef4df21e5414b9d5784505c13bdf1
mus-c1d98eb08b113e95,filesystem,,7604,c1d98eb08b113e957407aa05d50946f39dadcbcbe69199e0385abe47ea6c62d2,2008,adjacent-exact,24607,54d29422a948c91936636acc23a101e33ddec51755a1503d148b162339e1207e
mus-f2ded1642a9faae1,filesystem,,243633,f2ded1642a9faae1c5d115475118e69133c3220b02598f28bf3be94aa4ff722b,97,adjacent-exact,89213,a14976101e4c2a22998be31af703d049d89d8a8c01d1840678bbd67f2d6a7fb5
mus-e12fa868ada0c21b,filesystem,,247050,e12fa868ada0c21b00b849cb1e68396a1ecbd32a61c0a5b2c6a098994d2fa271,97,adjacent-exact,87782,c1c6da5071f29f0ea6f6a44be798b0df68748e1b82b7f14e820bb30bb22e5446
mus-6cd1f7291db4fdd6,filesystem,,246593,6cd1f7291db4fdd68369bb446bdab9736f43189c7376648cd1ecb737cb2b3d68,97,adjacent-exact,89012,7069bf33ff5f9f8003f7bfd9f2a29285dd65910b6d2092320cf662cdb8528237
mus-b4b34ba2582eafa5,filesystem,,243814,b4b34ba2582eafa578561468177cadae499906009dd6306173b6db09d2547297,97,adjacent-exact,83629,bf427431bb78a30c9a5aa17559447e027b9aab0e860d8f1ecaaf0b1d1e09ed3c
mus-a39b81e67693fc84,filesystem,,440024,a39b81e67693fc84feed4315ca9f1fc66dca1d398ec0b5a9056f366a772514fb,97,adjacent-exact,183582,379e6e2ad66b8bbc4af96d79606b71e1f8d4c749ced7bce970ea767bebae6a0a
mus-ab0e5c15cb0c6722,filesystem,,439125,ab0e5c15cb0c67225fbc20895a71407f493bca3e739089dfe935ca01b02d287b,97,adjacent-exact,185878,1e43c582b171d02c3a47d9319e3a2521fefef0a1a54abe777a24f47bb6194f0b
mus-8ef463b652268a49,filesystem,,963689,8ef463b652268a49f731268bee2af42dd8260caecb44ba76eefccc1e9d32738d,97,adjacent-exact,350216,b5c049f2c837ddefd36c30cabc32d1d3c0447725f5ad1e2696ef326570dddd57
mus-e15689737543a376,filesystem,,330544,e15689737543a376494ec8f2500556c535d29d397cdd0c83f200a2e38eb5a2ac,97,adjacent-exact,146254,812fed3baa4605055e3d541ae26bd578b055ff97751544d3b64f33c65090626e
mus-aa75f4bcc7f0b85d,filesystem,,366696,aa75f4bcc7f0b85d7e0aab0e226a069f870e61e6702f26cb61a552de9373dee8,97,adjacent-exact,162769,e7694b6220e584fddc40800d62388db5026f6c5552ff0cc98159feb7f137bb61
mus-5681414425b4c992,filesystem,,228664,5681414425b4c992a07df95fb4f0defbf228cec2385b7d536af50ad844b82b16,97,adjacent-exact,109995,258daabb110759f7ebf66c55865c1abcf6eae4f122b25659d5883e432d70d581
mus-e0cd894cd8d4e348,filesystem,,41311,e0cd894cd8d4e34889c75db837764f114bf726675580367f11fb4b77e8938bd3,2005,adjacent-exact,77897,c98c8bc5c3ba39b5d886ae0e07b7f350e5cf4ccac9a29ce5198500e6d51f75ad
mus-7a60d98ecd7bf340,filesystem,,24973,7a60d98ecd7bf340adc4da339ed6012b8e091e50cd8df0314966dd828609b37f,2003,adjacent-exact,52969,d3d7cd97f415d81667b997739855400d5a791e1011eefbd92c9424018fc1dc52
mus-0bb3c333c0f80358,filesystem,,123319,0bb3c333c0f80358ed2d66fe957a4a8e1c3ad86013f4d0c4f34e237a2d7c8448,2002,adjacent-exact,141259,e159fe7fe4422baf983ff95c788761ced98eb9bf897d0c46b6e64dbb0ebaedf7
mus-391d1df83d2eaf30,filesystem,,125307,391d1df83d2eaf3099812dccc68432dc345e76db790800f5cc33b28e09cd41df,2002,adjacent-exact,145805,10df9616d2b146b058decfb28dd4dd98d74bbd0787d39a7a391f98b9c97b036a
mus-31d5a2228279656f,filesystem,,123095,31d5a2228279656ffaf0c4076133693d1022808bbcb049e967da36d01acdc25c,2002,adjacent-exact,138868,7ccd12acaa88d4c1e85bfc99dd0ece6ee10503ca90fd7508425f13bc2544a5b6
mus-930f50a4b944713d,filesystem,,114524,930f50a4b944713d36d2f7819c90405006380d239cd4b3ed32c3485907339ccd,2002,adjacent-exact,122785,4f004c44a7090527738f36377920937c77635a5642145eebbdcac356d3140a74
mus-3c709d790c9bdb2a,filesystem,,120563,3c709d790c9bdb2aabbf788c4c8d58f2d604fcd89d8b69ca6d40261d8b03d901,2002,adjacent-exact,136403,cd3bf05d75e6b2e3c29637677e8c5298fbb12cc1d93a4eb17aeb902f8c1a1f9a
mus-d70654ea20bcf456,filesystem,,255716,d70654ea20bcf456281c4f32fc997181eaecbf4397f5a7bf1dce92c5a96a2d12,2002,adjacent-exact,369260,ecf428f42b96799ce63e97d26f36476454dfc202d04be2014ae59464417f72a6
mus-7e14c751bd354e43,filesystem,,231656,7e14c751bd354e434b545274fc8c223ddabc992b2af1ebee88f1e8219489af4a,2012,adjacent-exact,439615,ba1ebd3bb5754c851f04098b4b7bf53bd8da2f36fc449aea9b8bc3e7a7dad45a
mus-464e760b1108572b,filesystem,,232851,464e760b1108572b36878dd2fdf9a4a58aeab46f19220042db4a53b8b05cf297,2012,adjacent-exact,442813,5780f60f22e269fe3c8c69f3c1afbc36acbd189e90a6bfc4000673e02c7e6563
mus-b5e26d84ea0d9397,filesystem,,24849,b5e26d84ea0d9397ace4fb993eedeaf74eab0591953a758433c8856b0321799d,2002,adjacent-exact,55466,227acff2a42653b05a6b593cbe8795663f87f5be4681e3ded14d48f9719892cb
mus-c6bcb565718b7b38,filesystem,,14488,c6bcb565718b7b385f1974f3894d3e5c54fcbf048f1524ca20a978e28fa22557,2002,adjacent-exact,37878,25fbbcadded78ddb08bb635cac9ac39f6718fe5323ec459563cadae85a3fe3ef
mus-66a8cb29ad972ff0,filesystem,,6706,66a8cb29ad972ff0170e6d21d3c2b62d85e4bf920f6543d17a8649ab5ccc9b98,2002,adjacent-exact,22910,d7defa5cc545528cb5298d6f0312c1c9a70c17ffb257f16ea4d6ac94992baae3
mus-5dc5af459a598436,filesystem,,48477,5dc5af459a59843674e68d5a85392338431148bcf53382c08e093ee607ec9086,2012,adjacent-exact,99136,9c9ada47196378b9f6e0372deadb51ffc13ba74e577ee0a6cf4b984a2a66dfcb
mus-3897a53596563df4,filesystem,,204335,3897a53596563df40308495b9a8bac1812cdcb8fcc1072d22fee2bfb4842f908,2012,adjacent-exact,391363,6f056f1896d938c2eb6613d575802c78b984431a74646df762269857b1d74a43
mus-b62371f9711229fe,filesystem,,41962,b62371f9711229fe2f5e59fedad31da4aa470ed6660c48b5c386bc3a5c22572e,2012,adjacent-exact,87787,fd17d15672b60e267dc354af3d8e081f021e52154f30dcb33fd9247c6d469b58
mus-97c8196c61c85e86,filesystem,,45023,97c8196c61c85e86c5e9a1212adf5eff37a4475b8f435a7406872dec966e5b43,2012,adjacent-exact,93702,15e7df81f90ebcbda1be333221adc38e00ebd69534621759498f0ad0f9d68701
mus-1ba07de4f6f69b8d,filesystem,,48348,1ba07de4f6f69b8df1d77bb57de91be320236fd8e8dcc75012107d56b0caf787,2012,adjacent-exact,99062,407d66f059711242a93224915055e5c43eb13737c96aa325033493933a8e805d
mus-bb9ae31d4bb2c326,filesystem,,86143,bb9ae31d4bb2c326e77137855518827e620ca3c7780042a23f905c8f2e2a8e76,2012,adjacent-exact,164669,6b880ede8fc657cfd154643c37fdfbf69dddb50d65dd93ce18c8db563902946b
mus-a6c40f44b6ee53ea,filesystem,,40822,a6c40f44b6ee53ea65aa79364faa258355ba02e56091a43c4f08de39906a8afb,2012,adjacent-exact,85853,f2f09a1f811389a45ae7603b7e09be36988081defae0ae77febc306e243edb3f
mus-92386a3254e2d927,filesystem,,45566,92386a3254e2d927e549e2a20c50c30ad0bb7374d98c4b6d14d019744b0f7b11,2012,adjacent-exact,93728,4eac58090046a82bfcbadbabd0d148c17f28e7b6354ddbb2a247dd2fc16271ba
mus-6a67a566641955f2,filesystem,,47825,6a67a566641955f235d64e640fe8401a95de31df622b9b77338032fa3ff324a1,2012,adjacent-exact,97680,bb0ac3b0f646be441d193bc30f0ec2793a13c03dd592f936f895b913352bbb85
mus-2a6bc31065637bad,filesystem,,195469,2a6bc31065637bad95e5b9dfb08f1ea7c4428e2f3c63689b2e7dc1852c98cd81,2012,adjacent-exact,366048,1e8834e9cd686ed0186d0e08f12bb0ae5d8e6fe7860e1e948b2f599beb58641c
mus-c479cd059d707015,filesystem,,414800,c479cd059d7070155786c8995be855f092fa22ab26c703a1f60bcddc5f6a2e57,97,adjacent-exact,105200,6e80f5c22bca91cc4e204886237eefd3a0d8e07cfad2bdebbcd43ad6e75ac25a
mus-6bc9c3358076aa19,filesystem,,417161,6bc9c3358076aa196043c5b83f8ff8db2e8591d39274e8ea7facb602fdb122bb,97,adjacent-exact,106219,fc62f76dca56efc74856a77c9bcab47da6c0a6587efc933b1ac21d9f3bc35bb2
mus-598da078aa069419,filesystem,,431982,598da078aa06941990ac45bad3583e0f267b8881dabdced7893da1ee58f6df00,97,adjacent-exact,112105,99fc45a130cc915f783ce169366de5033191d9f5748a995eff0ba12b9f2f59bc
mus-b1cca3df9184f2a1,filesystem,,420159,b1cca3df9184f2a18fb954bb48b1b94777958a069feee0b4dff16d2ef04e86b4,97,adjacent-exact,107053,f35f804e47b3a6d1af9906db4eed956be44c95c8b11bc7be911e39f17fe27257
mus-c8360c930c705250,filesystem,,424748,c8360c930c705250f12f64691aa38f80178027ecaf4feeb4938c3e8abeb331a3,97,adjacent-exact,108369,f181c1459fb8994d123a8c0b0350a338aa113fbf178531de72531858b2de44bc
mus-a0a7a76d655f65d2,filesystem,,416275,a0a7a76d655f65d202b518c189b6a170b3d55fd42d98621ab1ca400afdde8a88,97,adjacent-exact,104065,972df621fa3d956967967350cdc61edff1cd03e93ea725eb44a5b9ea06b3cd57
mus-b7b3af1bee4a7ca8,filesystem,,419052,b7b3af1bee4a7ca878cb7e32b556ae3bc3e1029bc6cc72e90aa019fb8365190c,97,adjacent-exact,104680,b47121e2882a494624080f8ffd653b377637d224deb6618d58e761151813fc5f
mus-58bcae3108324b66,filesystem,,405693,58bcae3108324b66b54e6f0783803b8c1e8f09d2c0a1122ed1e6257fa0c56e78,97,adjacent-exact,98806,eb079532696dd5ab3c7461c1479eed6e1b9207340057cfda2669bb7a16e3b1e7
mus-b0637e40e23d8f73,filesystem,,230383,b0637e40e23d8f73846bc5be0cc362b079d504c1e79d3c2389d7a3e6b5c6e026,2003,adjacent-exact,313702,f55c21608444a952d365b0bcebda6b02d8ab9ae0e28ba804efd2504018b530da
mus-2aaf08c9cb25e76a,archive,arc-05b81c62e0d0f7cb,243429,2aaf08c9cb25e76a4dfcbc325f226b9c726492f02b23e83100ff99e0c02bdcc3,97,not-applicable,,
mus-53a6521757c4f44a,archive,arc-05b81c62e0d0f7cb,246758,53a6521757c4f44a293d497b06994106576235edadcec53a0ed6d891ce660aed,97,not-applicable,,
mus-c9be2b3ebb8c9842,archive,arc-05b81c62e0d0f7cb,246389,c9be2b3ebb8c984243d36a291fd876a82d4bd549f849b8b98ba42cf916503891,97,not-applicable,,
mus-9f2dfb3f0ebb8928,archive,arc-05b81c62e0d0f7cb,243522,9f2dfb3f0ebb89281d04e620063196e2c424f8a0ac56854580beb771e3c25c9d,97,not-applicable,,
mus-18b456f671c300c3,archive,arc-05b81c62e0d0f7cb,439852,18b456f671c300c3a7bbe26f290493f0bbe0d12a7536fb6444e1be93637fc625,97,not-applicable,,
mus-6aacd5400ecb519a,archive,arc-a15b1cf14e18a5b8,170551,6aacd5400ecb519af9e216036048e8d41cea6d6770f71ec0c36179daf8e08b1c,2003,not-applicable,,
mus-c26533fcd9cb7b14,archive,arc-a15b1cf14e18a5b8,201007,c26533fcd9cb7b146decf500a74d7a3b06f734890b6b85b9ec059dfe0ec7507f,2003,not-applicable,,
mus-da32779e6dd27812,archive,arc-a15b1cf14e18a5b8,176480,da32779e6dd27812e48fec86b7268f1b29a03ca6ca782fbe7266fe32783d7230,2003,not-applicable,,
mus-e9563db1d6c0d90d,archive,arc-a15b1cf14e18a5b8,41668,e9563db1d6c0d90dd5048f84e51bc8ef86dc20ce57bba57b9d3ab0dc2e7f95b3,2003,not-applicable,,
mus-a8773565fe8c7d4b,archive,arc-a15b1cf14e18a5b8,24031,a8773565fe8c7d4b52e82bc2518edde031f14925a17c07a952bed9e77e103ae3,2003,not-applicable,,
mus-6fabea4d93282744,archive,arc-3aabd653cf5f6260,124435,6fabea4d93282744de186fd92dc2d95a4ca3b3407131bd4213b60f205ab9f6de,2003,not-applicable,,
mus-392fcd045da00d7e,archive,arc-3aabd653cf5f6260,128573,392fcd045da00d7e6a71d25eb84234eed6519fc05f8788f4e9107ded0016f48e,2003,not-applicable,,
mus-dd1e34438b93fd7b,archive,arc-3cd66601b30b9429,57524,dd1e34438b93fd7b6f363e101642a01951e746ecad48176e77b864404d00619d,2007,not-applicable,,
mus-f5994f30b14859aa,archive,arc-3cd66601b30b9429,52395,f5994f30b14859aacd99f5a2051f2cc8396675aa500eb54ed9f2a082581265e0,2007,not-applicable,,
mus-3d81e40e69409980,archive,arc-3cd66601b30b9429,55192,3d81e40e69409980eb5864f6fcc4c4ee146574d557f9c48b9483332acd63d6a1,2007,not-applicable,,
mus-0a5072cbd1ddb105,archive,arc-3cd66601b30b9429,54904,0a5072cbd1ddb10564ab59833501569369772b378fa6292b92bc93ff3b135ac6,2007,not-applicable,,
mus-37ed3d109202892d,archive,arc-3cd66601b30b9429,48749,37ed3d109202892ddfa4b9e4da5d1464a3d207d1b0df5ba8492df55f60dfc53e,2007,not-applicable,,
mus-c693492c442b65ba,archive,arc-3cd66601b30b9429,52751,c693492c442b65ba38a9521a066b06a2a4a08f0619b50e87fed00cf7e7827999,2007,not-applicable,,
mus-7e93fb726bf81880,archive,arc-3cd66601b30b9429,70822,7e93fb726bf818806f1982b80f2fd5e7c217372d73ee6b4d36d7595cddb5aefc,2007,not-applicable,,
mus-2e3ce0d9e648f500,archive,arc-3cd66601b30b9429,66990,2e3ce0d9e648f500b1d64b0c36ceebdc39f85e9f5103bd13cfdf1f0c344ce5d6,2007,not-applicable,,
mus-a072e1af1944e422,archive,arc-3cd66601b30b9429,65531,a072e1af1944e422360efc28fe2393f8b656cbadcbdf7e5d6078622b56f73620,2007,not-applicable,,
mus-6a2556705674495d,archive,arc-3cd66601b30b9429,56072,6a2556705674495db800ad3ea45f41554a3bcb335d2a35cb3cc9d905675bd392,2007,not-applicable,,
mus-07ca90bd065cb584,archive,arc-3cd66601b30b9429,56367,07ca90bd065cb5843f69df5fce2375a17b28e7981d8a0e949caa1fe0c17a4dad,2007,not-applicable,,
mus-34b51ccc90469081,archive,arc-3cd66601b30b9429,50372,34b51ccc904690819de740efaf670f35ba617d115bf7d63faa06b3a2ba76438e,2007,not-applicable,,
mus-f6c13dbc3955b55c,archive,arc-3cd66601b30b9429,67586,f6c13dbc3955b55c5223b15e92d73f13f5648fcd52e2673878870fb842f4470c,2007,not-applicable,,
mus-f109f30ce6534a11,archive,arc-3cd66601b30b9429,71282,f109f30ce6534a11b0f855148cede42a45e17de6c5c81634c95b8b6abebc385f,2007,not-applicable,,
mus-9a75fdbe02bb2ecd,archive,arc-3cd66601b30b9429,69792,9a75fdbe02bb2ecdb26f9cd42d10d52400dc4fb8f268b75e3736fd3f16fd5ce5,2007,not-applicable,,
mus-33ee98afe0407b61,archive,arc-3cd66601b30b9429,57435,33ee98afe0407b6122a594ec07f3637e47c6970916be82cc56cd1ebc9bef7883,2007,not-applicable,,
mus-b1026e8664fdf4e3,archive,arc-3cd66601b30b9429,57721,b1026e8664fdf4e3031e1d3930268701891cd20eb0c25fd66cb82c2b26402eb6,2007,not-applicable,,
mus-051a135960cbc045,archive,arc-3cd66601b30b9429,53545,051a135960cbc04593979cd7c9c133e708f33e31796f3917a9c0b8421732941a,2007,not-applicable,,
mus-24fdc0608a57f98c,archive,arc-3cd66601b30b9429,52486,24fdc0608a57f98cc64fe60bbac3816a96114a4db29608f3cf67c9eb89dac594,2007,not-applicable,,
mus-e8ad65b6f02157bd,archive,arc-3cd66601b30b9429,63534,e8ad65b6f02157bd96388052f4ef2e618da9a569d23add1499e44d23ebb6b162,2007,not-applicable,,
mus-4d568b8edbe029b3,archive,arc-3cd66601b30b9429,60017,4d568b8edbe029b35f94a5e8998239f3cd59a3b717ad9f0ae326250203e360f0,2007,not-applicable,,
mus-b6cff70051e67a15,archive,arc-3cd66601b30b9429,94038,b6cff70051e67a1567d5915ed2b7468ad89ffb782cc4fa3601f1b74bacae10b1,2007,not-applicable,,
mus-dfaa6dc438023d90,archive,arc-3cd66601b30b9429,76796,dfaa6dc438023d90a047180c1f9dcbf42b1fbf36b6d1e2d2aec872eebb013478,2007,not-applicable,,
mus-e11eeb5e29ceef6f,archive,arc-3cd66601b30b9429,60273,e11eeb5e29ceef6f355ae3618231b8af26cb64af234601882a361707398b1cfe,2007,not-applicable,,
mus-49fe5862a0d35898,archive,arc-3cd66601b30b9429,59808,49fe5862a0d358987dcec5ecf19dfca0c534291c9088a7164949917d804b7ec5,2007,not-applicable,,
mus-8c969d53f1c9b4e5,archive,arc-3cd66601b30b9429,63944,8c969d53f1c9b4e52dea516d4ce58c9b910150cacb687af5b687daded5208815,2007,not-applicable,,
mus-9716a32ab892b11d,archive,arc-3cd66601b30b9429,60875,9716a32ab892b11d51633c4f005e70bb2197b60986fcc316b05cb693e7d33bcf,2007,not-applicable,,
mus-93be37ad01db9d7d,archive,arc-3cd66601b30b9429,54087,93be37ad01db9d7d8a484bdd0193c42541b908c43447568b4d908bee78e7b360,2007,not-applicable,,
mus-252e41a053bf7c9a,archive,arc-3cd66601b30b9429,63256,252e41a053bf7c9a45cd85ff31002d42ece8160157777de288df5aaf3a21fd14,2007,not-applicable,,
mus-60176f94f206b0d8,archive,arc-3cd66601b30b9429,54329,60176f94f206b0d809c5495a620e02b512763c7ff6adf1bc66d5e7dee42e73c3,2007,not-applicable,,
mus-0d7fc7a881b30b05,archive,arc-3cd66601b30b9429,48797,0d7fc7a881b30b05debf8bed34044f2c5c01462136c256da7239f25d856380f0,2007,not-applicable,,
mus-9f4c3f53323d81bb,archive,arc-3cd66601b30b9429,56074,9f4c3f53323d81bbe9cede7da019ec1d5b072be3a9cb74ab515313a2a6974c4d,2007,not-applicable,,
mus-d8ba3adc10386c75,archive,arc-3cd66601b30b9429,52463,d8ba3adc10386c75b898015ca4f279484e939ddb469e9073c438295a6ac5aafd,2007,not-applicable,,
mus-e3276a899f0cc5e9,archive,arc-3cd66601b30b9429,53656,e3276a899f0cc5e9378c19386c95b1d5880f8c286deffdb1b609cf876da54cf1,2007,not-applicable,,
mus-5cffd7c83fc039ed,archive,arc-3cd66601b30b9429,58819,5cffd7c83fc039ed9abe113444e24bf12971a646fa36009a489a8da4026a144b,2007,not-applicable,,
mus-5b9eedb0d4b8e3b8,archive,arc-3cd66601b30b9429,58337,5b9eedb0d4b8e3b84e34c38d285b6497db93d2695e88a018f901c02ce3308a16,2007,not-applicable,,
mus-567c71b0563d60fb,archive,arc-3cd66601b30b9429,58663,567c71b0563d60fbc5a11cfb66d7019fb6fd7a4dec2f1732ba143c0a0b4b02a2,2007,not-applicable,,
mus-90972c0626061a6c,archive,arc-3cd66601b30b9429,484703,90972c0626061a6cbbc642c0189470c41a6f9da54b381037ce6b51ff89fb6657,2007,not-applicable,,
mus-6aa11fa801b3c4ac,archive,arc-2da3cafcd199be91,287812,6aa11fa801b3c4ac0d80ae5bf5f167f6ce6c2c54b3dcee1bd8327ee30c647da7,2012,not-applicable,,
mus-8a110f04bef8af70,archive,arc-f15d372e5ba5c760,270508,8a110f04bef8af701d6f88f293edc4e493cc1b7a97c1e487e95201338418d7e4,2012,not-applicable,,
mus-0f837f260ff45292,archive,arc-ad30fe1758a3cd1a,301912,0f837f260ff45292ad215602c1969ed7f085618b835a6e356414231d11407fa4,2012,not-applicable,,
mus-7d6085eee55402d3,archive,arc-9e6b514531498fc9,160939,7d6085eee55402d3957e30f89d29648a732a236518891cb8e8740e4fd53f0956,2012,not-applicable,,
mus-4a692fc75cfdec2b,archive,arc-e72d6bdc7993833a,234138,4a692fc75cfdec2bb0b2455849755c076e49187d0ccb1f8d43261d4d87f31c3b,2012,not-applicable,,
mus-57d1ce297b251f51,archive,arc-db1998cca5b2ff78,12478,57d1ce297b251f51c2ec0ad790638cf43c115207c5865457725addf162e17962,2.6,not-applicable,,
mus-6970e0bde1a102f3,archive,arc-b5caf55a79dd506c,156120,6970e0bde1a102f3137a3e0aa2c724ac63e9b8530b78af344a615229200b9206,3.2,not-applicable,,
mus-26a4b3fbc2bc36a1,archive,arc-dc3e9a4d5444471a,87069,26a4b3fbc2bc36a188c04af66a61a97c42fbee91d7fa1ca9e17ff00749b39433,97,not-applicable,,
mus-6298a9bc4e8c1255,archive,arc-31bb269bc609a289,362921,6298a9bc4e8c125585780e02e021ae907e71236571a7a64caf45c2ebe02bcfc7,2.6,not-applicable,,
mus-ae5cb6e6f7235688,archive,arc-31bb269bc609a289,310697,ae5cb6e6f72356882364f11331fd952fd8379a09166b6d2fec27d7ff466f94ac,2.6,not-applicable,,
mus-bd0042f8e0354192,archive,arc-31bb269bc609a289,706473,bd0042f8e0354192fed2048f74960107032554d357c6ed797854dc3c443556a7,2.6,not-applicable,,
mus-861b18ad06442d00,archive,arc-31bb269bc609a289,312233,861b18ad06442d008b9b28cc4e7ba8a72d7e2dbe8fda7a2beba12cea3598f8ab,2.6,not-applicable,,
mus-0bec475a6cf4c223,archive,arc-31bb269bc609a289,373673,0bec475a6cf4c2232bbcdec9154211d2f3ec5e854fe016d7f54b5e45dba53323,2.6,not-applicable,,
mus-14f0c3cebdf8d3b1,archive,arc-31bb269bc609a289,375721,14f0c3cebdf8d3b1870ee6bf5f1c016d9da6ae75a41168561e03e1ebe7e1b916,2.6,not-applicable,,
mus-589fbabc147c8ab2,archive,arc-aea972d694ed8044,156161,589fbabc147c8ab2d60336c94cf24312949b7bf14b4ee379f2304226d22a16dc,97,not-applicable,,
mus-eaec6c0a54726b27,archive,arc-aea972d694ed8044,215214,eaec6c0a54726b2736c4521a4b4fa549fbf2e63cd0b453b707f66a8745e7f68c,2000,not-applicable,,
mus-49097c9324f7be56,archive,arc-aea972d694ed8044,19919,49097c9324f7be5688d014d25cba84d2a810e3c21935d8d7a38407313d708120,97,not-applicable,,
mus-3f3a3f3d864cff5b,archive,arc-cea2d3e881811338,93437,3f3a3f3d864cff5ba161fdd13dee60d28fede3c7eb8c46857a21774574be24f8,2000,not-applicable,,
mus-0f14a087c75c39fc,archive,arc-cea2d3e881811338,140951,0f14a087c75c39fcdf2f1a7b3f3da331fdf6756f68c49ccec88cafa8953747c5,2000,not-applicable,,
mus-03548555031d1ee1,archive,arc-cea2d3e881811338,144241,03548555031d1ee116c9a50599c5f07186633dc991854cae9794b461fb85a702,2000,not-applicable,,
mus-c0531a1457fe1411,archive,arc-cea2d3e881811338,135043,c0531a1457fe14119cea7266d648338e33d21f09cccaf2dbebeaefb269bd246a,2000,not-applicable,,
mus-27eb9f4012abd824,archive,arc-c69c5dbad3bbb0b9,246238,27eb9f4012abd824c5dca4b14088480c37d3677ea03adad8e6fbe6400bd12578,2000,not-applicable,,
mus-6173f1993e764109,archive,arc-c69c5dbad3bbb0b9,257842,6173f1993e764109cbba1217781a4058c076956007a16065871cce55a4c27dc2,2000,not-applicable,,
mus-46949d8dcf5961df,archive,arc-c69c5dbad3bbb0b9,258709,46949d8dcf5961dfebccfb49ea67db1d3d81e5facd27da8f437d942db5029766,2000,not-applicable,,
mus-2b58b1e3848e66c7,archive,arc-c69c5dbad3bbb0b9,237191,2b58b1e3848e66c706c6f7647c5b1d22a0390ed23065efbeccd94b1100cafa65,2000,not-applicable,,
mus-d4560c017c5451e4,archive,arc-c69c5dbad3bbb0b9,245318,d4560c017c5451e416af3c951bab75050fa83c0ecba001f3811f518fe9640109,2000,not-applicable,,
mus-35a2787ab2708196,archive,arc-c69c5dbad3bbb0b9,244755,35a2787ab27081966f5a42d35c0ec7cfa5779f2d4dab168b95c978518bfef22d,2000,not-applicable,,
mus-c0ca3d6fa7087571,archive,arc-c69c5dbad3bbb0b9,251082,c0ca3d6fa708757148832b036c846ba3754922436f778c623c1bcacaec9713b7,2000,not-applicable,,
mus-cdf86b7e9a07292d,archive,arc-c69c5dbad3bbb0b9,236509,cdf86b7e9a07292d78ff71ee60e4cda39b2b11da2ce41459d1db68f4ae9469e7,2000,not-applicable,,
mus-6ffcfdb537fb7b92,archive,arc-c69c5dbad3bbb0b9,638226,6ffcfdb537fb7b92bb49c4f43da33d3bf5c2bf9aa92ef1c73e7b9223c20d7e0b,2000,not-applicable,,
mus-23ff928ba17c1ead,archive,arc-2b13f320c62a59a3,434987,23ff928ba17c1eadb5f1af78349b30e30f1eedab17d806da38a8af4e83218a36,2000,not-applicable,,
mus-81bf8644f901b86e,archive,arc-2b13f320c62a59a3,1485322,81bf8644f901b86ec7873b173a00021d5107277b8450e14acdee704378e0c97f,2000,not-applicable,,
mus-de30adaf7cd428c2,archive,arc-2b13f320c62a59a3,454571,de30adaf7cd428c262461d0a799806097a4aececea8f5a7c87b851523c05d1ee,2000,not-applicable,,
mus-2d58bab453b9435f,archive,arc-2b13f320c62a59a3,536645,2d58bab453b9435f9c70f518361eed6ba7da9efdcc2850f43de60c2f0ed15437,2000,not-applicable,,
mus-e1cc23090c7bdf32,archive,arc-2b13f320c62a59a3,498845,e1cc23090c7bdf3273bdea99c19352b7d6332055f51a3ed60233c397a3afecd9,2000,not-applicable,,
mus-214bbaf9c672de46,archive,arc-4f7361d1b8865adc,394542,214bbaf9c672de46d73070467fe952fb6d9d3cb2d67fe94757cbd492e725b9f4,2000,not-applicable,,
mus-cc90abe6220979c8,archive,arc-4f7361d1b8865adc,410606,cc90abe6220979c8449b08c87ef31f57acf6a283d4359f071682c98ce3edce1d,2000,not-applicable,,
mus-6d76fb8888edd864,archive,arc-4f7361d1b8865adc,408828,6d76fb8888edd864f36b1871a08d2e32f1d7908ac9c0a70e5d417be9c7016cca,2000,not-applicable,,
mus-1f9713b29ce12e25,archive,arc-4f7361d1b8865adc,423384,1f9713b29ce12e25c8a6f51a7b67c1c5628c8800392cb171390bb93ff7ca10a0,2000,not-applicable,,
mus-9330f2bafadb010c,archive,arc-4f7361d1b8865adc,414780,9330f2bafadb010c4ed4cfe061d5882958279a4d38821f8347013c69ee9e02eb,2000,not-applicable,,
mus-b46b90876ff03f89,archive,arc-4f7361d1b8865adc,407558,b46b90876ff03f899c3605be255fa1a934317b7d9ad4b580a3bb676a096af895,2000,not-applicable,,
mus-23b9c398f1934e05,archive,arc-4f7361d1b8865adc,404258,23b9c398f1934e055654a224934026cbf7fc5aa2ddc3d35558b3dd3af3d78057,2000,not-applicable,,
mus-6917b07fe4b987fe,archive,arc-4f7361d1b8865adc,703483,6917b07fe4b987fef7386b947f15dfb44691990b6260bd348acb644b0d5e0494,2000,not-applicable,,
mus-d040bcc47d20f271,archive,arc-4f7361d1b8865adc,649259,d040bcc47d20f27158da3cbea00a90e6299e930630eeb857ff7d8ff37f5d9b3d,2000,not-applicable,,
mus-5a7f67d3e1a3384e,archive,arc-4f7361d1b8865adc,402085,5a7f67d3e1a3384e0ec152ec22b6409e794e75bfb4cbfdb1a66c19508260ed0e,2000,not-applicable,,
mus-d895ba84793bd539,archive,arc-4f7361d1b8865adc,389290,d895ba84793bd5395b37c63066f485daf32b4fdb4c6f16915b9fde404d9efc36,2000,not-applicable,,
mus-e9e54eee128d47ea,archive,arc-4f7361d1b8865adc,384434,e9e54eee128d47ea0fc7f1a87287c28ea15853b80fabeb2413968711476d2a59,2000,not-applicable,,
mus-85bc6a98232d8d2a,archive,arc-4f7361d1b8865adc,383368,85bc6a98232d8d2a009c961944be67a63ea1019aac670aa0d9426220e03442fc,2000,not-applicable,,
mus-6902a07fe4834539,archive,arc-4f7361d1b8865adc,376150,6902a07fe48345394da541cdb6de0fde7e85e23a7275d4e6f995777016e60f83,2000,not-applicable,,
mus-018c7468f77a37b9,archive,arc-4f7361d1b8865adc,408372,018c7468f77a37b93bde7aeb3eb269887d264804cfd7269cd9f31ec186ea701d,2000,not-applicable,,
mus-d74b1ad8b33f772d,archive,arc-4f7361d1b8865adc,402630,d74b1ad8b33f772dcb53633cdcc32ab556c003b19664cf0b4a1af9b91823c3b6,2000,not-applicable,,
mus-317c5a5a4cf1af3b,archive,arc-4f7361d1b8865adc,386697,317c5a5a4cf1af3b7824326c47801a0523a1c85eca540e953d9e94e7d5fc58c4,2000,not-applicable,,
mus-97ae5e8224e6f5be,archive,arc-4f7361d1b8865adc,457776,97ae5e8224e6f5be6382f772c94016caff207b3e509a5b020bcc4bd0110f2447,2000,not-applicable,,
mus-fb068ff645fa801b,archive,arc-4f7361d1b8865adc,453800,fb068ff645fa801b5f73c14f36499081b9af477059c7a3cb5d84753ebfef64a0,2000,not-applicable,,
mus-3be88c160310fe73,archive,arc-4f7361d1b8865adc,479918,3be88c160310fe7332007df527f795d816945cd8a35655ff08fa121ff6e015db,2000,not-applicable,,
mus-374b7d3817be0316,archive,arc-4f7361d1b8865adc,464544,374b7d3817be031646e4a2b4533a15974d198a1e8642bf078916301225ff3944,2000,not-applicable,,
mus-8a69c4c142ed0933,archive,arc-4f7361d1b8865adc,460994,8a69c4c142ed0933c3e0bb3667426d84995718526cb00b6557fe30894a380283,2000,not-applicable,,
mus-1a289372eac336a2,archive,arc-4f7361d1b8865adc,452286,1a289372eac336a25430c2ff3b4a05f45eef028dfff4582cf05a7a2760e16520,2000,not-applicable,,
mus-49e064320623303a,archive,arc-4f7361d1b8865adc,496020,49e064320623303ad9033959ff05cea181afbd999b98f2ebf341c08d71377cef,2000,not-applicable,,
mus-9640a259085d42d9,archive,arc-4f7361d1b8865adc,455496,9640a259085d42d9445411e8a6311fd35d04dd3498b64e6fce37e06bcc4933e6,2000,not-applicable,,
mus-04d8f05b03c320b5,archive,arc-4f7361d1b8865adc,458564,04d8f05b03c320b5e52b8fa1176c7791de379828797ae131f948b615181d7c03,2000,not-applicable,,
mus-4dc5ed2eaf023304,archive,arc-4f7361d1b8865adc,806149,4dc5ed2eaf023304e46c190e8af286757134223b7a20ba853c18a8690a590c29,2000,not-applicable,,
mus-5796ddae8ebbcbb5,archive,arc-4f7361d1b8865adc,498984,5796ddae8ebbcbb5bef0801caa064e7ac3f933d988dff1522636dd2f7fc42318,2000,not-applicable,,
mus-1af987bc75e5a373,archive,arc-4f7361d1b8865adc,494140,1af987bc75e5a37354155d81fb7463b33d1420cf1b6cd3c1b9f60c18985be45f,2000,not-applicable,,
mus-4dd0a63809c7c184,archive,arc-4f7361d1b8865adc,470629,4dd0a63809c7c1840ea2b3366050154ff7dba7a82ce4c57f086bbb263909253e,2000,not-applicable,,
mus-64d1fc2fda604cc7,archive,arc-4f7361d1b8865adc,457647,64d1fc2fda604cc7f71df7aed3bb0dabf7abeab8c963a70914f842ff88818f16,2000,not-applicable,,
mus-783949b41f54598f,archive,arc-4f7361d1b8865adc,470267,783949b41f54598f310fa565cf730bd917567578d291e23e6604fdc607b43dbd,2000,not-applicable,,
mus-5d3ea0f918bdf9ee,archive,arc-4f7361d1b8865adc,442063,5d3ea0f918bdf9ee68989365aeed1bbfb4e81cb672919b44fc49f11eaab12240,2000,not-applicable,,
mus-792934c09805b77b,archive,arc-4f7361d1b8865adc,426371,792934c09805b77b8e9995c6d4fee7b9fc342da0a7483e79fc6c4c85c066ad2d,2000,not-applicable,,
mus-7b7ca046084ecc8d,archive,arc-4f7361d1b8865adc,440635,7b7ca046084ecc8df632c643604c7b68ee0e36eb7ee8f6da5104ee581840bf12,2000,not-applicable,,
mus-b0b334b4aa48c7d9,archive,arc-4f7361d1b8865adc,427034,b0b334b4aa48c7d9793c81a71919618e8c3fc8764b8e89898b3201ff15e1d795,2000,not-applicable,,
mus-b969cf7e22459fd6,archive,arc-4f7361d1b8865adc,1417831,b969cf7e22459fd644e1436bfeb897d3a16685fe2bf52baf6578bce9a6503165,2000,not-applicable,,
mus-5c5e05129efb8626,archive,arc-4f7361d1b8865adc,1254762,5c5e05129efb86266a33328dd3caccb99f2cc7b2f6edc835c48e895adcbafc71,2000,not-applicable,,
mus-91aad492e09e5c74,archive,arc-4f7361d1b8865adc,2124621,91aad492e09e5c74c99e164b81bfa3308332f9f9b738768af5eb3cb5dbcb1b11,2000,not-applicable,,
mus-802746ef8d9c8090,archive,arc-4f7361d1b8865adc,371535,802746ef8d9c8090e74c15dddd5c4163ca3e1546483bfe7a4afd216923fcfca3,2000,not-applicable,,
mus-860a5ac3ec1e7c30,archive,arc-4f7361d1b8865adc,379281,860a5ac3ec1e7c3088e8c2a32d9e96fed9ab502d5b55cd8465063674dc6015dd,97,not-applicable,,
mus-bdb7049dd74f8fdf,archive,arc-9214769337fe4d3e,81842,bdb7049dd74f8fdf0481d1f6b3719cec2cc4cc64abb9974497d03f94965e9aa8,2002,not-applicable,,
mus-789f2a96109db56c,archive,arc-9214769337fe4d3e,72063,789f2a96109db56ca3141b1626a25df2f64c6dcb0959c26b51b015fc75ec18c6,2002,not-applicable,,
mus-0cd0179cc22806a3,archive,arc-9214769337fe4d3e,91092,0cd0179cc22806a3199768b2006f0289f1c1b345058f4df79e100907b329cdf8,2002,not-applicable,,
mus-827aa5ad8d058155,archive,arc-9214769337fe4d3e,32928,827aa5ad8d05815564f2cb1fd0c8ed78baf174f451f450632972de889410e990,2002,not-applicable,,
mus-8633f945c6fc15ca,archive,arc-9214769337fe4d3e,69659,8633f945c6fc15ca579f0f1e194c66203dadfe2e2bcf4e11b75d3c56009b435f,2002,not-applicable,,
mus-af9be9a5c89185dd,archive,arc-9214769337fe4d3e,91573,af9be9a5c89185dde85bdfac6fe72ec65c0e4fcf158660d65b9aa83d033f3cad,2002,not-applicable,,
mus-7ca7e512a3268208,archive,arc-9214769337fe4d3e,52356,7ca7e512a3268208288be1d6e6a5244be94bd7ba1b7eb6a6f351e6f273680817,2002,not-applicable,,
mus-c1a543976e9ddb2c,archive,arc-9214769337fe4d3e,83382,c1a543976e9ddb2c7ad883839849429079b5721911dae7169dad3bf5fb4a1eec,2002,not-applicable,,
mus-9fbd8c52d2a16380,archive,arc-9214769337fe4d3e,220185,9fbd8c52d2a16380c046b09a917b761dd6da1b20d1a1f6cccecf46b5a0ef3054,2002,not-applicable,,
mus-a0af24ea2bfd4f79,archive,arc-e65d276f93875da1,86192,a0af24ea2bfd4f79f89b914e643a5e3cd7780eaed6602bc041870aa5de036cca,2002,not-applicable,,
mus-744abe87cf158857,archive,arc-e65d276f93875da1,106452,744abe87cf1588577cc050acf70482120406a77da8046f4f92bfe806818878b8,2002,not-applicable,,
mus-7321735e39f4c2df,archive,arc-e65d276f93875da1,71706,7321735e39f4c2dfdda998966b4f398d39a558102cad8bf4a1945f4368b52f43,2002,not-applicable,,
mus-93662056a0dcdcb9,archive,arc-e65d276f93875da1,65474,93662056a0dcdcb9ccd20f52d0db7bc84e07028a8c944338ea6a632abc62b60d,2002,not-applicable,,
mus-3384c853b42b65ce,archive,arc-e65d276f93875da1,102444,3384c853b42b65ce837eb8d1d7bb6595d82e36b6092346c4d94d844ff7ca88ee,2002,not-applicable,,
mus-fd12e40704771fd8,archive,arc-e65d276f93875da1,397624,fd12e40704771fd8268511519340bffa6e80e85c35775c2931e75fd7efee66ce,2002,not-applicable,,
mus-ebb8241c4bd04a8a,archive,arc-e65d276f93875da1,18510,ebb8241c4bd04a8a17674c4766d52abcf988fb305f3a1aace8a704eb2d8f8f5f,2002,not-applicable,,
mus-04c36387bc2a4468,archive,arc-7fc65572c304e872,38113,04c36387bc2a4468483138f4a34fe9b8d9832142428cf6276e6403be749f486e,2003,not-applicable,,
mus-3864518c4eabd7a0,archive,arc-7fc65572c304e872,20869,3864518c4eabd7a0c4fc5a224dd1d4f242739172d9fb71d93bd2485be899f6b4,2003,not-applicable,,
mus-93b4f0f3e63c6e2b,archive,arc-7fc65572c304e872,76659,93b4f0f3e63c6e2bf4d6769bb98b2ac7de38e73fcb7ac7785c62411414f2a8d3,2003,not-applicable,,
mus-e6096d5b117fb69a,archive,arc-7fc65572c304e872,30464,e6096d5b117fb69a7aa7cf46b87521932f1d4e0736377d84ded9a4abdb839c26,2003,not-applicable,,
mus-5a12781aadb52568,archive,arc-7fc65572c304e872,34035,5a12781aadb52568362052c76158a877e92c84e5e8a461c7d12be70c5e32516a,2003,not-applicable,,
mus-7000926675063dcf,archive,arc-7fc65572c304e872,61583,7000926675063dcf06048c4f0cf129b5d331224567f6147d7c899b22857154b4,2003,not-applicable,,
mus-ce16bc8481196d02,archive,arc-58144285233dcd0f,170263,ce16bc8481196d0234e26b367ce1ae7124bc8f39490baa866d4d54b6caaa5649,2000,not-applicable,,
mus-26d10d85e96a7bef,archive,arc-58144285233dcd0f,218072,26d10d85e96a7bef400a054e2951d900af9de799d53588e20d56e063a3b0d863,2000,not-applicable,,
mus-49097c9324f7be56,archive,arc-58144285233dcd0f,19919,49097c9324f7be5688d014d25cba84d2a810e3c21935d8d7a38407313d708120,97,not-applicable,,
mus-e4ea621e55ea652b,archive,arc-19448688da74fa3b,113188,e4ea621e55ea652b660b0a81ebfb59e0e3f583006515f4c4c41abdbef6c0c14c,2002,not-applicable,,
mus-ee810e07c05b6db8,archive,arc-19448688da74fa3b,246781,ee810e07c05b6db815a8bc171e13698cf6526ab7dfe6a4e330c00c7254e0114c,2002,not-applicable,,
mus-510659df19d08d03,archive,arc-19448688da74fa3b,123108,510659df19d08d03866913703eb8ce2a8425807357921028122e336867d6798f,2002,not-applicable,,
mus-d60177deef79224b,archive,arc-19448688da74fa3b,112124,d60177deef79224baeff77d58fb8e6ce61d23944b9159eef051b67565ef3d7b0,2002,not-applicable,,
mus-9a6fd95ec57849ff,archive,arc-19448688da74fa3b,115638,9a6fd95ec57849ff9e767e2d4af088cb0652733d81779a38f24ec6c86295d3be,2002,not-applicable,,
mus-0972b349f7d44a06,archive,arc-8cf957f1b2846d66,702478,0972b349f7d44a06672f54d337a58c350f79e7aa35c4c4445baa5c803cc7fa0a,2003,not-applicable,,
mus-862984bea2d9bb46,archive,arc-8cf957f1b2846d66,449073,862984bea2d9bb4629dadf5d61b97e8e481c374a1e3353389c2668644667246d,2003,not-applicable,,
mus-2ae2d2e9d592ffe6,archive,arc-8cf957f1b2846d66,284761,2ae2d2e9d592ffe6c9e6bd12e266eb0f6a7095055692f66025af7848ee7d822a,2003,not-applicable,,
mus-c272b9494f42e5b3,archive,arc-8cf957f1b2846d66,179236,c272b9494f42e5b34c4760ba2c857941c8f94c4828107b53967c6ec372943161,2003,not-applicable,,
mus-afaa3907aca2da18,archive,arc-8cf957f1b2846d66,800335,afaa3907aca2da18f01e5ebb6ac37ed0b21583386be5bf505171e552b7897cff,2003,not-applicable,,
mus-bf511e5e7738fa9e,archive,arc-8cf957f1b2846d66,251641,bf511e5e7738fa9e3f61db5a2cf4756e3ea2fc938b714274d62c0e64652a5ef2,2003,not-applicable,,
mus-3d59be2e9812470a,archive,arc-8cf957f1b2846d66,83615,3d59be2e9812470a9e303a050b3fcc70de616d0fdefbaa5ce71be7532a8fbde5,2003,not-applicable,,
mus-b970b65d3e380379,archive,arc-8cf957f1b2846d66,16457,b970b65d3e3803793c5d661626981360cadd0714f3819f4b4066287372203d48,2003,not-applicable,,
mus-d789e3cbba675255,archive,arc-8cf957f1b2846d66,40473,d789e3cbba675255826fefc22ccaf742f89711dac0f7ba9ddef6bfea0802800f,2003,not-applicable,,
mus-9a5245e39cb6613d,archive,arc-8cf957f1b2846d66,91316,9a5245e39cb6613dcefc8f3b6bdf069ddbeca7d4f20ba322eac96fcb10c3c385,2003,not-applicable,,
mus-356e5baec493ead8,archive,arc-8cf957f1b2846d66,56479,356e5baec493ead8edcd175149b2e7dd9bebe4d6ba8111857426f635d715c1bc,2002,not-applicable,,
mus-f15fcbff3d037122,archive,arc-8cf957f1b2846d66,9107,f15fcbff3d03712224f305f84fbd1b32e7dba5cd06f71354447a7d4839d0ed2f,2002,not-applicable,,
mus-ff15f9684de71c38,archive,arc-8cf957f1b2846d66,30190,ff15f9684de71c38a67ab7e4852c8e0f0ad41b6c1b35c3baa98eef7ef6a5a7db,2002,not-applicable,,
mus-79e64580983bc6de,archive,arc-8cf957f1b2846d66,34797,79e64580983bc6de5d0280cad085006261fadd8f9c60da1a0b8d6c382595c184,2003,not-applicable,,
mus-60b05cb3281c1b63,archive,arc-8cf957f1b2846d66,28605,60b05cb3281c1b632c296d5f4637b3bd060cc17e5eaa07e806526629263863cc,2002,not-applicable,,
mus-9811af8dc272a029,archive,arc-8cf957f1b2846d66,20251,9811af8dc272a029ac548805e2ae1b088546503f19da40694656fca847f3fd67,2002,not-applicable,,
mus-d1cb27e8439694ce,archive,arc-8cf957f1b2846d66,45114,d1cb27e8439694cedaf13e43fa688ec47fdaee46191e28cf3e3a149695439e22,2003,not-applicable,,
mus-c4863b3df15cd263,archive,arc-8cf957f1b2846d66,122643,c4863b3df15cd2638f52cb18088497c81afc6f1171d26973003cccaf8249e5ff,2003,not-applicable,,
mus-528c84c707489da1,archive,arc-8cf957f1b2846d66,115298,528c84c707489da1f501cfad485b5d8e5b24ce0d3c13682e6ee11a7cc6178899,2003,not-applicable,,
mus-24181c3c4a1bcf94,archive,arc-8cf957f1b2846d66,6562,24181c3c4a1bcf940d08bf35de8a83ebf83315a36b916b4e7c530a21127521f8,2002,not-applicable,,
mus-21c48088c89fe91e,archive,arc-8cf957f1b2846d66,135181,21c48088c89fe91e930ca0e4e7d22c150f36199c3d709797c73170487e611ca8,2002,not-applicable,,
mus-24f96d077601559c,archive,arc-1200f10031a69598,53429,24f96d077601559c16b2ee4fe9c39411d93ff111b270e16bff9c42673350600f,2005,not-applicable,,
mus-355a9cc4df8c3942,archive,arc-1200f10031a69598,53346,355a9cc4df8c39422cd588cf134ddef9b891753c0d08f9c6dd34e555d41f5217,2005,not-applicable,,
mus-81193a986e280de9,archive,arc-1200f10031a69598,52773,81193a986e280de93a3a0fd37837779e33a07a99aab16bf08cf759602aaa2296,2005,not-applicable,,
mus-446924ef06a6c8d6,archive,arc-1200f10031a69598,27132,446924ef06a6c8d6b4b1f8fd7409eb29a740c3651e95e640a74549cfaa3be7ed,2005,not-applicable,,
mus-1f0919f0cd96a3e7,archive,arc-1200f10031a69598,89000,1f0919f0cd96a3e7ff9fbf0d8c21efaf9f53846f73a9a93d734529d545aed5d9,2005,not-applicable,,
mus-910a8364e8a03134,archive,arc-1200f10031a69598,82795,910a8364e8a03134f91e707b59db904717efa9c62834c6a421fdbb578b86329c,2005,not-applicable,,
mus-a208cf15de9fea0e,archive,arc-91d878f935a1d9e1,345721,a208cf15de9fea0e7625cf9e4ad7add16be0444c93caf2a8bc1ee61ec6e62d1e,2005,not-applicable,,
mus-fa8cac6bdf264c2a,archive,arc-91d878f935a1d9e1,339714,fa8cac6bdf264c2af731cd003a9ceb7b56bd5dba41d45a40b1a0de0a613b58b4,2005,not-applicable,,
mus-e06c4692b8dc110e,archive,arc-91d878f935a1d9e1,344375,e06c4692b8dc110ec004daa7e0b248963dbcf1f20928fb716037f29d18c6868e,2005,not-applicable,,
mus-25cd50a3941d15aa,archive,arc-91d878f935a1d9e1,334665,25cd50a3941d15aa5e4ee66592f6128c579c1b52be830dbc8f4b9244e2819088,2005,not-applicable,,
mus-d7bcd10d1640b3ce,archive,arc-91d878f935a1d9e1,302769,d7bcd10d1640b3ce32944b828d18e3a0da0159c167d67fe42709a149793c5f01,2005,not-applicable,,
mus-82df3d7c90c89ba0,archive,arc-91d878f935a1d9e1,301760,82df3d7c90c89ba09033b206ac43244388cefd4a6276104758881de4b47062d0,2005,not-applicable,,
mus-099ae3fbc290e4c8,archive,arc-91d878f935a1d9e1,302339,099ae3fbc290e4c819f3492fa573715f613dc85e0239abfad7ef28485658cdab,2005,not-applicable,,
mus-ded56afb9087fb6a,archive,arc-91d878f935a1d9e1,329137,ded56afb9087fb6a381725df175d67db7fc4e204ba7c1854f1f836dfcefd5222,2005,not-applicable,,
mus-321e2864f3f8cfc2,archive,arc-91d878f935a1d9e1,306692,321e2864f3f8cfc22b51e811fa459e47d3c82e211755aeab2985b27cee019d92,2005,not-applicable,,
mus-e8be9a7b66058fd4,archive,arc-91d878f935a1d9e1,304404,e8be9a7b66058fd49d755484099c1958c3a23d1f48640d5bbf376556329aab1f,2005,not-applicable,,
mus-a1fe52a3699d1d71,archive,arc-91d878f935a1d9e1,300086,a1fe52a3699d1d714a5d6d5b1875c9de80826f59b36e23e0ee5c1fe75c45b7f1,2005,not-applicable,,
mus-a6eff6fe5a6ef7aa,archive,arc-91d878f935a1d9e1,307903,a6eff6fe5a6ef7aa067fadd9e356325bba1656a2e57a4ee8b43cb4077b2fb6e6,2005,not-applicable,,
mus-5c6174001c1d8622,archive,arc-91d878f935a1d9e1,326930,5c6174001c1d862279b6a892e7bd8c550600c56fb8aa63a2741a9f8903efcb8a,2005,not-applicable,,
mus-cd3d77a2e072a387,archive,arc-91d878f935a1d9e1,265607,cd3d77a2e072a387b0617e26a8d37d7de794626bdae433cc063e92de60414795,2005,not-applicable,,
mus-64b40acdcdff28b5,archive,arc-91d878f935a1d9e1,123079,64b40acdcdff28b5e46cf4fcdfd7794f95d99c2dd93b88639fbecd144d54b856,2005,not-applicable,,
mus-7d2d49bfe7804885,archive,arc-91d878f935a1d9e1,116892,7d2d49bfe7804885c0fdb4b685cd03b2aa79f5d4915120acd236c20e1ac394c8,2005,not-applicable,,
mus-84e8d5d304cd2a6e,archive,arc-91d878f935a1d9e1,55480,84e8d5d304cd2a6e937a6925134ea00a0297279a288ef155e620191311bf6196,2005,not-applicable,,
mus-8813fb64a1477fc6,archive,arc-91d878f935a1d9e1,245289,8813fb64a1477fc6ddb844fb8916fb61432b3640d17a3cd608128b38a0048ae8,2005,not-applicable,,
mus-aad332d873ff91c4,archive,arc-91d878f935a1d9e1,385428,aad332d873ff91c4a45d45383dee064af34b3d8f039889e3c1ceac1d3ab746dd,2005,not-applicable,,
mus-22c78393fc5867b8,archive,arc-91d878f935a1d9e1,312468,22c78393fc5867b854412a6d52f8e17c83e7cce4d52ced73a158c6237590ae7d,2005,not-applicable,,
mus-3d59be2e9812470a,archive,arc-91d878f935a1d9e1,83615,3d59be2e9812470a9e303a050b3fcc70de616d0fdefbaa5ce71be7532a8fbde5,2003,not-applicable,,
mus-b970b65d3e380379,archive,arc-91d878f935a1d9e1,16457,b970b65d3e3803793c5d661626981360cadd0714f3819f4b4066287372203d48,2003,not-applicable,,
mus-d789e3cbba675255,archive,arc-91d878f935a1d9e1,40473,d789e3cbba675255826fefc22ccaf742f89711dac0f7ba9ddef6bfea0802800f,2003,not-applicable,,
mus-9a5245e39cb6613d,archive,arc-91d878f935a1d9e1,91316,9a5245e39cb6613dcefc8f3b6bdf069ddbeca7d4f20ba322eac96fcb10c3c385,2003,not-applicable,,
mus-356e5baec493ead8,archive,arc-91d878f935a1d9e1,56479,356e5baec493ead8edcd175149b2e7dd9bebe4d6ba8111857426f635d715c1bc,2002,not-applicable,,
mus-f15fcbff3d037122,archive,arc-91d878f935a1d9e1,9107,f15fcbff3d03712224f305f84fbd1b32e7dba5cd06f71354447a7d4839d0ed2f,2002,not-applicable,,
mus-ff15f9684de71c38,archive,arc-91d878f935a1d9e1,30190,ff15f9684de71c38a67ab7e4852c8e0f0ad41b6c1b35c3baa98eef7ef6a5a7db,2002,not-applicable,,
mus-79e64580983bc6de,archive,arc-91d878f935a1d9e1,34797,79e64580983bc6de5d0280cad085006261fadd8f9c60da1a0b8d6c382595c184,2003,not-applicable,,
mus-60b05cb3281c1b63,archive,arc-91d878f935a1d9e1,28605,60b05cb3281c1b632c296d5f4637b3bd060cc17e5eaa07e806526629263863cc,2002,not-applicable,,
mus-9811af8dc272a029,archive,arc-91d878f935a1d9e1,20251,9811af8dc272a029ac548805e2ae1b088546503f19da40694656fca847f3fd67,2002,not-applicable,,
mus-d1cb27e8439694ce,archive,arc-91d878f935a1d9e1,45114,d1cb27e8439694cedaf13e43fa688ec47fdaee46191e28cf3e3a149695439e22,2003,not-applicable,,
mus-c4863b3df15cd263,archive,arc-91d878f935a1d9e1,122643,c4863b3df15cd2638f52cb18088497c81afc6f1171d26973003cccaf8249e5ff,2003,not-applicable,,
mus-528c84c707489da1,archive,arc-91d878f935a1d9e1,115298,528c84c707489da1f501cfad485b5d8e5b24ce0d3c13682e6ee11a7cc6178899,2003,not-applicable,,
mus-24181c3c4a1bcf94,archive,arc-91d878f935a1d9e1,6562,24181c3c4a1bcf940d08bf35de8a83ebf83315a36b916b4e7c530a21127521f8,2002,not-applicable,,
mus-db4685afd6a4cf55,archive,arc-91d878f935a1d9e1,386070,db4685afd6a4cf55b98ca113c5de6896a2e45969a35e5bb708d95ec5e16340d1,2005,not-applicable,,
mus-becda01a7202a15c,archive,arc-91d878f935a1d9e1,396677,becda01a7202a15c5fe1ae3a5e870370670186c3406bf8ba3a1acd6e029f205c,2005,not-applicable,,
mus-9fb980dd7f1b99e3,archive,arc-91d878f935a1d9e1,411501,9fb980dd7f1b99e38c551d16439e315fcda2706f16ee91747e965c5e5330b223,2005,not-applicable,,
mus-823d156796c620be,archive,arc-91d878f935a1d9e1,438054,823d156796c620be6ffd2d27a9bf2f3c0982db963cf0c8476ca2934e7d66f209,2005,not-applicable,,
mus-4e3bd97b04ef3f5d,archive,arc-91d878f935a1d9e1,503400,4e3bd97b04ef3f5debc14941d8675203e5507c7dc241e36ef54d5f72b85daab8,2005,not-applicable,,
mus-91f2d7ec2112ffef,archive,arc-91d878f935a1d9e1,10724,91f2d7ec2112ffefa21097ce071210cf94db5fa52e1b3dee0e382b14c05ba0d6,2005,not-applicable,,
mus-f16c09375a2f67c2,archive,arc-91d878f935a1d9e1,356965,f16c09375a2f67c211c0665a14a8e6bd0e3beec13a938c233a5ae384a7dc3983,2005,not-applicable,,
mus-cbf4c180f88bce93,archive,arc-91d878f935a1d9e1,352243,cbf4c180f88bce9329c1a7d0a0d1f8b1a80041d82b947043a60b8ec73fe3343d,2005,not-applicable,,
mus-bb7ca074f84bf724,archive,arc-91d878f935a1d9e1,312792,bb7ca074f84bf72424eb8f06f1638fe8d9670ad3410cafb0612b6daed3407cd2,2005,not-applicable,,
mus-79f3f6d08f51fdee,archive,arc-91d878f935a1d9e1,382891,79f3f6d08f51fdee798b5cb96089f613cd7eb200799f0add38dc019ff600d396,2005,not-applicable,,
mus-5feef729b43f0c82,archive,arc-91d878f935a1d9e1,376175,5feef729b43f0c82b2007ea0927feac8eb179fca5c871bf43cb216d364a0f8be,2005,not-applicable,,
mus-91c06bb05097edff,archive,arc-91d878f935a1d9e1,352316,91c06bb05097edffae6dbd00d95839e2d110139f326d3385dd7ec6e70e8dc0f6,2005,not-applicable,,
mus-f17e5ba4f5fa816e,archive,arc-91d878f935a1d9e1,341510,f17e5ba4f5fa816e3f1cdf27cc7759df02d5b67f673c5e2c0443ba794154a57d,2005,not-applicable,,
mus-eae76a2be8384b05,archive,arc-91d878f935a1d9e1,329137,eae76a2be8384b0555403342724e5410335422ed0a1cdd1d83b0b49a3f9b6119,2005,not-applicable,,
mus-a5c9354205e77343,archive,arc-91d878f935a1d9e1,383861,a5c9354205e77343961317b4131be33955428ec2697a7cbae46760fb233acfa3,2005,not-applicable,,
mus-910d0668e5e3e16a,archive,arc-91d878f935a1d9e1,372461,910d0668e5e3e16ace0e342ad857512b7ad5a5b3d9fd0f5350f1e556e129fd27,2005,not-applicable,,
mus-ebf34fe1a7092d32,archive,arc-91d878f935a1d9e1,376651,ebf34fe1a7092d32a38c5fc0524eed655dcc0d27fe047bb3e9fbc73343334f05,2005,not-applicable,,
mus-98039fbe26e4fd0f,archive,arc-91d878f935a1d9e1,362260,98039fbe26e4fd0ff186b6bead4fc6d3a110f3191f263560833d687f4db69001,2005,not-applicable,,
mus-6790a968c528236a,archive,arc-91d878f935a1d9e1,334345,6790a968c528236ab8b5b3240e8578a7466ac36e908c8bb14fd0c72b905d1a42,2005,not-applicable,,
mus-3655e6070f0a2175,archive,arc-91d878f935a1d9e1,344490,3655e6070f0a217589141e491c4af592e5f0153177616339a0318d2a0b2d1b0e,2005,not-applicable,,
mus-f88a7c4cd8d93e99,archive,arc-91d878f935a1d9e1,338750,f88a7c4cd8d93e997d194ca7311f106a523a3e3e362e1e1845e68620f39bdce9,2005,not-applicable,,
mus-c23c87485d137276,archive,arc-91d878f935a1d9e1,299890,c23c87485d1372765b2b09e3cea50f8d74680ce9c1f9e352abf787ee229ee435,2005,not-applicable,,
mus-cdfd003615b27aa2,archive,arc-91d878f935a1d9e1,299347,cdfd003615b27aa24becb92f510ace2a94da544510bdc1c02f9520e45b429f12,2005,not-applicable,,
mus-702962c5e611ed91,archive,arc-91d878f935a1d9e1,682502,702962c5e611ed91abc4056163ccce91214fea841aa05da9dd086c2ce640a16c,2005,not-applicable,,
mus-a90d0655743b596a,archive,arc-91d878f935a1d9e1,443748,a90d0655743b596a1944e357390976b4ae0aa0929d28b6302511404dd5ead406,2005,not-applicable,,
mus-d34141f26bb53af8,archive,arc-91d878f935a1d9e1,282318,d34141f26bb53af85f28e9cd31362a9a02119708749df876b6beb2a721da4667,2005,not-applicable,,
mus-bddc818eec268c60,archive,arc-91d878f935a1d9e1,179651,bddc818eec268c60f40af8b679c3d19072d2d8e7f5624827c80d8856cbd12d0e,2005,not-applicable,,
mus-76238dfdf16a17e6,archive,arc-91d878f935a1d9e1,791897,76238dfdf16a17e691907e0e24c66741dc7c10d20f187f82935a74a9ff506d66,2005,not-applicable,,
mus-0d7cc1f09b791541,archive,arc-bcbb7caab1aa92b9,376342,0d7cc1f09b7915419e27f3c8a5e41fa7b958e8635c60122ae88590df1b606d76,2005,not-applicable,,
mus-45658d3ec37fe0e0,archive,arc-bcbb7caab1aa92b9,364976,45658d3ec37fe0e06f11d4a2e78d3c8f6f5e8461bdbc27a1cf5b5671cd6d538e,2005,not-applicable,,
mus-2f0bc56800ad8f0c,archive,arc-bcbb7caab1aa92b9,370125,2f0bc56800ad8f0ce9ec132893b567cec2b51a6b1ec9690c8bc1f549560a60cb,2005,not-applicable,,
mus-d8ccbcebdeac5cce,archive,arc-bcbb7caab1aa92b9,357259,d8ccbcebdeac5ccec11d6d1785dee1771511d13b50881cef0e73ec4c80eccd9d,2005,not-applicable,,
mus-536933c850ecffdf,archive,arc-bcbb7caab1aa92b9,755496,536933c850ecffdff54f2f95737993de48bc3645bea6bc6db0a12c1ad494ca4e,2005,not-applicable,,
mus-dcbd1d007899cbd0,archive,arc-13c0ffcec10fd9b8,89526,dcbd1d007899cbd0e66d15acf6639ef359082ac76b3ce026d4c6e83744832697,2005,not-applicable,,
mus-eb2b6911eee20ec3,archive,arc-13c0ffcec10fd9b8,87709,eb2b6911eee20ec35c8ca0ad6f33795e5f4394d8a190342d75dc3459e6d9dc96,2005,not-applicable,,
mus-28d8db62299cd4cf,archive,arc-13c0ffcec10fd9b8,82459,28d8db62299cd4cf8dbcd724c07e99142cfea8673d913aff8375a090e11f7cd4,2005,not-applicable,,
mus-e8e65bdab22a7f5b,archive,arc-13c0ffcec10fd9b8,77691,e8e65bdab22a7f5b3bc82a7045021948e657b172cb841599494005e4dbe7ee78,2005,not-applicable,,
mus-bca63fb5b84852fd,archive,arc-13c0ffcec10fd9b8,695884,bca63fb5b84852fd0b98f696a4f48067ee31f3b66d8f2e6d00000f47f4ff9469,2005,not-applicable,,
mus-a70c9cbf7211f7d9,archive,arc-c248ab64c543bd83,27594,a70c9cbf7211f7d9aa785902326984acb8c18feefb43d8ea485401b02140f9b3,2007,not-applicable,,
mus-1c7e80f67dd4afeb,archive,arc-c248ab64c543bd83,49369,1c7e80f67dd4afeb98db792392ee4be655a6eadc647d3a8c0ab7692584013264,2007,not-applicable,,
mus-ee7a20a443acf3a0,archive,arc-8219615c0547ba63,235727,ee7a20a443acf3a04af62abfa83f7a3b61a6944780494d0c9d3576f18a029b23,2007,not-applicable,,
mus-ca084247736aa4bd,archive,arc-8219615c0547ba63,402663,ca084247736aa4bdc13da7e930ef83313f7caaf75f0add86f693424346ecdcd1,2007,not-applicable,,
mus-93c34bce7377e49e,archive,arc-4d030dfe0cb567b1,51477,93c34bce7377e49e3538052b34dd41cf04cffbbb49ca8c590b1dacd68cac9be3,2003,not-applicable,,
mus-4e787111db31b0ac,archive,arc-4d030dfe0cb567b1,61726,4e787111db31b0ac5e31d8d06232b0ff764d0dd96140d84df60fe4985fd56172,2003,not-applicable,,
mus-1e270c60c505fce3,archive,arc-4d030dfe0cb567b1,22775,1e270c60c505fce317bfe72e0bac14f44cfb9cdd6b09cb942e57812841a80c43,2003,not-applicable,,
mus-a3541aa81fd9ffb5,archive,arc-4d030dfe0cb567b1,50656,a3541aa81fd9ffb5cf42a5c90a0dcd5f607ebc64d2fa4ea04c9319e1bfb0ae8f,2003,not-applicable,,
mus-2f858334a03296ec,archive,arc-4d030dfe0cb567b1,38851,2f858334a03296ec287c3cdec12c994624213d62163f85447d93a9159966c337,2007,not-applicable,,
mus-b5e4b84f24b70818,archive,arc-4d030dfe0cb567b1,50654,b5e4b84f24b70818e99eb4f00729f42ae368c48711759dc390a67ff7cf461d37,2003,not-applicable,,
mus-019eebb62d26ab99,archive,arc-4d030dfe0cb567b1,29552,019eebb62d26ab9988a53b2ac3614a513769677ea57d29c8c30a822b199a82aa,2003,not-applicable,,
mus-5209b79f8f9dd4c0,archive,arc-4d030dfe0cb567b1,66483,5209b79f8f9dd4c01fccdc75fd08d65a798a551eaba1e4014e9852aec14a003c,2003,not-applicable,,
mus-49097c9324f7be56,archive,arc-4d030dfe0cb567b1,19919,49097c9324f7be5688d014d25cba84d2a810e3c21935d8d7a38407313d708120,97,not-applicable,,
mus-b3f48779d83ef8a4,archive,arc-b6b61d93ffa9e908,235056,b3f48779d83ef8a4ccf495402b2b6187e4b43678082eeca3f55b04a2b48d8306,2007,not-applicable,,
mus-13375dfc0b0c28df,archive,arc-b6b61d93ffa9e908,402475,13375dfc0b0c28dff459789b1b9267dc82b8f93f2e66d6ca8844221d55e9f0c8,2007,not-applicable,,
mus-7ae35d1e649c1d8a,archive,arc-15fb1962aed9844f,489929,7ae35d1e649c1d8a25171dbe6e76568f24c470d052d39d2a0f923918ca6b736d,2007,not-applicable,,
mus-b0cb347eb2ba9ada,archive,arc-55ba3def90779ad2,387626,b0cb347eb2ba9adae8821a6cc3b6332e4837bce0a684952d523bf2114ceaae53,2008,not-applicable,,
mus-22b34081fb9652c8,archive,arc-55ba3def90779ad2,2031121,22b34081fb9652c8dca52b75c86348887c4502045d15224b735c5abc9445ed84,2008,not-applicable,,
mus-2614af955af3913a,archive,arc-e6340d26e4dcdebc,24922,2614af955af3913a165e7dce4d5b5d3e0c87e508e57a96c55e7ceeebf916d24a,2006,not-applicable,,
mus-c4b4d1b223fe4f39,archive,arc-e6340d26e4dcdebc,55942,c4b4d1b223fe4f39bd0e07662d06e27f48a7146cec4b68f778e9736cdf6a1be0,2006,not-applicable,,
mus-8565d1cad82178ae,archive,arc-e6340d26e4dcdebc,39721,8565d1cad82178aef05f020c48ec10617221e259796aa855c019251d5c8baee3,2007,not-applicable,,
mus-1ac52420bbdbaef0,archive,arc-e6340d26e4dcdebc,55665,1ac52420bbdbaef0ef67733ffb7cbdc834c248d6a1dbf3a534c75dbcaa66ab5a,2006,not-applicable,,
mus-f88ef1643fc67b1d,archive,arc-e6340d26e4dcdebc,32656,f88ef1643fc67b1db856c5111ba2f23865b96ecb7651ecf6e81eb16e75eeaeac,2006,not-applicable,,
mus-28587b89830fbf77,archive,arc-e6340d26e4dcdebc,72517,28587b89830fbf77304b270715f154142cd7a00ce974dcb57e1aab58397386cb,2006,not-applicable,,
mus-9360f45760b64aff,archive,arc-bc831e92f27138d9,208916,9360f45760b64affd40292e5e0f1bd036850ab78fa335f73e07f309ed6e4d92c,2008,not-applicable,,
mus-9e231602f64aabf2,archive,arc-bc831e92f27138d9,174445,9e231602f64aabf2dfa593197082a50c3659d26d28db82a66e368b392a0281ce,2008,not-applicable,,
mus-8f2090180bddbd62,archive,arc-89d17ea629f6591d,235863,8f2090180bddbd62a4818fb634194c4682f7f99b84eea964d813960c0bb4ee7d,2007,not-applicable,,
mus-63924b8b12d5d3a0,archive,arc-89d17ea629f6591d,230502,63924b8b12d5d3a031f27052d5d67f541fffd7070cad14f40b12a2ebcfa08053,2007,not-applicable,,
mus-e699cfbf326eabe3,archive,arc-89d17ea629f6591d,234377,e699cfbf326eabe3efd7bf6c8161f6af659671d69bfa3c3fd37993d57e7661ab,2007,not-applicable,,
mus-c2c596805fa3eb12,archive,arc-89d17ea629f6591d,227103,c2c596805fa3eb12feceb2f17c3c3d3214d44b3cbbb316af6330bae5649af9e1,2007,not-applicable,,
mus-c8c90b29d0390ef5,archive,arc-89d17ea629f6591d,196631,c8c90b29d0390ef5fb4a6fb87d404aaaaa5a446949616ad9cebebb058112720e,2007,not-applicable,,
mus-dc644375ed25393e,archive,arc-89d17ea629f6591d,197102,dc644375ed25393e1bf960361dfc284e0c37be9c6d63ee9f85c2a9a6f214309d,2007,not-applicable,,
mus-5cd98c2c7ee956b6,archive,arc-89d17ea629f6591d,196925,5cd98c2c7ee956b647e52a28f9c212ce73c5b3e033baf1f84affba8aa93f8f22,2007,not-applicable,,
mus-b39e94dbaf7ef16b,archive,arc-89d17ea629f6591d,223306,b39e94dbaf7ef16b1a55b21153359d487c4e9585ea76878395a4d4befc517131,2007,not-applicable,,
mus-b53de6cc9ff4c7a8,archive,arc-89d17ea629f6591d,200874,b53de6cc9ff4c7a8ff6f42783f6ddf0429a07cbd29a8a55fae992a7339ae8944,2007,not-applicable,,
mus-f3eb80aa7fd524e4,archive,arc-89d17ea629f6591d,197737,f3eb80aa7fd524e4f2686a65ab39b11c6fa1abc4c79dd27912d2c3eadb2c096e,2007,not-applicable,,
mus-73399f29695f3428,archive,arc-89d17ea629f6591d,174204,73399f29695f342852e50a6a6dd24a9b153fdafac4b073e2d472d2615cbabb03,2007,not-applicable,,
mus-27c3f43cce5113f4,archive,arc-89d17ea629f6591d,202111,27c3f43cce5113f4f4a0bebd4e0dc121011a4b378e86a46dc391370335e2d439,2007,not-applicable,,
mus-3654eb847bca552f,archive,arc-89d17ea629f6591d,327579,3654eb847bca552f0560ef5150f47a4daf84721473a4e2056f9aa66ff7cdda71,2005,not-applicable,,
mus-55082b4167db84fd,archive,arc-89d17ea629f6591d,265614,55082b4167db84fd4ac83b2736a4f1bf8c1a83d7f1bdebb07de6e6813ee5a656,2005,not-applicable,,
mus-046c25382b23ea24,archive,arc-89d17ea629f6591d,121116,046c25382b23ea24c211ca8dbd2a69b9be7f59163ffcb22fa809c9854cd828bf,2005,not-applicable,,
mus-7d2d49bfe7804885,archive,arc-89d17ea629f6591d,116892,7d2d49bfe7804885c0fdb4b685cd03b2aa79f5d4915120acd236c20e1ac394c8,2005,not-applicable,,
mus-84e8d5d304cd2a6e,archive,arc-89d17ea629f6591d,55480,84e8d5d304cd2a6e937a6925134ea00a0297279a288ef155e620191311bf6196,2005,not-applicable,,
mus-68eb7f988204371b,archive,arc-89d17ea629f6591d,134487,68eb7f988204371ba9440c5721e4c1a090f1ab8d4357627c54e24957fe48a942,2007,not-applicable,,
mus-f49b206812609ba6,archive,arc-89d17ea629f6591d,230428,f49b206812609ba65b51e348d05903743db69f145afa5e354d3dd49bd1444579,2007,not-applicable,,
mus-44c87ae28dcf4dab,archive,arc-89d17ea629f6591d,180266,44c87ae28dcf4daba679d630ad0c59c823d18bcadc51fdd16b527b33c2b5047d,2007,not-applicable,,
mus-3d59be2e9812470a,archive,arc-89d17ea629f6591d,83615,3d59be2e9812470a9e303a050b3fcc70de616d0fdefbaa5ce71be7532a8fbde5,2003,not-applicable,,
mus-b970b65d3e380379,archive,arc-89d17ea629f6591d,16457,b970b65d3e3803793c5d661626981360cadd0714f3819f4b4066287372203d48,2003,not-applicable,,
mus-d789e3cbba675255,archive,arc-89d17ea629f6591d,40473,d789e3cbba675255826fefc22ccaf742f89711dac0f7ba9ddef6bfea0802800f,2003,not-applicable,,
mus-9a5245e39cb6613d,archive,arc-89d17ea629f6591d,91316,9a5245e39cb6613dcefc8f3b6bdf069ddbeca7d4f20ba322eac96fcb10c3c385,2003,not-applicable,,
mus-356e5baec493ead8,archive,arc-89d17ea629f6591d,56479,356e5baec493ead8edcd175149b2e7dd9bebe4d6ba8111857426f635d715c1bc,2002,not-applicable,,
mus-f15fcbff3d037122,archive,arc-89d17ea629f6591d,9107,f15fcbff3d03712224f305f84fbd1b32e7dba5cd06f71354447a7d4839d0ed2f,2002,not-applicable,,
mus-ff15f9684de71c38,archive,arc-89d17ea629f6591d,30190,ff15f9684de71c38a67ab7e4852c8e0f0ad41b6c1b35c3baa98eef7ef6a5a7db,2002,not-applicable,,
mus-79e64580983bc6de,archive,arc-89d17ea629f6591d,34797,79e64580983bc6de5d0280cad085006261fadd8f9c60da1a0b8d6c382595c184,2003,not-applicable,,
mus-60b05cb3281c1b63,archive,arc-89d17ea629f6591d,28605,60b05cb3281c1b632c296d5f4637b3bd060cc17e5eaa07e806526629263863cc,2002,not-applicable,,
mus-9811af8dc272a029,archive,arc-89d17ea629f6591d,20251,9811af8dc272a029ac548805e2ae1b088546503f19da40694656fca847f3fd67,2002,not-applicable,,
mus-d1cb27e8439694ce,archive,arc-89d17ea629f6591d,45114,d1cb27e8439694cedaf13e43fa688ec47fdaee46191e28cf3e3a149695439e22,2003,not-applicable,,
mus-c4863b3df15cd263,archive,arc-89d17ea629f6591d,122643,c4863b3df15cd2638f52cb18088497c81afc6f1171d26973003cccaf8249e5ff,2003,not-applicable,,
mus-528c84c707489da1,archive,arc-89d17ea629f6591d,115298,528c84c707489da1f501cfad485b5d8e5b24ce0d3c13682e6ee11a7cc6178899,2003,not-applicable,,
mus-24181c3c4a1bcf94,archive,arc-89d17ea629f6591d,6562,24181c3c4a1bcf940d08bf35de8a83ebf83315a36b916b4e7c530a21127521f8,2002,not-applicable,,
mus-0cb3e154aa13314c,archive,arc-89d17ea629f6591d,234328,0cb3e154aa13314c46352e81d673e5027e266d8786d34655c4bf7486d4345105,2007,not-applicable,,
mus-b65751f2cae8b677,archive,arc-89d17ea629f6591d,245796,b65751f2cae8b677d2bd934d29ae34e6a297a9e38dbe96c9be48c9378472dd7e,2007,not-applicable,,
mus-0ce3e529269a18b3,archive,arc-89d17ea629f6591d,253284,0ce3e529269a18b36b5b1294d1efe4a37b6e00e379346fccf043ec81b76e2a6b,2007,not-applicable,,
mus-0b06bf170dba2d50,archive,arc-89d17ea629f6591d,263782,0b06bf170dba2d50614c01ac595305da43e662a6f4239f4832610c666fe9b74f,2007,not-applicable,,
mus-a00c8de0889f0363,archive,arc-89d17ea629f6591d,316443,a00c8de0889f0363545c6de4b6d873aa48725017e109ee6561c9055e435e0753,2007,not-applicable,,
mus-1e8fdbb921605a2d,archive,arc-89d17ea629f6591d,215093,1e8fdbb921605a2dcd7b73d48b80e88e89b0da7e4f5b344635e6144966d7eec9,2007,not-applicable,,
mus-181ea0fb33910886,archive,arc-89d17ea629f6591d,211688,181ea0fb33910886327e85256ddd7f4643e8f1c5c5e78eb79d11da9c9df55cc6,2007,not-applicable,,
mus-dfd079e452314398,archive,arc-89d17ea629f6591d,182671,dfd079e452314398133fa1a3ae7304394691a9e5ca71efd39bfcb70a9a8867fa,2007,not-applicable,,
mus-3c8c933167392a9b,archive,arc-89d17ea629f6591d,231906,3c8c933167392a9b25a73547c24b39bb059c1bc6be83ad149f18e5fbd3144757,2007,not-applicable,,
mus-7883e55da8309eaf,archive,arc-89d17ea629f6591d,227019,7883e55da8309eaf9699823c9706013708db2b9e62f5c3267761785a6a75728a,2007,not-applicable,,
mus-77c6bb46e5c933e7,archive,arc-89d17ea629f6591d,208490,77c6bb46e5c933e7a0fe0489d85fbbad9efcac7561699cb2f4715d78463ee7fd,2007,not-applicable,,
mus-3689beb68b4efea9,archive,arc-89d17ea629f6591d,223971,3689beb68b4efea9424d90e4a2992648f4169f5707d6d9e18b1a910f46982552,2007,not-applicable,,
mus-dfca308c2285f4e2,archive,arc-89d17ea629f6591d,195217,dfca308c2285f4e2062aef3592beecd6a9154d9444f0470941b28aed74033938,2007,not-applicable,,
mus-c90e7069762bd458,archive,arc-89d17ea629f6591d,262375,c90e7069762bd458197e879a584e155e3f400325ea5b7f7e478ab8c8de14412c,2007,not-applicable,,
mus-5527eb240c307791,archive,arc-89d17ea629f6591d,253745,5527eb240c307791d50898eb65ec80874096003d8d85946a7b8eda41aafbee4f,2007,not-applicable,,
mus-a8edebc23da42d96,archive,arc-89d17ea629f6591d,255825,a8edebc23da42d963ada4654b44dd49a4994c575291535889272fabeea7a7a9f,2007,not-applicable,,
mus-77b21f51f769b209,archive,arc-89d17ea629f6591d,245688,77b21f51f769b20986e0302bc25f3e519c30bab0b0a837d7a03bca061153fae0,2007,not-applicable,,
mus-3db34ee7205e16f6,archive,arc-89d17ea629f6591d,198314,3db34ee7205e16f6c6bc268a21fd6b16bc08642e32adc8a7af65adcede6582a8,2007,not-applicable,,
mus-8382aeceec6b3963,archive,arc-89d17ea629f6591d,205354,8382aeceec6b3963aafcbf94aae4e575b79e854750b4f857f9aa8ec1f0de1544,2007,not-applicable,,
mus-eea2970110f8b55d,archive,arc-89d17ea629f6591d,199650,eea2970110f8b55d43b55f5a916f7d4b073d33b4a8aff210bad5b058f364102e,2007,not-applicable,,
mus-1d8952288603d304,archive,arc-89d17ea629f6591d,169542,1d8952288603d3046cddbee1420ca93c3d5579fa68f53453fd341f1af022289f,2007,not-applicable,,
mus-d314e7ff0593d46b,archive,arc-89d17ea629f6591d,170766,d314e7ff0593d46bae1bf098992a2f56ed15733c88cbaf36373d68fe27a58c16,2007,not-applicable,,
mus-36d26fef45bcc646,archive,arc-89d17ea629f6591d,710530,36d26fef45bcc6464840016656c1c079e267744f17937fd93c6d0e83baa15616,2005,not-applicable,,
mus-d8bf40ab63a3e131,archive,arc-89d17ea629f6591d,710770,d8bf40ab63a3e131b2ee2fd87611bb8ea082f94b5c68714da0dc46f9c946738e,2005,not-applicable,,
mus-9808b51dec619633,archive,arc-89d17ea629f6591d,466263,9808b51dec619633b1ff787fa1841bd13f938f109768d7e3459afaba20c6f7f5,2005,not-applicable,,
mus-c06924f6e1500719,archive,arc-89d17ea629f6591d,282667,c06924f6e150071997a7ac001df086e17ac754d015b6b588248de25c28be0133,2005,not-applicable,,
mus-d85a9a9472761cd1,archive,arc-89d17ea629f6591d,179657,d85a9a9472761cd1fcb880968127210fe2ef2e3adaa8957bad0b58eb31306f87,2005,not-applicable,,
mus-217bbe088aab6e15,archive,arc-89d17ea629f6591d,504511,217bbe088aab6e1515d904afdae04f15868c98e7341d1b52a7f2b53975e9c5f1,2007,not-applicable,,
mus-568afa2463f9594c,archive,arc-8f988a985c48b4fd,256670,568afa2463f9594cb0bf06546ac2e45ef3e3211a22a66716184e34ab36392ea8,2008,not-applicable,,
mus-e6023a5c9019a102,archive,arc-8f988a985c48b4fd,230872,e6023a5c9019a102d1c122dc6c1727afa45fe715538c0252c030c2fc281aa5da,2008,not-applicable,,
mus-236f3f536b798c3f,archive,arc-16151653bbb288a5,53592,236f3f536b798c3f84a451277a9dd038dd7eb632ca9bb03544b36350fda3782f,2007,not-applicable,,
mus-04bbf2ec7ac31a05,archive,arc-16151653bbb288a5,53639,04bbf2ec7ac31a05391a6df8eb7a22a3dff46957f7572103b87938bab460c8f3,2007,not-applicable,,
mus-ac41bcbc27c82545,archive,arc-16151653bbb288a5,52799,ac41bcbc27c82545b78c1a5454d265694c06435e97ef636e07120f2377518c8c,2007,not-applicable,,
mus-935b59511a822058,archive,arc-16151653bbb288a5,25314,935b59511a822058c585d7d1c30b6c6bda53eb3d0724c28a323dde71cfde1e59,2007,not-applicable,,
mus-5c58ddbcf8a257ef,archive,arc-16151653bbb288a5,78282,5c58ddbcf8a257ef87ee1c72d079271024a3ab759e0127cc5c8fb43b05b3e8ae,2007,not-applicable,,
mus-f36a6aa8f6c1cbd1,archive,arc-16151653bbb288a5,72461,f36a6aa8f6c1cbd1ea8a36cee94eb83a74fdd32dfb4eae9b1f9c5c8686385434,2007,not-applicable,,
mus-b3f48779d83ef8a4,archive,arc-c0c0865afae41ea4,235056,b3f48779d83ef8a4ccf495402b2b6187e4b43678082eeca3f55b04a2b48d8306,2007,not-applicable,,
mus-a3e37f756ebe47e4,archive,arc-c0c0865afae41ea4,402906,a3e37f756ebe47e4e1649ac113091c463bcc510620d509f42037b1eca54186bf,2007,not-applicable,,
mus-c0eb623f422cfe12,archive,arc-6a497eb5af52a9f4,109089,c0eb623f422cfe126e9d90f145f9661e2330fd4d32e9f02a82efa1dc666ce60f,2005,not-applicable,,
mus-c92e1fb050c9ada7,archive,arc-6a497eb5af52a9f4,107694,c92e1fb050c9ada736166ce27c9c1c41700854b1b0cd89ce95832e9906dcd4ef,2005,not-applicable,,
mus-2d752ca8affe108d,archive,arc-6a497eb5af52a9f4,230668,2d752ca8affe108deab2b830c11e7c1d6e4ed6b045c1841e0d3f8788f959c1d4,2005,not-applicable,,
mus-725bd99170b3c385,archive,arc-6a497eb5af52a9f4,110131,725bd99170b3c385756b82ee97d53e0f62187798a1b92c3053e83fba3fd780d1,2005,not-applicable,,
mus-896b85826ba0b898,archive,arc-a6cb7a56752eee5b,94521,896b85826ba0b898ba8ae7a9d3b36f77380e2b4ce9c4d7bba17f347fbc8d815f,2008,not-applicable,,
mus-9683194f210e91b9,archive,arc-a6cb7a56752eee5b,93398,9683194f210e91b9d6e4aaafc3d8414394fc4082ae4645ae44deb12c46c6e9b0,2008,not-applicable,,
mus-89ae3d01cb0e3cca,archive,arc-a6cb7a56752eee5b,185083,89ae3d01cb0e3ccacd2bd9554f06631140d76db2f057eb1def100da2513ef3e8,2008,not-applicable,,
mus-a4bba9cc05843b94,archive,arc-a6cb7a56752eee5b,94433,a4bba9cc05843b9481035ae05e3be5b8e4b731953fa85979a8518b02893d8351,2008,not-applicable,,
mus-397b70230ccb6d57,archive,arc-a4b627db91c4ad1e,242180,397b70230ccb6d57b554454f2380a419dbad2f801dea715ddf6395912a1a1d66,2005,not-applicable,,
mus-c187e9e2dd66da2f,archive,arc-a4b627db91c4ad1e,113790,c187e9e2dd66da2fb9ebc4b7fd0a5cf64828a54979d8e88249f902f290d7e8d1,2005,not-applicable,,
mus-c0eb623f422cfe12,archive,arc-f1f4e01e46c3a3d9,109089,c0eb623f422cfe126e9d90f145f9661e2330fd4d32e9f02a82efa1dc666ce60f,2005,not-applicable,,
mus-c92e1fb050c9ada7,archive,arc-f1f4e01e46c3a3d9,107694,c92e1fb050c9ada736166ce27c9c1c41700854b1b0cd89ce95832e9906dcd4ef,2005,not-applicable,,
mus-57bece109f923696,archive,arc-f1f4e01e46c3a3d9,230602,57bece109f92369650cee07bd6088cfeeecae620e9a932520ba66b78e12ca3a0,2005,not-applicable,,
mus-725bd99170b3c385,archive,arc-f1f4e01e46c3a3d9,110131,725bd99170b3c385756b82ee97d53e0f62187798a1b92c3053e83fba3fd780d1,2005,not-applicable,,
mus-2d7fca7329c83225,archive,arc-8537738599ffa855,443373,2d7fca7329c83225b471c860d723cc410e2f6e84274b0c98e10309a857a3cc01,97,not-applicable,,
mus-a40530068451e5c5,archive,arc-8537738599ffa855,967056,a40530068451e5c5c95fa5287f69d5699a09e8f7b694e09431136d1a12ec61a7,97,not-applicable,,
mus-a6806495c2153f0a,archive,arc-8537738599ffa855,327318,a6806495c2153f0a6d5a9cf96a6a92ecab8c52ddc6da5fb82a3952594438927f,97,not-applicable,,
mus-608efc95db68a6c8,archive,arc-8537738599ffa855,366530,608efc95db68a6c8c327ea1ca556cdcd7f8e43966d957d17b33d5257da646c67,97,not-applicable,,
mus-ee343375bf0b8822,archive,arc-8537738599ffa855,228570,ee343375bf0b8822b1db47397721c9e8ca3702f5128fb296ef84aa638a12408d,97,not-applicable,,
mus-bd15d39004913426,archive,arc-abe80a18bb32a51d,439125,bd15d39004913426058c1dd42fbb617784827d8b031754d39cb210141760c656,97,not-applicable,,
mus-c53ae89cc6e4e243,archive,arc-abe80a18bb32a51d,963689,c53ae89cc6e4e24328e5318bbab3af80bfddc8ea5b66e6b8140542c2b973fa8c,97,not-applicable,,
mus-b435ac54f11973eb,archive,arc-abe80a18bb32a51d,330544,b435ac54f11973eb84fbb3b9f84916522c818c572461ac8c97d9cbc09891dafc,97,not-applicable,,
mus-f4a56c6316c6c930,archive,arc-abe80a18bb32a51d,366696,f4a56c6316c6c9302e64b5b7daf016927c4afe646e17612489a8fd5b29296c8d,97,not-applicable,,
mus-d7a4502557e21324,archive,arc-abe80a18bb32a51d,228664,d7a4502557e21324ad26d8bea7f0217cec384cfd90475544af451637f7d4d6e7,97,not-applicable,,
mus-bd15d39004913426,archive,arc-ce0418f19cbfe825,439125,bd15d39004913426058c1dd42fbb617784827d8b031754d39cb210141760c656,97,not-applicable,,
mus-c53ae89cc6e4e243,archive,arc-ce0418f19cbfe825,963689,c53ae89cc6e4e24328e5318bbab3af80bfddc8ea5b66e6b8140542c2b973fa8c,97,not-applicable,,
mus-b435ac54f11973eb,archive,arc-ce0418f19cbfe825,330544,b435ac54f11973eb84fbb3b9f84916522c818c572461ac8c97d9cbc09891dafc,97,not-applicable,,
mus-f4a56c6316c6c930,archive,arc-ce0418f19cbfe825,366696,f4a56c6316c6c9302e64b5b7daf016927c4afe646e17612489a8fd5b29296c8d,97,not-applicable,,
mus-d7a4502557e21324,archive,arc-ce0418f19cbfe825,228664,d7a4502557e21324ad26d8bea7f0217cec384cfd90475544af451637f7d4d6e7,97,not-applicable,,
mus-5341dbb440d85a24,archive,arc-5f6bb4c34db54446,28595,5341dbb440d85a2419f00274398e96cb216bef40978edda8eef50e5b55ad1b4e,2.6,not-applicable,,
mus-4304b7c0ce14e099,archive,arc-5f6bb4c34db54446,38078,4304b7c0ce14e0994b24681e246d75e762e007c6580d7e21a9b4652bba496f2c,2.6,not-applicable,,
mus-59caf1b34ae0fdb4,archive,arc-5f6bb4c34db54446,53018,59caf1b34ae0fdb42c8b80e148a1fddd58db35219f36b0418674eb0657c5d3e1,2.6,not-applicable,,
mus-5341dbb440d85a24,archive,arc-2f02b58fd2783bd2,28595,5341dbb440d85a2419f00274398e96cb216bef40978edda8eef50e5b55ad1b4e,2.6,not-applicable,,
mus-4304b7c0ce14e099,archive,arc-2f02b58fd2783bd2,38078,4304b7c0ce14e0994b24681e246d75e762e007c6580d7e21a9b4652bba496f2c,2.6,not-applicable,,
mus-59caf1b34ae0fdb4,archive,arc-2f02b58fd2783bd2,53018,59caf1b34ae0fdb42c8b80e148a1fddd58db35219f36b0418674eb0657c5d3e1,2.6,not-applicable,,
mus-b54a9acf4e153717,archive,arc-985f89b7e51871fe,9264,b54a9acf4e1537177889f1e630ad359fc23bc56a24aecc040d288ef53fab01f4,2.0.1,not-applicable,,
mus-4fc571619932419f,archive,arc-1743ae0b636490dc,52331,4fc571619932419f83ab38485823916148a807c291d7569ecff3b5919c421851,2.6,not-applicable,,
mus-c2898ef71c618aa4,archive,arc-1743ae0b636490dc,120939,c2898ef71c618aa451f27f4b3df955541b13207611ee8e622527c3eb7ad46064,2.6,not-applicable,,
mus-32086c71c13e49f2,archive,arc-43a661d4865f5ce2,401325,32086c71c13e49f22372e9dcd01e86c23cd67e254f01e4fca5233e500908da20,97,not-applicable,,
mus-2bd0c7d49331d215,archive,arc-43a661d4865f5ce2,830632,2bd0c7d49331d215756250705e7e0c03cb93adf03711db34f37137758bc5cc31,97,not-applicable,,
mus-a7ccb4ee7ec64755,archive,arc-43a661d4865f5ce2,21470,a7ccb4ee7ec64755ea899459fa12c4733b035f34d51b1ad86c515f16cb8e2b86,97,not-applicable,,
mus-8b65dafba055fbe3,archive,arc-43a661d4865f5ce2,279690,8b65dafba055fbe358c90d6ceaceedcff599ba9bb15ef72de5cf0edc412df716,97,not-applicable,,
mus-d544b7c54e87b333,archive,arc-43a661d4865f5ce2,323522,d544b7c54e87b333f113e30b6fb66bd2413842061e94ec73fa5873957b8ab107,97,not-applicable,,
mus-f8e60daeb57b0dd6,archive,arc-43a661d4865f5ce2,212388,f8e60daeb57b0dd6d07b2da3b17682f966da34e0ae1e44dec9a1fc10f64272a6,97,not-applicable,,
mus-721c3ceefbe4dfc5,archive,arc-1b3b462bc7dc9f79,52331,721c3ceefbe4dfc58f376be07d32f886faaf84e0d8e178dae0658768da3605fe,2.6,not-applicable,,
mus-26a4b3fbc2bc36a1,archive,arc-ac78ccb801f8c377,87069,26a4b3fbc2bc36a188c04af66a61a97c42fbee91d7fa1ca9e17ff00749b39433,97,not-applicable,,
mus-b363e158cf8bffc0,archive,arc-1d861f2e9638d8c5,27544,b363e158cf8bffc05e9c71b896583eea843b5c4e90a3893169b08787a511db34,2.6,not-applicable,,
mus-2694cab2dfbadfe7,archive,arc-1d861f2e9638d8c5,37054,2694cab2dfbadfe7147d0b0c89c420889f7fda8df5f3e8651716bcfd91b2a9d0,2.6,not-applicable,,
mus-f25071169e164b0d,archive,arc-1d861f2e9638d8c5,53018,f25071169e164b0d5707071bc71139d526dff221ed5b183a6f0f858dfa583de4,2.6,not-applicable,,
mus-132992e5c88013e2,archive,arc-1b3b462bc7dc9f79,120939,132992e5c88013e298aef942c6922d7729c4cd8acbb4ee2748968c31aaffbdd3,2.6,not-applicable,,
mus-6b1a13acfacae6fb,archive,arc-1d861f2e9638d8c5,9918,6b1a13acfacae6fb7692b07b520d58d6f2f4812b7508a073ca7a3ba6d57822e2,2.6,not-applicable,,
mus-6b01e9501ba054b3,archive,arc-693b8929a5d32446,15400,6b01e9501ba054b3ddfcbb9751bda6f70e31d2de6e5ca68ec0f85c77dc48bf21,3.2,not-applicable,,
mus-6298a9bc4e8c1255,archive,arc-f57d39e146d480c0,362921,6298a9bc4e8c125585780e02e021ae907e71236571a7a64caf45c2ebe02bcfc7,2.6,not-applicable,,
mus-ae5cb6e6f7235688,archive,arc-f57d39e146d480c0,310697,ae5cb6e6f72356882364f11331fd952fd8379a09166b6d2fec27d7ff466f94ac,2.6,not-applicable,,
mus-bd0042f8e0354192,archive,arc-f57d39e146d480c0,706473,bd0042f8e0354192fed2048f74960107032554d357c6ed797854dc3c443556a7,2.6,not-applicable,,
mus-861b18ad06442d00,archive,arc-f57d39e146d480c0,312233,861b18ad06442d008b9b28cc4e7ba8a72d7e2dbe8fda7a2beba12cea3598f8ab,2.6,not-applicable,,
mus-0bec475a6cf4c223,archive,arc-f57d39e146d480c0,373673,0bec475a6cf4c2232bbcdec9154211d2f3ec5e854fe016d7f54b5e45dba53323,2.6,not-applicable,,
mus-14f0c3cebdf8d3b1,archive,arc-f57d39e146d480c0,375721,14f0c3cebdf8d3b1870ee6bf5f1c016d9da6ae75a41168561e03e1ebe7e1b916,2.6,not-applicable,,
mus-261e23d8bb9be494,archive,arc-f9b222159151b348,294096,261e23d8bb9be49440caa789fea2e257a5c8cf49b6eca67fe47ccc5386f1132a,97,not-applicable,,
mus-cbbd028489fb8804,archive,arc-f9b222159151b348,253276,cbbd028489fb8804ad25672b4b9695f15c9ab6021c98a2b425ec7eb22a069072,97,not-applicable,,
mus-6a0b474f3ee5a2eb,archive,arc-f9b222159151b348,253132,6a0b474f3ee5a2ebdc460e7d200102d6685d2e63c8be07713b2bd0d6496a1cda,97,not-applicable,,
mus-72cfcc27a7987a67,archive,arc-f9b222159151b348,828904,72cfcc27a7987a677177dd8741c28ba8f65870fcffb4aee998d1490c114fe660,97,not-applicable,,
mus-8fdf95da9f94f78c,archive,arc-f9b222159151b348,855505,8fdf95da9f94f78cda68fc9ab593b8bd75318259e0be775f4f82a4c0b5e99dee,2000,not-applicable,,
mus-ab1fe3d02ac65f1b,archive,arc-f9b222159151b348,48287,ab1fe3d02ac65f1bd50dce773fe4a5447a707d9dabf6fcaf0e157dbb80b6a5a4,97,not-applicable,,
mus-261e23d8bb9be494,archive,arc-f9d4e6a53f9a0686,294096,261e23d8bb9be49440caa789fea2e257a5c8cf49b6eca67fe47ccc5386f1132a,97,not-applicable,,
mus-b76a9b23fbdf291c,archive,arc-f9d4e6a53f9a0686,68899,b76a9b23fbdf291c76e151ec2b74b62b40abe50920075265d8ecbb54fb62688f,2003,not-applicable,,
mus-7bd01f608bce7504,archive,arc-f9d4e6a53f9a0686,68760,7bd01f608bce7504cf364cf91ece8022e5bd5db81e8ee2c78fcdbed196df61d7,2003,not-applicable,,
mus-8fdf95da9f94f78c,archive,arc-f9d4e6a53f9a0686,855505,8fdf95da9f94f78cda68fc9ab593b8bd75318259e0be775f4f82a4c0b5e99dee,2000,not-applicable,,
mus-a60f2e2c98f0fb41,archive,arc-f736912dc922468c,47635,a60f2e2c98f0fb41a046a6120ba097aee6ddcb6c7af4f3acd724402c4a8f2683,2007,not-applicable,,
mus-00fbd2181c21fe36,archive,arc-d1f7c72b8cc3eca8,96177,00fbd2181c21fe363ac780e6f293f2553429ce1f3e59ba6755e95525b8a489a3,2003,not-applicable,,
mus-4de1cf9e0d2f6cef,archive,arc-d1f7c72b8cc3eca8,250931,4de1cf9e0d2f6cefd4ae48945432d7cfa5089ae4f096581c503e1f1dedbdea73,2012,not-applicable,,
mus-264ad212f67a5c47,archive,arc-d1f7c72b8cc3eca8,232386,264ad212f67a5c476cdcb94e7eae7156d074f69e6d938494c050eb9c2d91807b,2012,not-applicable,,
mus-c8056717418a511d,archive,arc-d1f7c72b8cc3eca8,232397,c8056717418a511dfc9ad1d37c3112d276c8499783cfc788204fa8f497fcefff,2012,not-applicable,,
mus-913b3d93b8c52d63,archive,arc-d1f7c72b8cc3eca8,189725,913b3d93b8c52d63e9e864dc2baf30129dde1c0524694d3d1f438886924cfe8e,2012,not-applicable,,
mus-b3b2fd70bbc70e67,archive,arc-d1f7c72b8cc3eca8,223921,b3b2fd70bbc70e67c1e5b1021871fb6f73e46c1d0ef234c60760677962e0a39c,2012,not-applicable,,
mus-b8955c8bd129d1ad,archive,arc-d1f7c72b8cc3eca8,214295,b8955c8bd129d1ad8855a2822f94485295d6744cff9fe96adb97bb66a957e041,2012,not-applicable,,
mus-915d8cb954656308,archive,arc-d1f7c72b8cc3eca8,213825,915d8cb954656308f3598b8acada9817af36bb6fb6607abeeffed45439663c9a,2012,not-applicable,,
mus-ee5e04d9244867c6,archive,arc-d1f7c72b8cc3eca8,195164,ee5e04d9244867c65a6f0b91e76bcbdf2abef1848de3403028a9263ac0bf49f9,2012,not-applicable,,
mus-3e76a359448ae165,archive,arc-d1f7c72b8cc3eca8,220545,3e76a359448ae1653be74623519305ccb76aaf12ccd832e072ccb409e975d2a6,2012,not-applicable,,
mus-ee1382238443129b,archive,arc-d1f7c72b8cc3eca8,18360,ee1382238443129bf1cf40c3444e781751324db805955d97281f02d7308c745e,2007,not-applicable,,
mus-f90530f1969e6808,archive,arc-d1f7c72b8cc3eca8,79768,f90530f1969e68088264dff3c00258aa80eff4c7cd15913c1b80a55020808666,2012,not-applicable,,
mus-62404d5e08f1d88d,archive,arc-d1f7c72b8cc3eca8,79768,62404d5e08f1d88d9ebf73ceee93756d1e8d16fe9ba25b15ac3dfccd5e909c9d,2012,not-applicable,,
mus-33c5862d5d9dd769,archive,arc-d1f7c72b8cc3eca8,91695,33c5862d5d9dd7694604140d3a1f7dd9557e6957a8b3269fc6f85f1c944057ab,2012,not-applicable,,
mus-cbcd8683359ffc41,archive,arc-d1f7c72b8cc3eca8,91675,cbcd8683359ffc41b7356358edea7c9bd38be61eaf5dcc32f08dbc327ac93e16,2012,not-applicable,,
mus-f3e5d054dfa48f19,archive,arc-d1f7c72b8cc3eca8,41519,f3e5d054dfa48f19d6e17ecb5503a86fea75b130d094f6cd2e25008466715e8d,2012,not-applicable,,
mus-a5336510713638ed,archive,arc-d1f7c72b8cc3eca8,42095,a5336510713638edf9c9bd53cebe7eae4b70eef9b356d035c3e9dbb1e7e45132,2012,not-applicable,,
mus-43c11614815f485c,archive,arc-d1f7c72b8cc3eca8,31867,43c11614815f485c26e8f2eda67a26b51711d04bddc0f6720a1d992d8c332e39,2008,not-applicable,,
mus-7abf411f179b6a86,archive,arc-d1f7c72b8cc3eca8,105431,7abf411f179b6a8692a437a4d6088732a20a93592f7a42a2e4caae0c75a84dec,2008,not-applicable,,
mus-ba51fd18ff5186a2,archive,arc-d1f7c72b8cc3eca8,106257,ba51fd18ff5186a226aeea6b9235352c3c02d12c0b602beb3f86b09d5331b415,2008,not-applicable,,
mus-0abd84c1f0ce76db,archive,arc-d1f7c72b8cc3eca8,89589,0abd84c1f0ce76dbeef8098dc6d102c5810dd0a7a452d9365a84f553edb1fedb,2012,not-applicable,,
mus-f2f5f5a19da579f0,archive,arc-d1f7c72b8cc3eca8,89595,f2f5f5a19da579f0830dda70f328dacdd456a7d9bf9644cef7c61a4aa3814a25,2012,not-applicable,,
mus-add7b1cab2665809,archive,arc-d1f7c72b8cc3eca8,35422,add7b1cab26658095e068ba2f0e515964def06ceccd67568966010672f317a32,2007,not-applicable,,
mus-913952518c737d02,archive,arc-d1f7c72b8cc3eca8,690938,913952518c737d02ff8c6f8a0e48133d5390835faf7eb17fe54a9c22b3cbeb64,2005,not-applicable,,
mus-a00bc53554a1b75f,archive,arc-d1f7c72b8cc3eca8,880638,a00bc53554a1b75f93ec1fe00bc84461e63aa5e8766679db21a7272ae43866da,2005,not-applicable,,
mus-0f318713eba3368b,archive,arc-d1f7c72b8cc3eca8,46298,0f318713eba3368b81299805490be352d5c6521766a5dcc06b054119c0f8e731,2012,not-applicable,,
mus-0f318713eba3368b,archive,arc-d1f7c72b8cc3eca8,46298,0f318713eba3368b81299805490be352d5c6521766a5dcc06b054119c0f8e731,2012,not-applicable,,
mus-929f5526366187d1,archive,arc-d1f7c72b8cc3eca8,79696,929f5526366187d1d21044011a714bd1f8d0a00c27b42a3e066a15b30e2fb4bd,2007,not-applicable,,
mus-9feb7c0de9453761,archive,arc-d1f7c72b8cc3eca8,35283,9feb7c0de945376102288d548074e1d03543d26a0896e539defe1cff08cfc365,2008,not-applicable,,
mus-f39043d04440958d,archive,arc-d1f7c72b8cc3eca8,39252,f39043d04440958d6d80251122535c1b6a109e155d0bd05c7006b19d3e054e51,2007,not-applicable,,
mus-823929d9084ca5e9,archive,arc-d1f7c72b8cc3eca8,22724,823929d9084ca5e9cb0e31efda3de12dcd59e44f54c564626ec53d0e9438552e,2008,not-applicable,,
mus-0878aa759018bfee,archive,arc-d1f7c72b8cc3eca8,88564,0878aa759018bfeeca2034ac3da963b11e8f176c32a90cf77364475a0228b9ed,2005,not-applicable,,
mus-4c7c1216fd017055,archive,arc-d1f7c72b8cc3eca8,45638,4c7c1216fd017055436cc43b054d89da2e8cd355f3b8abecc9e7b20fde81e067,2012,not-applicable,,
mus-5fae5efe57799806,archive,arc-d1f7c72b8cc3eca8,48088,5fae5efe577998069a59b050c6840ef86d66524e6eda9b933c5aa299172d8c9d,2012,not-applicable,,
mus-906cc1e3e03c8ac1,archive,arc-d1f7c72b8cc3eca8,29556,906cc1e3e03c8ac19492c2ac01bc1c1a268cae3806a5f2bf7b0cfaf10459939b,2008,not-applicable,,
mus-c077be162381f441,archive,arc-d1f7c72b8cc3eca8,21318,c077be162381f441a8240d7bd6dea8637cb071cf6a670bcc54af8f499214e2df,2007,not-applicable,,
mus-5c2c3f9c5761e343,archive,arc-d1f7c72b8cc3eca8,78751,5c2c3f9c5761e343414bdd06379d9332e95fce15699657754373a60d3487d50c,2012,not-applicable,,
mus-5e485b8e314c17ff,archive,arc-d1f7c72b8cc3eca8,78747,5e485b8e314c17ff1735f57ccadb2441b6d29779f6387bbbe3269dddfc067e2b,2012,not-applicable,,
mus-68e7d1402c3e4898,archive,arc-d1f7c72b8cc3eca8,31183,68e7d1402c3e4898042048d207d049d713fa13758be3579b67cc72dcf6766e96,2008,not-applicable,,
mus-bd2bb1ec117837b6,archive,arc-d1f7c72b8cc3eca8,29184,bd2bb1ec117837b689614b45d8d9ce3ef1d3848f63d57707238a99d6430bf7a4,2012,not-applicable,,
mus-8eafedec57ecc2de,archive,arc-d1f7c72b8cc3eca8,29181,8eafedec57ecc2de10d742cea77e781a0e237f6b8cf7b13289c4b78f9380bedf,2012,not-applicable,,
mus-84761f30804afb36,archive,arc-d1f7c72b8cc3eca8,29186,84761f30804afb36be7fe4e24e47a31d8d9f729c1f392f0b3d46eb3cf6d49a4c,2012,not-applicable,,
mus-eef1f5db298286cc,archive,arc-d1f7c72b8cc3eca8,29175,eef1f5db298286cc0dd33dba04cc9dd93ac4cbcb01d30126284c8aa2f80ded54,2012,not-applicable,,
mus-3b2091b13416872d,archive,arc-d1f7c72b8cc3eca8,53268,3b2091b13416872ddc336b771f9caab9468a2724c3df384ef6e7c704c577ca58,2007,not-applicable,,
mus-4e84a2bb849c036e,archive,arc-d1f7c72b8cc3eca8,22502,4e84a2bb849c036e18daa20bd64734172c27c8fda2b98f630505758308e7b62d,2007,not-applicable,,
mus-f01e83eaf2c11bb5,archive,arc-d1f7c72b8cc3eca8,14339,f01e83eaf2c11bb548878ed72c4ecdd419eb51a1afc74d20b4a62c4cd3f9ab89,2008,not-applicable,,
mus-b6a33d5ab22def63,archive,arc-d1f7c72b8cc3eca8,41439,b6a33d5ab22def63fbe4dd58375940b5c3474954b4a32d41c84ed0b7da706df7,2012,not-applicable,,
mus-ee34739baba5caa2,archive,arc-d1f7c72b8cc3eca8,41534,ee34739baba5caa212bbf13ea99968fc76f1415b43efacc4001a4189700d26cf,2012,not-applicable,,
mus-79508807a85639d1,archive,arc-d1f7c72b8cc3eca8,39965,79508807a85639d101b378cc0d6eb7136520de5aec2dbc928f5ad9acb188c851,2012,not-applicable,,
mus-7fb96286c8331679,archive,arc-d1f7c72b8cc3eca8,41563,7fb96286c8331679c1c499382050b7715cba772f495699f4056d3242521e634d,2012,not-applicable,,
mus-26db3c4beb37306b,archive,arc-d1f7c72b8cc3eca8,41490,26db3c4beb37306bb74c21192e6ebb07c42aeebaefb622e83f686266070f0543,2012,not-applicable,,
mus-c7460e53cfd66420,archive,arc-d1f7c72b8cc3eca8,42237,c7460e53cfd66420247085ad398fc19069e477b3dfa98244b7102ec722b035a8,2012,not-applicable,,
mus-7179d469e2dbcd11,archive,arc-d1f7c72b8cc3eca8,42514,7179d469e2dbcd11f38babb1ed1ad8cd7986e66b3861e10457d4310fbbc4bd77,2012,not-applicable,,
mus-2492168388de9ce6,archive,arc-d1f7c72b8cc3eca8,466304,2492168388de9ce638b2e1d972b5bccefb7f54283490971154301e26b0a19de1,2005,not-applicable,,
mus-91ae592526902e40,archive,arc-d1f7c72b8cc3eca8,636738,91ae592526902e408439afc8cd8c3a3f5c6c8f2e001c63f99c28c390c23ecd8f,2005,not-applicable,,
mus-a21dee695278c6ad,archive,arc-d1f7c72b8cc3eca8,78128,a21dee695278c6ad4ae8c3526129abae30ee3c352093b04afce75d05818b9e21,2012,not-applicable,,
mus-2d2c2a7a5e3d20ac,archive,arc-d1f7c72b8cc3eca8,78127,2d2c2a7a5e3d20ac4d578994bf0b433a32505b47283d96289ddf9fffa270f060,2012,not-applicable,,
mus-9b30f6a49747424d,archive,arc-d1f7c72b8cc3eca8,57061,9b30f6a49747424d163114d9617e6e07884eaa0453279f00d6eeb489131080eb,2012,not-applicable,,
mus-d6d8b32b7b959167,archive,arc-d1f7c72b8cc3eca8,57061,d6d8b32b7b95916747c3448efcc82096070ad6f545f4a7e465499aefec81ff9b,2012,not-applicable,,
mus-b5769d35050efb40,archive,arc-d1f7c72b8cc3eca8,66750,b5769d35050efb404732a1a7281c9aea7c83df56f5c802bf0466ec1da70afa16,2012,not-applicable,,
mus-75effcc5307a27b7,archive,arc-d1f7c72b8cc3eca8,67404,75effcc5307a27b72fa2cf44d86fdd77cefe825ab401deee0bea26f4bdaaf2c0,2012,not-applicable,,
mus-cd95a11908bc4fff,archive,arc-d1f7c72b8cc3eca8,42133,cd95a11908bc4fff95b56cf1c2f5da384b0de9f6e4892984cd66b739eaf91077,2007,not-applicable,,
mus-f6036e33fb3f4fbd,archive,arc-d1f7c72b8cc3eca8,14537,f6036e33fb3f4fbd64e1ff6e9eb426692a953c09add4ba7003b839f6db09c46d,2008,not-applicable,,
mus-4b5528a89911db4f,archive,arc-d1f7c72b8cc3eca8,41315,4b5528a89911db4fdffeb09700b359a6d9511ddff6885fcf9328f325ea4e20ae,2012,not-applicable,,
mus-68c9c0cca3353a92,archive,arc-d1f7c72b8cc3eca8,41316,68c9c0cca3353a92ae05d128a64469df73d80654a6592bb8eb8f61fa56451692,2012,not-applicable,,
mus-a39a5b4e5826a1fd,archive,arc-d1f7c72b8cc3eca8,75894,a39a5b4e5826a1fd1978c7eb864135618c8e5087cadbf8c4ab798a7681d81a01,2012,not-applicable,,
mus-32528d53aeed76bb,archive,arc-d1f7c72b8cc3eca8,75902,32528d53aeed76bb6cc202bfa68a3c23146df6e831bcd2eb16a8d2632616d108,2012,not-applicable,,
mus-4961e3b9aa601fa9,archive,arc-d1f7c72b8cc3eca8,91594,4961e3b9aa601fa9c174e091ec75124e24b73b71376013d29e60aec8978d2686,2012,not-applicable,,
mus-d3683189c6234b82,archive,arc-d1f7c72b8cc3eca8,91614,d3683189c6234b829cbeb21efee0ef41dbd33dc4917e8f101e429cce8d45f8a8,2012,not-applicable,,
mus-a18168fecc7dc8c2,archive,arc-d1f7c72b8cc3eca8,81108,a18168fecc7dc8c238bef5f4c55905ec28d0c95a93db7fd797db935bfc0c80e9,2012,not-applicable,,
mus-04e6f54cab1cc08b,archive,arc-d1f7c72b8cc3eca8,81046,04e6f54cab1cc08b894d3c85128357976db3fb42b66744e89cbb90ae91555f9d,2012,not-applicable,,
mus-958d5a7491c52ea1,archive,arc-d1f7c72b8cc3eca8,21326,958d5a7491c52ea1845ae434931ab4771b6a7dfa63775bec0ff6a1ca388cc538,2007,not-applicable,,
mus-e70cb738cd73a3b1,archive,arc-d1f7c72b8cc3eca8,17896,e70cb738cd73a3b1ec0f13d83422719064989f8b406ec73689319fd3b8693050,2008,not-applicable,,
mus-604cb38a2d34e7a6,archive,arc-d1f7c72b8cc3eca8,35951,604cb38a2d34e7a6b457694222c3fba65edcb55a206e6a7189e3598da3622121,2008,not-applicable,,
mus-37f1d0eef433e872,archive,arc-d1f7c72b8cc3eca8,22478,37f1d0eef433e8728f29af9be7b3f3c18963ae17f60a34450890b0adad36e4eb,2007,not-applicable,,
mus-f98f2b536ec29b46,archive,arc-d1f7c72b8cc3eca8,282396,f98f2b536ec29b460891dc7728bcdd98b384efa73d3af6014c29541caf689835,2005,not-applicable,,
mus-acd16cb7ea3c2918,archive,arc-d1f7c72b8cc3eca8,358679,acd16cb7ea3c29187d4960135983ebc5050afacd8580a01f6477b0c8bc92a935,2005,not-applicable,,
mus-332cebd7fad14303,archive,arc-d1f7c72b8cc3eca8,15654,332cebd7fad143031eb084b387f6369455f139869ba3a070ad7669eabbf47ccc,2008,not-applicable,,
mus-360115fd6f0ada35,archive,arc-d1f7c72b8cc3eca8,40981,360115fd6f0ada3568354034bc763f6e339d5f304c54a6dde1774efb5be24edd,2012,not-applicable,,
mus-962876a156944439,archive,arc-d1f7c72b8cc3eca8,41459,962876a15694443956ba291d104054e3ef3edba989da9da44ef877d6165da68f,2012,not-applicable,,
mus-0017a0085e90cb28,archive,arc-d1f7c72b8cc3eca8,41459,0017a0085e90cb2897c67f4a67552311c2a2eaf7d3dd66c1192a26a1379d3403,2012,not-applicable,,
mus-ecf7cb8ca9856313,archive,arc-d1f7c72b8cc3eca8,41530,ecf7cb8ca9856313e610d0506574983d9a144f9a66956012092ba225cbaa8e01,2012,not-applicable,,
mus-7608050b0d223bf5,archive,arc-d1f7c72b8cc3eca8,41527,7608050b0d223bf5d982056ee6ec9b376dfd49e611feab0f2795ae2395dd3644,2012,not-applicable,,
mus-ea51fbab0829350f,archive,arc-d1f7c72b8cc3eca8,47481,ea51fbab0829350f16d1799d782fabc8d8cbc9f3f25235d045f97466d139461d,2012,not-applicable,,
mus-94604f2059ca0abe,archive,arc-d1f7c72b8cc3eca8,47478,94604f2059ca0abe05510aeee0036dffa3c0cce9e0c364c94d20b370a2c9707b,2012,not-applicable,,
mus-03a3d2e83fd00da7,archive,arc-d1f7c72b8cc3eca8,133437,03a3d2e83fd00da7d6e27094c59946f6f8dae7fe4109c03127b03b4bd5f21924,2007,not-applicable,,
mus-edf7a671da1f6cca,archive,arc-d1f7c72b8cc3eca8,19115,edf7a671da1f6cca7e149341e8bad1de0756634bff3778376ed5ffd330a5b311,2008,not-applicable,,
mus-a4357abb5afd500b,archive,arc-d1f7c72b8cc3eca8,21667,a4357abb5afd500b45f3eea5d83f025ff1608727a49bf469956e49d395aee016,2008,not-applicable,,
mus-fbc8b30c42004573,archive,arc-d1f7c72b8cc3eca8,17863,fbc8b30c420045736d03ea0940ae19e5f0c359ce3f77289c855d8fa59fc74dfe,2008,not-applicable,,
mus-50e52b9c19f89116,archive,arc-d1f7c72b8cc3eca8,93222,50e52b9c19f891160173dc652654884b2d9bb87c9e170b7b6f71bd15ce4d8297,2012,not-applicable,,
mus-9f57811bc33ef8d5,archive,arc-d1f7c72b8cc3eca8,93222,9f57811bc33ef8d5546a18f72f5d2801e901289f9a14d3b75870b1c9550497b9,2012,not-applicable,,
mus-d85a9a9472761cd1,archive,arc-d1f7c72b8cc3eca8,179657,d85a9a9472761cd1fcb880968127210fe2ef2e3adaa8957bad0b58eb31306f87,2005,not-applicable,,
mus-1e7f5cf217e98ed9,archive,arc-d1f7c72b8cc3eca8,287486,1e7f5cf217e98ed910cd3bdcf48bb49f0a8ed2da49c742922615fd367ccd5e5c,2005,not-applicable,,
mus-da2293ec3d35e0dd,archive,arc-d1f7c72b8cc3eca8,42407,da2293ec3d35e0dd96df027f5863d235648880633f7eea7b6aba42d4dec5372e,2007,not-applicable,,
mus-3dc21820f7dacf6e,archive,arc-d1f7c72b8cc3eca8,50331,3dc21820f7dacf6ea7d323f8f7134fa72d822049eb5c1693a5415f44c7f35fde,2012,not-applicable,,
mus-3dc21820f7dacf6e,archive,arc-d1f7c72b8cc3eca8,50331,3dc21820f7dacf6ea7d323f8f7134fa72d822049eb5c1693a5415f44c7f35fde,2012,not-applicable,,
mus-0f665c961fecafe4,archive,arc-d1f7c72b8cc3eca8,36906,0f665c961fecafe4e74d85f8023e71da90f82c84e0d88562c1102753b435c6a9,2007,not-applicable,,
mus-442212b8c4065bc9,archive,arc-d1f7c72b8cc3eca8,48555,442212b8c4065bc9d4327a5497057107c2777cabbda939d7cf3a1b2526e6a982,2012,not-applicable,,
mus-442212b8c4065bc9,archive,arc-d1f7c72b8cc3eca8,48555,442212b8c4065bc9d4327a5497057107c2777cabbda939d7cf3a1b2526e6a982,2012,not-applicable,,
mus-45acda09879a6058,archive,arc-d1f7c72b8cc3eca8,132049,45acda09879a605858709be93cea87e0d27bc40af976152d3a97f55bf19e5683,2007,not-applicable,,
mus-512ebe9bac578647,archive,arc-d1f7c72b8cc3eca8,493719,512ebe9bac57864794544ed819e728fd9de0ff3a9a707d0c226aa7fcf859973d,97,not-applicable,,
mus-c529c7bd2b077410,archive,arc-d1f7c72b8cc3eca8,16768,c529c7bd2b0774105542f84600cf20f44dd813f26ecea92edc596e36f0c6a19e,2008,not-applicable,,
mus-4d41a3a813e18b1b,archive,arc-d1f7c72b8cc3eca8,42491,4d41a3a813e18b1b4c71e5db4356c6d1e537e9058549cea7307c69ac91551657,2012,not-applicable,,
mus-e6092385ec70d505,archive,arc-d1f7c72b8cc3eca8,42248,e6092385ec70d5050f35b455c0091e382c262cebc8901898f952c7a18539a5bd,2012,not-applicable,,
mus-0d5f94f071eddbe1,archive,arc-d1f7c72b8cc3eca8,23231,0d5f94f071eddbe13206275a321ed43bbf619f8a2580496542c502a8b941e1c5,2007,not-applicable,,
mus-a739d99915097d62,archive,arc-d1f7c72b8cc3eca8,64303,a739d99915097d62a3a10471b33e7214bddbe37e31e6f841efcc6fe9cc38a6d6,2012,not-applicable,,
mus-70300f87c03a787a,archive,arc-d1f7c72b8cc3eca8,78086,70300f87c03a787a3a8b029a8da95efcb2626ca9acf6175e5e84d9524109ac6a,2012,not-applicable,,
mus-f8e9168faf8ea823,archive,arc-d1f7c72b8cc3eca8,78207,f8e9168faf8ea823a5369fe42f32ba3a1cec2f9eaafb43bdece641b62c3a299d,2012,not-applicable,,
mus-8d4a01d116156e04,archive,arc-d1f7c72b8cc3eca8,30562,8d4a01d116156e049077f8d68d9218282539e735a10ce5581cee6810266cffe9,2007,not-applicable,,
mus-ab73f7abb2e5c880,archive,arc-d1f7c72b8cc3eca8,176752,ab73f7abb2e5c8802a5c1855f7c3559653b8a13c7385e39a37ae5183b00e849a,2008,not-applicable,,
mus-a1ea42cf21ad70c4,archive,arc-d1f7c72b8cc3eca8,77457,a1ea42cf21ad70c421d35e41681e2e5734fa276ac53916c8ca3ee5de38f399e9,2012,not-applicable,,
mus-c909f9e78a0d0359,archive,arc-d1f7c72b8cc3eca8,77457,c909f9e78a0d0359e137fac1d794b096dee104bb1820a75efc5818435eb76222,2012,not-applicable,,
mus-040c12547c7188ac,archive,arc-d1f7c72b8cc3eca8,107419,040c12547c7188ac2f58a3cd986c8e8b67268cd9a14f5dc49ca3816b1482372d,2012,not-applicable,,
mus-9241854d353fb01c,archive,arc-d1f7c72b8cc3eca8,107702,9241854d353fb01cab8ff802e617de1381b39e89692d61258ff3108090433c5e,2012,not-applicable,,
mus-723f2a2070d11d06,archive,arc-d1f7c72b8cc3eca8,20182,723f2a2070d11d0688996f92a6ad53a351823df2b58c7c9cb1279fa84149f8c4,2008,not-applicable,,
mus-94604f2059ca0abe,archive,arc-d1f7c72b8cc3eca8,47478,94604f2059ca0abe05510aeee0036dffa3c0cce9e0c364c94d20b370a2c9707b,2012,not-applicable,,
mus-94604f2059ca0abe,archive,arc-d1f7c72b8cc3eca8,47478,94604f2059ca0abe05510aeee0036dffa3c0cce9e0c364c94d20b370a2c9707b,2012,not-applicable,,
mus-5d5dda7544f3ed5f,archive,arc-d1f7c72b8cc3eca8,41428,5d5dda7544f3ed5fb4b6bb6d50dfbed784fb4f0bf2eba0446967717dc8c1cda7,2012,not-applicable,,
mus-5d5dda7544f3ed5f,archive,arc-d1f7c72b8cc3eca8,41428,5d5dda7544f3ed5fb4b6bb6d50dfbed784fb4f0bf2eba0446967717dc8c1cda7,2012,not-applicable,,
mus-318eec5c1298d971,archive,arc-d1f7c72b8cc3eca8,562912,318eec5c1298d971a4403892c003f8449ca4915ff49f3f39606c7fdcf856af30,2007,not-applicable,,
mus-0a4d561ab79b3ea6,archive,arc-d1f7c72b8cc3eca8,1064483,0a4d561ab79b3ea623254990fd4db5ad63e08a93d595542851116dce0eacdd8d,2005,not-applicable,,
mus-9270da724511638e,archive,arc-d1f7c72b8cc3eca8,23306,9270da724511638ef4bfd5beb8a77b98457ca33928d2ae2a8c141298e8f66f63,2007,not-applicable,,
mus-e0fab0ce7a7001f2,archive,arc-d1f7c72b8cc3eca8,12991,e0fab0ce7a7001f2f82bf57dffc09e121d36c8ce6b4b1e42833d544af671e415,2008,not-applicable,,
mus-2b6fdc7fdecbf3d4,archive,arc-d1f7c72b8cc3eca8,30538,2b6fdc7fdecbf3d45ae9b553f1e9a1533cc73a7c33d52463c935b4e8ab966828,2007,not-applicable,,
mus-5ba9de0a238cfb07,archive,arc-d1f7c72b8cc3eca8,61290,5ba9de0a238cfb07bdb94cf1fb3d85df370e85579675960dc738c7e2abc5eca2,2012,not-applicable,,
mus-0260f026eea7ddc0,archive,arc-d1f7c72b8cc3eca8,61293,0260f026eea7ddc0f454069808ebf5990b81b7d754dd41ad0d8677dff15f4318,2012,not-applicable,,
mus-9dfcf2033b1511c4,archive,arc-d1f7c72b8cc3eca8,125836,9dfcf2033b1511c42848db528349c8749a61f283dd36f650f466298cee0a1345,2012,not-applicable,,
mus-9dfcf2033b1511c4,archive,arc-d1f7c72b8cc3eca8,125836,9dfcf2033b1511c42848db528349c8749a61f283dd36f650f466298cee0a1345,2012,not-applicable,,
mus-d9d647353f5fbd7e,archive,arc-d1f7c72b8cc3eca8,178690,d9d647353f5fbd7ec55c56a22f8fc7828e635fe53a3fd11bfd63506314e29836,2012,not-applicable,,
mus-8835201c9fb949b4,archive,arc-d1f7c72b8cc3eca8,178813,8835201c9fb949b41ef13ed000b22f3bf3d867094a9ce1afc7e46f9031f1d695,2012,not-applicable,,
mus-2ce4bf40430380c8,archive,arc-d1f7c72b8cc3eca8,15939,2ce4bf40430380c8aea987cbdd7e94bec141bdd67e00de31e5b54aad1128c8ab,2007,not-applicable,,
mus-0d3bc2a319d6ede7,archive,arc-d1f7c72b8cc3eca8,14538,0d3bc2a319d6ede70199d56e986ac449e8f8c6909713eb614e0bdfed7035c22e,2008,not-applicable,,
mus-f95c485bd1020f57,archive,arc-d1f7c72b8cc3eca8,113868,f95c485bd1020f5745d513c7bea916e01ac3b63dff6d7146bbc8fe339eae6ba8,2012,not-applicable,,
mus-f95c485bd1020f57,archive,arc-d1f7c72b8cc3eca8,113868,f95c485bd1020f5745d513c7bea916e01ac3b63dff6d7146bbc8fe339eae6ba8,2012,not-applicable,,
mus-54651e9a7fa3129a,archive,arc-d1f7c72b8cc3eca8,43915,54651e9a7fa3129a1901267e51a20506977fca64394adfc0ffc49cc00d544e6b,2012,not-applicable,,
mus-54651e9a7fa3129a,archive,arc-d1f7c72b8cc3eca8,43915,54651e9a7fa3129a1901267e51a20506977fca64394adfc0ffc49cc00d544e6b,2012,not-applicable,,
mus-317666b221bfad06,archive,arc-d1f7c72b8cc3eca8,46376,317666b221bfad0614e897f1c79a1f4c076f5487344ba19a546b5646254cf248,2012,not-applicable,,
mus-2e5bed4f00bbb426,archive,arc-d1f7c72b8cc3eca8,45897,2e5bed4f00bbb4268fee34d90ac876affe4d8e4cc6da1905dd093c28ff5fc833,2012,not-applicable,,
mus-93e8c6e05ebb39ac,archive,arc-d1f7c72b8cc3eca8,43524,93e8c6e05ebb39acb966de5e4a9045f57b148cc41ce7da4bd6f1b5016870a652,2012,not-applicable,,
mus-d92a0ec429dc4f19,archive,arc-d1f7c72b8cc3eca8,43524,d92a0ec429dc4f19f60a3952734fa979c6c49096e8f5bc05bd68e0d11b80bac8,2012,not-applicable,,
mus-d58f03c1c13a44b3,archive,arc-d1f7c72b8cc3eca8,42087,d58f03c1c13a44b3ae45417f34f2183bcf69b72b7fc673f5ef25af0f3a01ef77,2012,not-applicable,,
mus-412aef94030c1c9e,archive,arc-d1f7c72b8cc3eca8,42880,412aef94030c1c9e18dc022166cff082c3a33dec16988a541a4d683d31c38a56,2012,not-applicable,,
mus-e19f969ff17af993,archive,arc-d1f7c72b8cc3eca8,57352,e19f969ff17af9936fbcf15892ee76ab12c1de2857bd0eab00ccee175f5848d8,2012,not-applicable,,
mus-5d664aa096d1692b,archive,arc-d1f7c72b8cc3eca8,57352,5d664aa096d1692bd6d342ee8bf5b5a6c41b4d8386c6701e5cff1054a2e015b8,2012,not-applicable,,
mus-899076d7afab1d13,archive,arc-d1f7c72b8cc3eca8,12967,899076d7afab1d132b10b24a86b3baa94808937a742906bc0f2a7273fc9073ce,2008,not-applicable,,
mus-ec285f607f368af6,archive,arc-d1f7c72b8cc3eca8,55874,ec285f607f368af6469f41a750542d4b3683e3330558126aba76083f0b9e6f7c,2007,not-applicable,,
mus-68087f16404d4ce1,archive,arc-d1f7c72b8cc3eca8,16072,68087f16404d4ce1f78e5090a081329124f65173757c806553684f53b366c444,2007,not-applicable,,
mus-26fa206cb6a14ba6,archive,arc-d1f7c72b8cc3eca8,14746,26fa206cb6a14ba679e18b0232e9c809bb5f237fc95775e68a899a557ec4f947,2008,not-applicable,,
mus-ff4fad388a021036,archive,arc-d1f7c72b8cc3eca8,17092,ff4fad388a02103600ab597d971e1d86ef6f99ec9b51e0cb860038c30af7b7e4,2007,not-applicable,,
mus-21082fb83bee4bc6,archive,arc-d1f7c72b8cc3eca8,12901,21082fb83bee4bc6c09f9b2a3f099acdd3b9eb5fa133efce4d4d0eb787b30604,2008,not-applicable,,
mus-868ab87331129985,archive,arc-d1f7c72b8cc3eca8,45346,868ab87331129985396618110a500fa4d614b6ee05593ce9d2f47ee5daabeb90,2012,not-applicable,,
mus-45e779fd3d648114,archive,arc-d1f7c72b8cc3eca8,45288,45e779fd3d648114d58ec338aa84db84d7c327a6a14d0f136e5ed79b80b1d28f,2012,not-applicable,,
mus-696b4fa6dc2ce8dd,archive,arc-d1f7c72b8cc3eca8,41196,696b4fa6dc2ce8dd474be7e4d239df87acbe4837b717e5c0491a7a6480117cf4,2012,not-applicable,,
mus-9260882fde1625d4,archive,arc-d1f7c72b8cc3eca8,42111,9260882fde1625d482709c18682516fb53a2b3ecda21b77dc1cbb0613cc1325e,2012,not-applicable,,
mus-88154ff49ed0e696,archive,arc-d1f7c72b8cc3eca8,75389,88154ff49ed0e696fb34822293391eaf3dbcb862a94bc5e2207ee3e30b24f217,2012,not-applicable,,
mus-d1f9745477958888,archive,arc-d1f7c72b8cc3eca8,75389,d1f9745477958888dfbcd6591c0bb6fb3ec0113f2601e0a2a7b2d5be70e9e425,2012,not-applicable,,
mus-3758ef970d57ddc3,archive,arc-d1f7c72b8cc3eca8,15007,3758ef970d57ddc34c4f1d29e254433f5f49793a824153f7c6d54ac064e1b674,2007,not-applicable,,
mus-9cf7c96d8d405de2,archive,arc-d1f7c72b8cc3eca8,41402,9cf7c96d8d405de2ad851fb11d6cc021e6c2faa4c86f4d07516d674eff088460,2008,not-applicable,,
mus-3c65e3c1f4d76bc3,archive,arc-d1f7c72b8cc3eca8,42082,3c65e3c1f4d76bc38c56924b8f0007dbd38112fba7e7f92eb5fb0f2f193fb1ed,2008,not-applicable,,
mus-33a2252259cb9b43,archive,arc-d1f7c72b8cc3eca8,45388,33a2252259cb9b43f6ea8c82d67193036dbb5c94c7e004d99d7ae29ea84f1dbc,2012,not-applicable,,
mus-33a2252259cb9b43,archive,arc-d1f7c72b8cc3eca8,45388,33a2252259cb9b43f6ea8c82d67193036dbb5c94c7e004d99d7ae29ea84f1dbc,2012,not-applicable,,
mus-acbd583517f2f4ea,archive,arc-d1f7c72b8cc3eca8,26142,acbd583517f2f4ea8fe970ca3b85817c962b4f8dc5334b30d0e2d1ca6cc0d9ed,2005,not-applicable,,
mus-33a2252259cb9b43,archive,arc-d1f7c72b8cc3eca8,45388,33a2252259cb9b43f6ea8c82d67193036dbb5c94c7e004d99d7ae29ea84f1dbc,2012,not-applicable,,
mus-25b7bf1fe8016344,archive,arc-d1f7c72b8cc3eca8,45314,25b7bf1fe801634455be9ba4879bc8ece7a3c29e11e930df4fc95f8f6ad57445,2012,not-applicable,,
mus-ecebf2934e7ad307,archive,arc-d1f7c72b8cc3eca8,48688,ecebf2934e7ad307ecb70654801f70710acd7a7ac3aabd79110bf87f5b445f95,2012,not-applicable,,
mus-5b0b49804208656b,archive,arc-d1f7c72b8cc3eca8,48689,5b0b49804208656b6d25978af818e3060e14fc6e26efa9d097c8ab0be5a841d2,2012,not-applicable,,
mus-01a444a9a9b81c08,archive,arc-d1f7c72b8cc3eca8,48333,01a444a9a9b81c08eab9842a7dfb9e91779d5600d47b3618f0d3b1155a017e29,2012,not-applicable,,
mus-cc311f7c76ecfdb2,archive,arc-d1f7c72b8cc3eca8,48354,cc311f7c76ecfdb214e8e0cf78bf1749f38d8fff22a8533844be9ab6955fee87,2012,not-applicable,,
mus-5dc5af459a598436,archive,arc-d1f7c72b8cc3eca8,48477,5dc5af459a59843674e68d5a85392338431148bcf53382c08e093ee607ec9086,2012,not-applicable,,
mus-2506bfbea30069c1,archive,arc-d1f7c72b8cc3eca8,48319,2506bfbea30069c17681ac5845d78290de4cdd39730a0ef86dd2074a352f7d48,2012,not-applicable,,
mus-2b4824d56ca6d4eb,archive,arc-d1f7c72b8cc3eca8,48473,2b4824d56ca6d4eb0d80f800768cc75c802b40ff0603d4226c800f1835743fa9,2012,not-applicable,,
mus-f0777e111a5ea471,archive,arc-d1f7c72b8cc3eca8,172466,f0777e111a5ea471e7d17f554145c212ce259925030b53810ecd7f578b09494a,2007,not-applicable,,
mus-fddbaed36908823a,archive,arc-d1f7c72b8cc3eca8,191831,fddbaed36908823a196b2aebe188de26190b428da143ca7551836ce6150d0667,2007,not-applicable,,
mus-f231a694f653028f,archive,arc-d1f7c72b8cc3eca8,229487,f231a694f653028f18c301f348d4a56389a092c3a5624e6148bde2d06a53837f,2007,not-applicable,,
mus-cc7c4e5b5c5c55f0,archive,arc-d1f7c72b8cc3eca8,41785,cc7c4e5b5c5c55f0279dc2f11545b6dfb61c4faac32d50e7862e41924ce09d0a,2012,not-applicable,,
mus-78784b74a07dc738,archive,arc-d1f7c72b8cc3eca8,41337,78784b74a07dc738d50c08703d86e512e613925962f1e166068f9ef54a4d8c86,2012,not-applicable,,
mus-ef0c30c4c074dbab,archive,arc-d1f7c72b8cc3eca8,51841,ef0c30c4c074dbabe60af153b5a7832426ea9cf9f9a0f2b6d3d5c54b6120512c,2012,not-applicable,,
mus-59d2896791c317c4,archive,arc-d1f7c72b8cc3eca8,51687,59d2896791c317c4903a747d4a3250962ba54a54f2b5250e4a682aec386ed3f7,2012,not-applicable,,
mus-37844fbb52c39ed6,archive,arc-d1f7c72b8cc3eca8,10724,37844fbb52c39ed645231c678e1af627547c050ef2fc13784b8febadd0fb2198,2005,not-applicable,,
mus-dd1e34438b93fd7b,archive,arc-d1f7c72b8cc3eca8,57524,dd1e34438b93fd7b6f363e101642a01951e746ecad48176e77b864404d00619d,2007,not-applicable,,
mus-3133bceb887cee07,archive,arc-d1f7c72b8cc3eca8,7889,3133bceb887cee0700b0eb154fc83712ce12aa798e805b74abde9b6f02371153,2005,not-applicable,,
mus-988df6c459ad1506,archive,arc-d1f7c72b8cc3eca8,384844,988df6c459ad15067ba6831aa241463b4b42a89ea71258859f26ccef559173ae,2005,not-applicable,,
mus-da98a926a3f74e62,archive,arc-d1f7c72b8cc3eca8,40671,da98a926a3f74e621dadcc098956fc171a22cbc31915d375e21021c5cded3540,2012,not-applicable,,
mus-70c10d9138c70ece,archive,arc-d1f7c72b8cc3eca8,40676,70c10d9138c70eced1c1603363e649fee30c4bb4c93051a1f4657da08e9282b9,2012,not-applicable,,
mus-7024b31d5f60e8ce,archive,arc-d1f7c72b8cc3eca8,55605,7024b31d5f60e8ce5ba57cf31994e515c349304e535c80fe5694caf56822916f,2007,not-applicable,,
mus-82aae7baaccd73fa,archive,arc-d1f7c72b8cc3eca8,314244,82aae7baaccd73faf201241972ac381d3980779a71d0caf17fa0f0d7212cc44a,2000,not-applicable,,
mus-371324f8f697b285,archive,arc-d1f7c72b8cc3eca8,274573,371324f8f697b28588fd67d844e7c97013b3b94ca7cdcea228f61d3653e86245,2000,not-applicable,,
mus-a17ae4c06824bb43,archive,arc-d1f7c72b8cc3eca8,241727,a17ae4c06824bb43d38b82f2dea2063764323c5fd92acc139879d428bc4f7018,2007,not-applicable,,
mus-2424dc108ca9d7ac,archive,arc-d1f7c72b8cc3eca8,223604,2424dc108ca9d7ac5ac3e7fd90324ef3527df801287b1326313b7df558a2e320,2000,not-applicable,,
mus-038da80eed8484a9,archive,arc-d1f7c72b8cc3eca8,238263,038da80eed8484a97a4a74943fd193cc797dee55ba2357ddac4e3ada6f288ea5,2007,not-applicable,,
mus-d33fc17693aebe32,archive,arc-d1f7c72b8cc3eca8,204312,d33fc17693aebe32ad83c5430a262073a6c9909b1a69102c40e8974603b7dff8,2000,not-applicable,,
mus-71c81a1d3db777ad,archive,arc-d1f7c72b8cc3eca8,210494,71c81a1d3db777ad93ce50324d3d2d33b44c86ba1a90b63564d39a7d81817733,2005,not-applicable,,
mus-9a8ef1a9180fd86c,archive,arc-d1f7c72b8cc3eca8,205138,9a8ef1a9180fd86c6770f3d9c7fb6f283a977a7b67201ec024730810c17c2f45,2007,not-applicable,,
mus-d81c4a7bc607c73c,archive,arc-d1f7c72b8cc3eca8,13062,d81c4a7bc607c73cb8d261841750e32ef122395481a18cf5a174b7428bbc6c4b,2008,not-applicable,,
mus-e58b25af303ad153,archive,arc-d1f7c72b8cc3eca8,21623,e58b25af303ad15329b1f9a1ebfcc32dc642eb1a41379ef5b3ebccaf3ac2d600,2008,not-applicable,,
mus-38669fbe07f7ff3d,archive,arc-d1f7c72b8cc3eca8,7018,38669fbe07f7ff3d43a3df23fb252821206fd579e90f1201e7a6e69d7a3c7467,2003,not-applicable,,
mus-84c282900a674728,archive,arc-d1f7c72b8cc3eca8,22811,84c282900a6747289b2f5db88db9a85ef58a814fe3fa183263367b882ebff50b,2000,not-applicable,,
mus-0a0d11c712ba5179,archive,arc-d1f7c72b8cc3eca8,22001,0a0d11c712ba5179b251cd4b7db3ddbb2b12b4f20e3dfa153bf712b78be9414c,2000,not-applicable,,
mus-903f7f5ea5f6f2f9,archive,arc-d1f7c72b8cc3eca8,21051,903f7f5ea5f6f2f933775922a185af607b3fe5faf139cb4331592fc19c95b8b2,2000,not-applicable,,
mus-0dfe7c7ad92293af,archive,arc-d1f7c72b8cc3eca8,20179,0dfe7c7ad92293af6aa69920e3d3a4158f9213ad43eab7e46370a5bb555efcfc,2000,not-applicable,,
mus-067226aa78333eed,archive,arc-d1f7c72b8cc3eca8,22017,067226aa78333eed4ac80e9ba6cae9ad6d28b8b951b671897d0d3c7c603e8ca5,2000,not-applicable,,
mus-88875a8e2d5aabb7,archive,arc-d1f7c72b8cc3eca8,20627,88875a8e2d5aabb78b8ebd76f1c07c3b283f6948d897c470f63acbd5502398f1,2000,not-applicable,,
mus-b6d32576e627be2d,archive,arc-d1f7c72b8cc3eca8,20757,b6d32576e627be2dd61c843d2455cd6f235decef08e187d0edbe920e937a61fa,2000,not-applicable,,
mus-e7efbfcd57deb74a,archive,arc-d1f7c72b8cc3eca8,8024,e7efbfcd57deb74a62cc25609c5a68dea85c352735cbd1d120a047f39a4eafe9,2007,not-applicable,,
mus-a408a4b85028ca7d,archive,arc-d1f7c72b8cc3eca8,119516,a408a4b85028ca7d97eda55aadfe8c56a46206b6c47cffeb50e66b6a2714464e,2000,not-applicable,,
mus-df854a0619941887,archive,arc-d1f7c72b8cc3eca8,88811,df854a0619941887aa7f3fecf5abd40e523d808e44b6a2de2fb43a608d88e8e5,2012,not-applicable,,
mus-2a0639a8f3cf4781,archive,arc-d1f7c72b8cc3eca8,88811,2a0639a8f3cf47811390f658cb82f9c98fca7b32947f40107e6e95e17bc86f13,2012,not-applicable,,
mus-0a6fc83ce178bb33,archive,arc-d1f7c72b8cc3eca8,39123,0a6fc83ce178bb3389c237a4d61b6c984690ba8e467a111663371e7bab3b4b89,2012,not-applicable,,
mus-16b33be8831383ca,archive,arc-d1f7c72b8cc3eca8,39117,16b33be8831383ca63cedcaf80ab729770628947e4f4558b10aceb3cbf77603c,2012,not-applicable,,
mus-7fd30830fc472400,archive,arc-d1f7c72b8cc3eca8,41848,7fd30830fc47240075a212637190a9b63c9e09314ac3b30f69a687e6388a087c,2012,not-applicable,,
mus-f875ae10c1ae095c,archive,arc-d1f7c72b8cc3eca8,41876,f875ae10c1ae095c1cac733c555bcbec202280934a435a73756db872525a2670,2012,not-applicable,,
mus-7e4cea30dcdfe648,archive,arc-d1f7c72b8cc3eca8,46770,7e4cea30dcdfe6487061c28622338d04331c266a7c9a1879e0bce9a7583d8b9e,2012,not-applicable,,
mus-7347b02fd7df0576,archive,arc-d1f7c72b8cc3eca8,46676,7347b02fd7df057664245e372aef28cf24c2dce1659cef4bd4db67d008dbe287,2012,not-applicable,,
mus-44e41d73e7b099a1,archive,arc-d1f7c72b8cc3eca8,51642,44e41d73e7b099a13b035df37cb3340027b2c54d5dac4acb36a377fcf82615ca,2012,not-applicable,,
mus-02921413d506627b,archive,arc-d1f7c72b8cc3eca8,46780,02921413d506627b8385831de99add4e9142c0d0bcd85d7e9233349d147e7bdb,2012,not-applicable,,
mus-2bb40581981368d9,archive,arc-d1f7c72b8cc3eca8,66145,2bb40581981368d9e7e44d44d8fcd3b7a87295d2b968b4d2b8de30a0b651afd2,2012,not-applicable,,
mus-19c8fc67137e28cb,archive,arc-d1f7c72b8cc3eca8,66037,19c8fc67137e28cbf961300f4cbc76e9872f7779041681b3eab9cdd8f9559757,2012,not-applicable,,
mus-72cb4f834031341f,archive,arc-d1f7c72b8cc3eca8,45026,72cb4f834031341f448bdaadf248311cceae4cad6155c827aa8465f51988b115,2012,not-applicable,,
mus-58aeef2ea2329ee4,archive,arc-d1f7c72b8cc3eca8,45026,58aeef2ea2329ee4ea926f9c2ff5acb9ab01e6094a6a082a33ad25f35fa80111,2012,not-applicable,,
mus-b994e9e13200dfa8,archive,arc-d1f7c72b8cc3eca8,40560,b994e9e13200dfa8e7299ad1337c0c16e3b8481c069df1ac3c1c4c08f8032fdf,2012,not-applicable,,
mus-7444530b138f2cb2,archive,arc-d1f7c72b8cc3eca8,194491,7444530b138f2cb25ff0867397201cb795a85c6b9d9956cab12bb51c3217d903,2012,not-applicable,,
mus-11555af4e3f98177,archive,arc-d1f7c72b8cc3eca8,194491,11555af4e3f981774840bb741a9fc5d628e182c739a64cccef844ba462a7fd59,2012,not-applicable,,
mus-cc5c8a4e8734da35,archive,arc-d1f7c72b8cc3eca8,18151,cc5c8a4e8734da3594ee3d177e30f8a556a5bae86c1633594bf5ca07e5e1ca72,2008,not-applicable,,
mus-26fa7fab357b3902,archive,arc-d1f7c72b8cc3eca8,8359,26fa7fab357b39023a0dc8247a1806fdba71fc03417747dbda82347c6d504102,2005,not-applicable,,
mus-10c517a4bdb7aed8,archive,arc-d1f7c72b8cc3eca8,626208,10c517a4bdb7aed83bbbe69d55b6a9da35217346c4314d59517831cddbcccacf,2012,not-applicable,,
mus-82433e39c296d987,archive,arc-d1f7c72b8cc3eca8,626255,82433e39c296d987e144e89e8c051846fdbc61c63559b2cd0fbaf5fb50cd24f9,2012,not-applicable,,
mus-16b82c87bd70ec73,archive,arc-d1f7c72b8cc3eca8,95682,16b82c87bd70ec73dcd5137818b17db2b7b445a9ae733a9ef1a8a564d9dbef0e,2008,not-applicable,,
mus-cf95fc17f37d84ae,archive,arc-d1f7c72b8cc3eca8,22018,cf95fc17f37d84ae233486ed5064e5b189a7f72b3be2f0ce0600e7017e85478c,2008,not-applicable,,
mus-dabad774a8db1469,archive,arc-d1f7c72b8cc3eca8,19779,dabad774a8db1469f104054631279b8ed6d0a3eb5fd6ac7d726124d86bd279ae,2007,not-applicable,,
mus-78bf2ec9bf125741,archive,arc-d1f7c72b8cc3eca8,40837,78bf2ec9bf125741dca0d332d7726b926b8863bd8aed81acce1359d59a9be2c8,2012,not-applicable,,
mus-78bf2ec9bf125741,archive,arc-d1f7c72b8cc3eca8,40837,78bf2ec9bf125741dca0d332d7726b926b8863bd8aed81acce1359d59a9be2c8,2012,not-applicable,,
mus-49dc0711744083fc,archive,arc-d1f7c72b8cc3eca8,117169,49dc0711744083fc197e6c5b7b4724673b4f37a8911a5467c99319f341a91624,2008,not-applicable,,
mus-23ff928ba17c1ead,archive,arc-d1f7c72b8cc3eca8,434987,23ff928ba17c1eadb5f1af78349b30e30f1eedab17d806da38a8af4e83218a36,2000,not-applicable,,
mus-c8306d60f5eacc27,archive,arc-d1f7c72b8cc3eca8,51121,c8306d60f5eacc27b41cd524eebdaeb40a41afc32a76bc544ccc3b8d43a5afd0,2008,not-applicable,,
mus-e95723be7b41bc22,archive,arc-d1f7c72b8cc3eca8,39707,e95723be7b41bc228615d2f1782e2e4b89ccad1718d7d09c6db761bb69ff2af0,2012,not-applicable,,
mus-513f9cb5a812dcba,archive,arc-d1f7c72b8cc3eca8,39946,513f9cb5a812dcbae56a0cbb70847a78c35fec5f095629d2890038612dbde21b,2012,not-applicable,,
mus-d68b9c1c97020fe0,archive,arc-d1f7c72b8cc3eca8,41927,d68b9c1c97020fe0ed654fac0249ecd6e9af89fab7f4d9a35b6352dc86ccfc8a,2007,not-applicable,,
mus-55c7e42d307df3f3,archive,arc-d1f7c72b8cc3eca8,30139,55c7e42d307df3f312ba43c4ce90b075af24ca2082685cda050d165c374232cc,2007,not-applicable,,
mus-de154a1dab763147,archive,arc-d1f7c72b8cc3eca8,30299,de154a1dab763147dbbeda0778b67c272b98c4655b5d2894f94389edeb746b1b,2007,not-applicable,,
mus-d19228961ec8e046,archive,arc-d1f7c72b8cc3eca8,7495,d19228961ec8e0469cb1ed54f22e8cd885c27877b57852e69e1c14ea9435e746,2008,not-applicable,,
mus-4ae7f8811aabce21,archive,arc-d1f7c72b8cc3eca8,327972,4ae7f8811aabce21fe4e7aa2c621473552dfe7c6492ccc9a8d266502235ca6d7,2000,not-applicable,,
mus-ccfa627bc0eca595,archive,arc-d1f7c72b8cc3eca8,309036,ccfa627bc0eca595f094c9f697fab63c55262882e5c64a18e50899da49c88eb5,2000,not-applicable,,
mus-9683194f210e91b9,archive,arc-d1f7c72b8cc3eca8,93398,9683194f210e91b9d6e4aaafc3d8414394fc4082ae4645ae44deb12c46c6e9b0,2008,not-applicable,,
mus-d7999f662625753b,archive,arc-d1f7c72b8cc3eca8,50237,d7999f662625753bc5b9df37e64f9979ef127fc78f05aa6df1227cd12c144063,2008,not-applicable,,
mus-22c4895fa2c364c5,archive,arc-d1f7c72b8cc3eca8,260155,22c4895fa2c364c5e5602d88e4d1f7c82e6c58b252e63de6c5cd6282bc8de040,2007,not-applicable,,
mus-fddb9684ea43a8c0,archive,arc-d1f7c72b8cc3eca8,258635,fddb9684ea43a8c0347591d6d07943e294e735401ca1b9a9e5dedf7f4773fbf3,2000,not-applicable,,
mus-3b0a6caea5711fb1,archive,arc-d1f7c72b8cc3eca8,255283,3b0a6caea5711fb148519498a5646007451c6b4e9efbf079ba9c5581ca9e9fdf,2007,not-applicable,,
mus-2e96414bc7cd920e,archive,arc-d1f7c72b8cc3eca8,232939,2e96414bc7cd920e88a57fffafc7accb5d3f1327caa43c38bce118418732badd,2000,not-applicable,,
mus-2b4cafaea3797075,archive,arc-d1f7c72b8cc3eca8,64680,2b4cafaea379707518bb8c586721753e715b6698d94fe92893fe163a5cc1fff9,2007,not-applicable,,
mus-b92b35682df5fc80,archive,arc-d1f7c72b8cc3eca8,34038,b92b35682df5fc80abae2c02d2bfcde84c609323263b5a2a932ae9ed75108671,2005,not-applicable,,
mus-a3cc8264d224a61c,archive,arc-d1f7c72b8cc3eca8,59918,a3cc8264d224a61c5627026a39e99ba41c9f0d89fac2762972abb10f084ee7cc,2007,not-applicable,,
mus-187d60ad66c88849,archive,arc-d1f7c72b8cc3eca8,234165,187d60ad66c8884918a635681755963e8a0b58dad977aaf424ab65f5ad72242d,2007,not-applicable,,
mus-d7622644ea363cd1,archive,arc-d1f7c72b8cc3eca8,53738,d7622644ea363cd19ec6a6dd0462d187b07ed52a676d62767829e471709f962c,2007,not-applicable,,
mus-03a1ef54bf5722c0,archive,arc-d1f7c72b8cc3eca8,223971,03a1ef54bf5722c01636592d5d1cf8dcea99ecd1398b22a9c1c41d1c27b26797,2007,not-applicable,,
mus-0d68cb11c84f23bc,archive,arc-d1f7c72b8cc3eca8,6907,0d68cb11c84f23bc29c67ff2bd9a7e8c55cd525d897625611d8184a9ddc32e37,2003,not-applicable,,
mus-14092f4723654ee1,archive,arc-d1f7c72b8cc3eca8,3741,14092f4723654ee14108ce08c80a6e093035a7cf561fa14c8cd27d2324b47d4b,2005,not-applicable,,
mus-3328146a837dac17,archive,arc-d1f7c72b8cc3eca8,7534,3328146a837dac1776bec308bfe5a41f70ba439165b6de52216afc9f4eaf8be9,2007,not-applicable,,
mus-85b8915aaf032edd,archive,arc-d1f7c72b8cc3eca8,50915,85b8915aaf032eddbaf98c54bc0b7e3bae9826a6652f6296bd0ada71b9ee0c85,2007,not-applicable,,
mus-1ab24d8a1f0d6b89,archive,arc-d1f7c72b8cc3eca8,53918,1ab24d8a1f0d6b89d6deb437029493008b4d121eca8e8684a7ad3eebf2682b16,2007,not-applicable,,
mus-b62371f9711229fe,archive,arc-d1f7c72b8cc3eca8,41962,b62371f9711229fe2f5e59fedad31da4aa470ed6660c48b5c386bc3a5c22572e,2012,not-applicable,,
mus-6d1d8728557abd41,archive,arc-d1f7c72b8cc3eca8,41962,6d1d8728557abd41ec303f8a8812e4e749566438c0bc88641ae0f8163ac49aea,2012,not-applicable,,
mus-97c8196c61c85e86,archive,arc-d1f7c72b8cc3eca8,45023,97c8196c61c85e86c5e9a1212adf5eff37a4475b8f435a7406872dec966e5b43,2012,not-applicable,,
mus-97c8196c61c85e86,archive,arc-d1f7c72b8cc3eca8,45023,97c8196c61c85e86c5e9a1212adf5eff37a4475b8f435a7406872dec966e5b43,2012,not-applicable,,
mus-ae42bcb43771fac1,archive,arc-d1f7c72b8cc3eca8,22699,ae42bcb43771fac10177bc4961ae25d1dea2dedbfe26bfadc2401aa167fac230,2000,not-applicable,,
mus-3d93e05a8d6c412c,archive,arc-d1f7c72b8cc3eca8,7319,3d93e05a8d6c412c2dfc8d0854101b3ddb71eec2282fbdb992f389ac01fba441,2005,not-applicable,,
mus-f110724056273840,archive,arc-d1f7c72b8cc3eca8,41052,f1107240562738402556d1739cf2fad428872e2dd617289431201d25df0f73ae,2012,not-applicable,,
mus-22800d56534a9a7a,archive,arc-d1f7c72b8cc3eca8,41052,22800d56534a9a7afb6cde9fd4d8cd00a7897589ceb16b3720969355c37742ef,2012,not-applicable,,
mus-59142bebc283c4d0,archive,arc-d1f7c72b8cc3eca8,17745,59142bebc283c4d08ec26f4ac93b22e74e0a55921c0934e60d77c1843aaf69ab,2007,not-applicable,,
mus-c35307883fd79f10,archive,arc-d1f7c72b8cc3eca8,181863,c35307883fd79f100a8cd6e2d6db0c6fd08f191931444b6b056b52762fb54aac,2012,not-applicable,,
mus-1e054cf74c68c92e,archive,arc-d1f7c72b8cc3eca8,181863,1e054cf74c68c92e66c20680697360b5a10660680302a732d1ff8e5055ce6562,2012,not-applicable,,
mus-692339a6cb2278f0,archive,arc-d1f7c72b8cc3eca8,134263,692339a6cb2278f072284c6fa9ecd7829ab3d28d5072a1a6add5e45567c7e1e0,2012,not-applicable,,
mus-1536ead1b431322a,archive,arc-d1f7c72b8cc3eca8,44121,1536ead1b431322a97d24701cc079cc4b5526b1c888e749a6ddf7a63d71e24b6,2012,not-applicable,,
mus-92ce48fd8bc60b4d,archive,arc-d1f7c72b8cc3eca8,44586,92ce48fd8bc60b4d87ae32f28087e282b747fef8676460d01ec88b4fd14a8735,2012,not-applicable,,
mus-681b4e5f0d413449,archive,arc-d1f7c72b8cc3eca8,22075,681b4e5f0d41344955c643990bfa74c32ed432bfdb2b2dfe8948062966ccdc50,2008,not-applicable,,
mus-c980e60cdfb383e9,archive,arc-d1f7c72b8cc3eca8,20144,c980e60cdfb383e90380eb31a362cd5856ab673f07d1cf3f008f93171ee709c3,2007,not-applicable,,
mus-4a7b97cadb13e8a5,archive,arc-d1f7c72b8cc3eca8,217663,4a7b97cadb13e8a5a642b4de52f895248dd1c5434fad5dfadd90f09b37bd72b1,2007,not-applicable,,
mus-575c1f538d60d814,archive,arc-d1f7c72b8cc3eca8,684682,575c1f538d60d814eec265fdcb35fb8ca140f362d2e48f525cc1ab81a7994196,2005,not-applicable,,
mus-393adde34b217cea,archive,arc-d1f7c72b8cc3eca8,48202,393adde34b217ceacd709442f9095d794b33c7c7eab439e9bfa552a906cdb58c,2012,not-applicable,,
mus-837ee816e9d8b80a,archive,arc-d1f7c72b8cc3eca8,48322,837ee816e9d8b80ad06a2f1fdfb472bad72cac00b1495d5142f34ebb83475017,2012,not-applicable,,
mus-3344a9e333681350,archive,arc-d1f7c72b8cc3eca8,46542,3344a9e33368135012251fedf1d1ef2b21f663d4a1212dd2e37a10f4a1d73452,2012,not-applicable,,
mus-c2f02a04b9c9b518,archive,arc-d1f7c72b8cc3eca8,46765,c2f02a04b9c9b518cfd67905696680222d20b4abd9b54d2bc5cef4a0c0852f0a,2012,not-applicable,,
mus-5b0b49804208656b,archive,arc-d1f7c72b8cc3eca8,48689,5b0b49804208656b6d25978af818e3060e14fc6e26efa9d097c8ab0be5a841d2,2012,not-applicable,,
mus-c83692b3f6d15c56,archive,arc-d1f7c72b8cc3eca8,22642,c83692b3f6d15c5608122b20477a45165ee720f2ff8b3c9f9657b31cf8d0f992,2007,not-applicable,,
mus-49dfccbb8fcd35ac,archive,arc-d1f7c72b8cc3eca8,10665,49dfccbb8fcd35ac68aa1b626dc89f757d198e57beab9673763db2b3b867cb68,2006,not-applicable,,
mus-70123f5f4ddb0148,archive,arc-d1f7c72b8cc3eca8,39304,70123f5f4ddb01485d6c7bec2643d80b88135cb2c40f29fa841b1b7b5a8c762a,2012,not-applicable,,
mus-b846b3ca4c434a26,archive,arc-d1f7c72b8cc3eca8,41802,b846b3ca4c434a268f8ff805095eec82ff176237e44bf88b8119a01f1b05a182,2012,not-applicable,,
mus-e1863ddf070af591,archive,arc-d1f7c72b8cc3eca8,41826,e1863ddf070af591548b53868aad5659a104dc6a70cae68d4fbc6883de9acc23,2012,not-applicable,,
mus-bcde186bdde98c39,archive,arc-d1f7c72b8cc3eca8,45188,bcde186bdde98c393a7754824fec2a74412830679c94025d46d461b241e87ef3,2012,not-applicable,,
mus-962488020cf07de6,archive,arc-d1f7c72b8cc3eca8,45188,962488020cf07de68fa853afdc206f181c41cb63e466662b4b7043e3f742283a,2012,not-applicable,,
mus-9c9eecb8cdeaa3ab,archive,arc-d1f7c72b8cc3eca8,30266,9c9eecb8cdeaa3ab5f4be1db13b67cc0debac71e37d0aeb24c0efdffb96fcdfd,2007,not-applicable,,
mus-1dd55268c61df4af,archive,arc-d1f7c72b8cc3eca8,243726,1dd55268c61df4afd9e4eedc128792db5f9490b051cbf1401f464a0f9c3b9486,2007,not-applicable,,
mus-8b5765d6f93b0490,archive,arc-d1f7c72b8cc3eca8,239415,8b5765d6f93b0490ae75ea5b57938fe73f1fef51cae8ba70347919ead67dfab9,2007,not-applicable,,
mus-355a9cc4df8c3942,archive,arc-d1f7c72b8cc3eca8,53346,355a9cc4df8c39422cd588cf134ddef9b891753c0d08f9c6dd34e555d41f5217,2005,not-applicable,,
mus-b8af71ccdd92d3d0,archive,arc-d1f7c72b8cc3eca8,55227,b8af71ccdd92d3d07d0e5094f3a9a2b95dd23e72ba556cbb569f01d67f4225b6,2008,not-applicable,,
mus-a4202c5f6fb2b01e,archive,arc-d1f7c72b8cc3eca8,262375,a4202c5f6fb2b01eb84b6b0b682352e84c9d9ddf3299890605c8d4d54d1e81de,2007,not-applicable,,
mus-e38028b54c505a83,archive,arc-d1f7c72b8cc3eca8,253745,e38028b54c505a838d2d05711a44b73aa4c0e678b99dd206dca1585cf04195ea,2007,not-applicable,,
mus-bf30ae4d44f9693e,archive,arc-d1f7c72b8cc3eca8,493852,bf30ae4d44f9693ebebf8c4809360f0975d6a359cd45d53c3ac611ba3be8c050,2000,not-applicable,,
mus-acdc3007749fffeb,archive,arc-d1f7c72b8cc3eca8,214397,acdc3007749fffeb2e4df5ba2042e39e8ba785b65519b63538ac27e02b5bc67d,2005,not-applicable,,
mus-b48c422deb82105e,archive,arc-d1f7c72b8cc3eca8,180894,b48c422deb82105ea706acdbf90720fa1f8fa1deb8948ca5e7ee875fb31a4dec,2005,not-applicable,,
mus-914a0b7fe576d29f,archive,arc-d1f7c72b8cc3eca8,3156,914a0b7fe576d29fd2d18c4c0f16a10a8dbe2aafea8b0ed3493872ae0a8fccda,2006,not-applicable,,
mus-037ad01d5064ed57,archive,arc-d1f7c72b8cc3eca8,44199,037ad01d5064ed57d36ea30923c33b6b54635a7bbc4e89153761dcb925d6cec8,2012,not-applicable,,
mus-ae92c57d090a4620,archive,arc-d1f7c72b8cc3eca8,44198,ae92c57d090a4620342679bbd2cbba5f68ed1233fbd3727ef6b57e13e62136da,2012,not-applicable,,
mus-234328b7517090bb,archive,arc-d1f7c72b8cc3eca8,52010,234328b7517090bb35fc2da13a7a28f9a0997c47c21d95dab3cd6067b9aae9fe,2012,not-applicable,,
mus-d33a89c8a204d138,archive,arc-d1f7c72b8cc3eca8,51975,d33a89c8a204d138a9d75ca786183ebc44853554b27d76bd9d7d253f21e6f43f,2012,not-applicable,,
mus-a053fe81511354e7,archive,arc-d1f7c72b8cc3eca8,79612,a053fe81511354e7518ce034744cd5c843346817e2aeb3d6a29504880bd0307f,2012,not-applicable,,
mus-a053fe81511354e7,archive,arc-d1f7c72b8cc3eca8,79612,a053fe81511354e7518ce034744cd5c843346817e2aeb3d6a29504880bd0307f,2012,not-applicable,,
mus-a5360295a94b1ac8,archive,arc-d1f7c72b8cc3eca8,67516,a5360295a94b1ac863b94d9e6acf8c0949571a4536deee894b432c42573ad374,2012,not-applicable,,
mus-506ffba9115a9b77,archive,arc-d1f7c72b8cc3eca8,40332,506ffba9115a9b77ca209589e8f3c66c7d8aa49e961f580a2a3ba767f271351c,2012,not-applicable,,
mus-75e19724686a0048,archive,arc-d1f7c72b8cc3eca8,40198,75e19724686a004893dcf0e0d2411f76b5dcb2a934a29eaca2adac98bc87b469,2012,not-applicable,,
mus-01248d702a8a1bb5,archive,arc-d1f7c72b8cc3eca8,28893,01248d702a8a1bb571375e704a28cbd4f26d14c316cd570c8e31d977f3647c33,2008,not-applicable,,
mus-b8ec5c692319271d,archive,arc-d1f7c72b8cc3eca8,81108,b8ec5c692319271d0c07f1cfa8c864d436edfa740030b433e1e299add06fa0a5,2012,not-applicable,,
mus-b8ec5c692319271d,archive,arc-d1f7c72b8cc3eca8,81108,b8ec5c692319271d0c07f1cfa8c864d436edfa740030b433e1e299add06fa0a5,2012,not-applicable,,
mus-5be5c4709c415ffd,archive,arc-d1f7c72b8cc3eca8,20971,5be5c4709c415ffd2d5bd2354aa29e090bc42b8b4fbd10308fcb0f760f34c1c2,2000,not-applicable,,
mus-a6647015846e0648,archive,arc-d1f7c72b8cc3eca8,8519,a6647015846e06488e73e35cb2b67f7cd6b50fe282d0257e5933e38cd280b891,2005,not-applicable,,
mus-85a70aebe26966c3,archive,arc-d1f7c72b8cc3eca8,328401,85a70aebe26966c3907a849799c781b2b4146d6108ee938900fa9df65fb651de,2005,not-applicable,,
mus-19d50a4d6d132191,archive,arc-d1f7c72b8cc3eca8,15405,19d50a4d6d132191c89f0749adc631317cf7969ed696ebf8b4cdeaca61254ee6,2007,not-applicable,,
mus-07be8bcd1dbc25ef,archive,arc-d1f7c72b8cc3eca8,48861,07be8bcd1dbc25efa0aac281b019e7ef90df5190fbd1ca134a01b87b3d0f8a12,2012,not-applicable,,
mus-da3e8115827ef93f,archive,arc-d1f7c72b8cc3eca8,57906,da3e8115827ef93faa8876dd7cd19ea91302ed8646ef14ef082fbc8d36650dbb,2012,not-applicable,,
mus-da3e8115827ef93f,archive,arc-d1f7c72b8cc3eca8,57906,da3e8115827ef93faa8876dd7cd19ea91302ed8646ef14ef082fbc8d36650dbb,2012,not-applicable,,
mus-92e1bec4bf2e00e0,archive,arc-d1f7c72b8cc3eca8,57906,92e1bec4bf2e00e0289b2a01e3885bc657bc71f0a802b8bfa8cb951ca5c4e929,2012,not-applicable,,
mus-27eb9f4012abd824,archive,arc-d1f7c72b8cc3eca8,246238,27eb9f4012abd824c5dca4b14088480c37d3677ea03adad8e6fbe6400bd12578,2000,not-applicable,,
mus-c5b183149118d53c,archive,arc-d1f7c72b8cc3eca8,257077,c5b183149118d53c07ead163e4659afd1c92ec55fd17bb69db2794105d0325db,2000,not-applicable,,
mus-728d82868774f332,archive,arc-d1f7c72b8cc3eca8,258010,728d82868774f332a21c8a0ebf6640fee7f6575321b968f14ebd0686e1bd7b99,2000,not-applicable,,
mus-2b58b1e3848e66c7,archive,arc-d1f7c72b8cc3eca8,237191,2b58b1e3848e66c706c6f7647c5b1d22a0390ed23065efbeccd94b1100cafa65,2000,not-applicable,,
mus-1b3edce51e0d5367,archive,arc-d1f7c72b8cc3eca8,244730,1b3edce51e0d5367f5e398de17752cea40cf9215e131bfa8f66cd3b665e38d8f,2000,not-applicable,,
mus-c9809631b0adccaa,archive,arc-d1f7c72b8cc3eca8,244155,c9809631b0adccaacc0c47298a1fae810aca278f3053da3d37713e82fbbdb742,2000,not-applicable,,
mus-e3035e7611165300,archive,arc-d1f7c72b8cc3eca8,250158,e3035e76111653004bc4c4addd5680ec036c998a085bb539551c17a1b4a9725b,2000,not-applicable,,
mus-ef61e7cac30f3a65,archive,arc-d1f7c72b8cc3eca8,60671,ef61e7cac30f3a65d48783721da823ec455eb0f212f7adf6c66a0111e689c3d2,2012,not-applicable,,
mus-c0147cfd9129e63e,archive,arc-d1f7c72b8cc3eca8,236487,c0147cfd9129e63ef79b4bee2245f7d95a0cb7671e3bd7a2334c818fb2cf032e,2000,not-applicable,,
mus-40f9977a1813a634,archive,arc-d1f7c72b8cc3eca8,22688,40f9977a1813a634752cbcc37569c2309a3468066716d19f146c54656e463965,2008,not-applicable,,
mus-348ccc66a92e3a72,archive,arc-d1f7c72b8cc3eca8,31339,348ccc66a92e3a725790fd6d82bc8d0f8ef65fba595512e903307df54d27f2d5,2012,not-applicable,,
mus-61eb1f956765b628,archive,arc-d1f7c72b8cc3eca8,31346,61eb1f956765b628b7aa629e3af02adc9c0708b8490a941b5508019f1a1f0ea3,2012,not-applicable,,
mus-852c8f887cc50238,archive,arc-d1f7c72b8cc3eca8,57437,852c8f887cc502385ed15ad97357d3cf9ff2fa2165530606be8f21bbfd3dbb2c,2007,not-applicable,,
mus-d3212f18e0623045,archive,arc-d1f7c72b8cc3eca8,200086,d3212f18e0623045cf724b4763c002ef234f9e0a6f3f52dd2675f1f7120bdd00,2000,not-applicable,,
mus-58cf1e51511acf83,archive,arc-d1f7c72b8cc3eca8,118641,58cf1e51511acf83aabe56425535bf2c0c6e77c11c964e99434abfb044e036be,2006,not-applicable,,
mus-3cd9d65466792006,archive,arc-d1f7c72b8cc3eca8,194526,3cd9d65466792006b50a7dd13920b14fe23eb5456931da3d8bf39a5e101baf34,2000,not-applicable,,
mus-06d444624dea8a7e,archive,arc-d1f7c72b8cc3eca8,234251,06d444624dea8a7e97f3e55d205ce2ea98fab7dc7ad5dd888ecccff501df704e,2007,not-applicable,,
mus-c2c596805fa3eb12,archive,arc-d1f7c72b8cc3eca8,227103,c2c596805fa3eb12feceb2f17c3c3d3214d44b3cbbb316af6330bae5649af9e1,2007,not-applicable,,
mus-21f781fc3a2cc76f,archive,arc-d1f7c72b8cc3eca8,14619,21f781fc3a2cc76f45370ad2e2853b5011163db9c97a275515e439deb27e6185,2005,not-applicable,,
mus-b173371154798a99,archive,arc-d1f7c72b8cc3eca8,207638,b173371154798a9929105c4f604cacb0ce54b6cfc5e4c8ff6233f5a4e9555175,2008,not-applicable,,
mus-600b33f58350599c,archive,arc-d1f7c72b8cc3eca8,101404,600b33f58350599c03d487d3b44da8ce632a165632e164080d496947fd950787,2008,not-applicable,,
mus-c008aa57a2867faa,archive,arc-d1f7c72b8cc3eca8,184984,c008aa57a2867faa2222a0b18181dc18338c5bf70ec925fb4a2638115b8f0fd7,2008,not-applicable,,
mus-4aed4f69e39c3296,archive,arc-d1f7c72b8cc3eca8,41635,4aed4f69e39c3296155d1ac1bbd4ff03686b34a258c120a8bf9cb7ab92de0894,2012,not-applicable,,
mus-4aed4f69e39c3296,archive,arc-d1f7c72b8cc3eca8,41635,4aed4f69e39c3296155d1ac1bbd4ff03686b34a258c120a8bf9cb7ab92de0894,2012,not-applicable,,
mus-1d086c94930731f4,archive,arc-d1f7c72b8cc3eca8,15749,1d086c94930731f42bcaa3e75563d0cbbebb47de08869af21f2e07dce460a6c2,2007,not-applicable,,
mus-9a3c86a774f7ed13,archive,arc-d1f7c72b8cc3eca8,312884,9a3c86a774f7ed136bc6e514322094a8f08b6984d5dd3171869f912be1876099,2008,not-applicable,,
mus-ae9102ac4cf0f9fc,archive,arc-d1f7c72b8cc3eca8,85903,ae9102ac4cf0f9fc575d1dabcce9b33aeb4f2fecd3b10bea5a2945cd5664d83c,2012,not-applicable,,
mus-d93331463c0c2c76,archive,arc-d1f7c72b8cc3eca8,88054,d93331463c0c2c76cf22d2a39e494074d6444cdf7837dee30d72d3dd3b57c5e7,2012,not-applicable,,
mus-2bfe94b23a125922,archive,arc-d1f7c72b8cc3eca8,44965,2bfe94b23a125922c63d6ab368717ec2bdfdba525eaa2edfba12b1fa09d6a3ef,2012,not-applicable,,
mus-f6a041a6616fcea8,archive,arc-d1f7c72b8cc3eca8,44983,f6a041a6616fcea8860f845c8f94dddd1cbb9277edd3eb23f297b206dce02936,2012,not-applicable,,
mus-691a1fa8c963f0be,archive,arc-d1f7c72b8cc3eca8,7431,691a1fa8c963f0bee66f3f5a6ec8a10b76c70cf964e823e1f8ac84b6557a09a0,2005,not-applicable,,
mus-42f4139c18286e12,archive,arc-d1f7c72b8cc3eca8,39337,42f4139c18286e12c61b810ecaa026e5925db180e526c5a964e6a12e36b0e44e,2012,not-applicable,,
mus-57eb6340971640e8,archive,arc-d1f7c72b8cc3eca8,45685,57eb6340971640e8530952adb387f1ef474a43d1d79d8ec3fa0e4144d14869f5,2012,not-applicable,,
mus-19d388b8fc564587,archive,arc-d1f7c72b8cc3eca8,19873,19d388b8fc564587d84be7302f4016dabf5dcd0b07656179fed8da1e78ab33ce,2000,not-applicable,,
mus-4989113ea6b546a8,archive,arc-d1f7c72b8cc3eca8,11533,4989113ea6b546a8a939bd4c1ac0fe950463715a45b5a2f38c19a9d9a475a06e,2012,not-applicable,,
mus-8a7ad0b21831e38e,archive,arc-d1f7c72b8cc3eca8,6896,8a7ad0b21831e38e8f5113973ea8a35e49d91a26cd07f14c0c6406c8593a4f86,2003,not-applicable,,
mus-7fb256ec2cbbe79a,archive,arc-d1f7c72b8cc3eca8,25823,7fb256ec2cbbe79ac1d586af473183422bfe6d672609fee37b71cd1a8f558793,2000,not-applicable,,
mus-70b814bd11752699,archive,arc-d1f7c72b8cc3eca8,141168,70b814bd11752699cc5462c4f93cd8493e345e0f12489ca8669c7b319ea545ef,2012,not-applicable,,
mus-7f20da885d957e8e,archive,arc-d1f7c72b8cc3eca8,141176,7f20da885d957e8e2b580785e39b6e08f47a688543ee68cfbbe77fc1f709404a,2012,not-applicable,,
mus-c62a13f94b8efcbd,archive,arc-d1f7c72b8cc3eca8,179147,c62a13f94b8efcbdcdb8b5bec549d74d614302fb86a5d7d7fbf6be7f92e55497,2012,not-applicable,,
mus-69e84204ce3087a9,archive,arc-d1f7c72b8cc3eca8,179147,69e84204ce3087a9676b8288ee504ae1ac815d9a2876157a4c75235890f4d3a0,2012,not-applicable,,
mus-556778171ecc3fb7,archive,arc-d1f7c72b8cc3eca8,204031,556778171ecc3fb7f41e12953283b925b6ce9a240ea0c25277ef5e43d82b09bc,2012,not-applicable,,
mus-89e8d1d211a282f7,archive,arc-d1f7c72b8cc3eca8,203024,89e8d1d211a282f70d1ec5b15fd515ba567ee61508f577b1ef360219ef2bc5ef,2012,not-applicable,,
mus-4047eb09d6e13faa,archive,arc-d1f7c72b8cc3eca8,175180,4047eb09d6e13faae332e1bbf541e366c5014a8114b2012acdbc9114af092749,2012,not-applicable,,
mus-3a103fe6567d38ff,archive,arc-d1f7c72b8cc3eca8,175249,3a103fe6567d38ff3abf78a70cbaac60e332a269b288cf1583993b4e59dca8e8,2012,not-applicable,,
mus-95172ac53945f49e,archive,arc-d1f7c72b8cc3eca8,204012,95172ac53945f49eca6b0ecd25b5bb99c05ed7ae09e1c9a5f981c0a520599037,2012,not-applicable,,
mus-056a772cc24cf2fa,archive,arc-d1f7c72b8cc3eca8,203909,056a772cc24cf2fab51cbccffe393f77ea28aaef2f51901955508bed20226006,2012,not-applicable,,
mus-eca76dfcd39170f1,archive,arc-d1f7c72b8cc3eca8,214575,eca76dfcd39170f158d6cb624584e3777c3e1b1ba1a354390f90804a8671bd2a,2005,not-applicable,,
mus-3318a705e5c14b6a,archive,arc-d1f7c72b8cc3eca8,8412,3318a705e5c14b6af47c03c77c181ecc8bc0f3f4712f1b0e1251d790bdfedc4f,2006,not-applicable,,
mus-b11925f4a1002834,archive,arc-d1f7c72b8cc3eca8,258387,b11925f4a1002834ce778a9d778748f9fdb0263414c438fcc4fd7466a57257a6,2012,not-applicable,,
mus-47e8409e051f78e2,archive,arc-d1f7c72b8cc3eca8,258361,47e8409e051f78e254031cd8b17da533afc326e93df118d64a2e051a7be2bcb4,2012,not-applicable,,
mus-dadf04ffb26c055e,archive,arc-d1f7c72b8cc3eca8,253666,dadf04ffb26c055ea2c9814e97bfcc3cd2877d761da390345c119594a6c87809,2012,not-applicable,,
mus-bffada75287d9b35,archive,arc-d1f7c72b8cc3eca8,56542,bffada75287d9b358e4566ba98968d1aa4b627da71fb0dcfa46f76f180df6913,2005,not-applicable,,
mus-e80e980620380b09,archive,arc-d1f7c72b8cc3eca8,20831,e80e980620380b094fc5055bce4a4c3526e33dfa4cc27b764d0b4db614b0195a,2008,not-applicable,,
mus-51fe175f9a1b659b,archive,arc-d1f7c72b8cc3eca8,32202,51fe175f9a1b659b6442fa2a5e3b9c3eeaca20769f70a8757b1814936be1fb30,2008,not-applicable,,
mus-9f749278dd0a7c7c,archive,arc-d1f7c72b8cc3eca8,1894791,9f749278dd0a7c7c7e372b657b2f94d8ddc7157ce978836e8d5835692efced81,2012,not-applicable,,
mus-563e8616692252fe,archive,arc-d1f7c72b8cc3eca8,1868426,563e8616692252fe889778393fb32991a29cfd596c35cb4ee1d5051af23c17c7,2012,not-applicable,,
mus-7a6841dc07ca05c1,archive,arc-d1f7c72b8cc3eca8,1894779,7a6841dc07ca05c1995218eed69518a65978612a4388ef206c659d6c98218516,2012,not-applicable,,
mus-f84268bfa9798e42,archive,arc-d1f7c72b8cc3eca8,13719,f84268bfa9798e42e4aa186c3902d26d7e3b91818c614965e4f9229093988cd6,2008,not-applicable,,
mus-97abbee196b28ded,archive,arc-d1f7c72b8cc3eca8,9229,97abbee196b28ded51c98d2d407aa0858631a1e73531a0cfda8e7f5ce95f9f22,2005,not-applicable,,
mus-74bf063378d2518b,archive,arc-d1f7c72b8cc3eca8,27107,74bf063378d2518b2fed08e53bea1167f645b4fb306e1192f91f135c476daf74,2008,not-applicable,,
mus-eb12f91f82f8994d,archive,arc-d1f7c72b8cc3eca8,38434,eb12f91f82f8994d9cab6f1b7d1c5769696ba36045c2e1f078cfe5e918a6f199,2008,not-applicable,,
mus-e03b16a222c5c3ca,archive,arc-d1f7c72b8cc3eca8,3190,e03b16a222c5c3ca15e281370c58e704841506c08a98f828398d6bf8185ecfe1,2007,not-applicable,,
mus-a014c2001dd1b015,archive,arc-d1f7c72b8cc3eca8,39858,a014c2001dd1b01582e697291a8cdf723cfa0da67cf02a4677918b5bcc01853b,2012,not-applicable,,
mus-3238ab622ed2f4c0,archive,arc-d1f7c72b8cc3eca8,7257,3238ab622ed2f4c02fb09a126987941a3b7ca6041bbbd70daf7b39bb398e6868,2005,not-applicable,,
mus-c6a7bc0f89e435bb,archive,arc-d1f7c72b8cc3eca8,39070,c6a7bc0f89e435bbbe18351e037bd0ace12988048887565f129864031c79b9f7,2012,not-applicable,,
mus-d72a5ce772955565,archive,arc-d1f7c72b8cc3eca8,6467,d72a5ce7729555655dc3f21eb52671a4196a1d7b62bb5e93d6e02fbba1a46b9a,2002,not-applicable,,
mus-30e7b79f82b58ab5,archive,arc-d1f7c72b8cc3eca8,11349,30e7b79f82b58ab56fa5c24dc9576ecee92053ebd9aaf6e5883ec380d9a6784e,2002,not-applicable,,
mus-adc7f8b8781429fd,archive,arc-d1f7c72b8cc3eca8,287941,adc7f8b8781429fde947b4e7480321acbb0006d274bde0cf197acd3a021ec647,2008,not-applicable,,
mus-ee515caa68fdf6e2,archive,arc-d1f7c72b8cc3eca8,325749,ee515caa68fdf6e250354b3b69aea9f6de73ff930074710ec0b8c00eba0e5f33,2008,not-applicable,,
mus-6640ca63c5947d53,archive,arc-d1f7c72b8cc3eca8,44121,6640ca63c5947d5352e8f545f617728d9bfa63abc6943446df6cce3f6cd258fd,2012,not-applicable,,
mus-63860243ae57044c,archive,arc-d1f7c72b8cc3eca8,44353,63860243ae57044caaea24d0c4029fc89828bf899abf38f51f4e6ee896fdc306,2008,not-applicable,,
mus-81fdb0c9dd2fa530,archive,arc-d1f7c72b8cc3eca8,32174,81fdb0c9dd2fa53041c1baa0929418552fe51138d319a8ce92ab830a2bcf99aa,2012,not-applicable,,
mus-01872226d02ef08f,archive,arc-d1f7c72b8cc3eca8,31885,01872226d02ef08fb9b72553a8c94d0094015899f38bdcaf61f479796d7d99dd,2012,not-applicable,,
mus-68fca70675355e1a,archive,arc-d1f7c72b8cc3eca8,39130,68fca70675355e1a0637cbd8a2deca4aeb5104f497d70d8263277237ce1f9508,2012,not-applicable,,
mus-68fca70675355e1a,archive,arc-d1f7c72b8cc3eca8,39130,68fca70675355e1a0637cbd8a2deca4aeb5104f497d70d8263277237ce1f9508,2012,not-applicable,,
mus-62ad7375d35a56a4,archive,arc-d1f7c72b8cc3eca8,78747,62ad7375d35a56a412e9a48999537c17f40564d908f2e527235ba6909c352b1a,2012,not-applicable,,
mus-5e485b8e314c17ff,archive,arc-d1f7c72b8cc3eca8,78747,5e485b8e314c17ff1735f57ccadb2441b6d29779f6387bbbe3269dddfc067e2b,2012,not-applicable,,
mus-32dae4b9dfd60cf7,archive,arc-d1f7c72b8cc3eca8,41706,32dae4b9dfd60cf7d6703253456f72a9ea0daa725c32f585c77971908b243621,2012,not-applicable,,
mus-0f5f8be28cb797e0,archive,arc-d1f7c72b8cc3eca8,41706,0f5f8be28cb797e0cdee3cf1c498ec45547b488896cfb65994ea55eabb19468b,2012,not-applicable,,
mus-a57d4097fcd135db,archive,arc-d1f7c72b8cc3eca8,41665,a57d4097fcd135db19acce72901cba162b4946bf42718244572914a6872f226f,2012,not-applicable,,
mus-96b5a5e84ad8a35b,archive,arc-d1f7c72b8cc3eca8,41665,96b5a5e84ad8a35b1770314cff3ff24acb0bbb3426d98492407ca2bd522060e5,2012,not-applicable,,
mus-83a8934d1dbe51c7,archive,arc-d1f7c72b8cc3eca8,41851,83a8934d1dbe51c7b082d0b65bfcec6b60f0ee935d28c4900a957eb75ea71a3a,2012,not-applicable,,
mus-fd78fb89b966ae00,archive,arc-d1f7c72b8cc3eca8,41851,fd78fb89b966ae00925d6e5f45c65b25cddcf53eb5d210f514e5e978fe72f1e0,2012,not-applicable,,
mus-9fdd7b0005cc5a54,archive,arc-d1f7c72b8cc3eca8,41653,9fdd7b0005cc5a5462767426f533d6599bb084e7f829646e5b7a604186945dae,2012,not-applicable,,
mus-96b5a5e84ad8a35b,archive,arc-d1f7c72b8cc3eca8,41665,96b5a5e84ad8a35b1770314cff3ff24acb0bbb3426d98492407ca2bd522060e5,2012,not-applicable,,
mus-7e3ae6e56c54d145,archive,arc-d1f7c72b8cc3eca8,21651,7e3ae6e56c54d145b95476b52736011185c1c9182e64cc4aae9fcf2f293b605b,2007,not-applicable,,
mus-c114f59d326eaaa3,archive,arc-d1f7c72b8cc3eca8,65128,c114f59d326eaaa33c0efb9e4dcdc37860be29068392038dfbf7faab5e70bdca,2003,not-applicable,,
mus-7ee31d3f8a8a8d36,archive,arc-d1f7c72b8cc3eca8,50299,7ee31d3f8a8a8d360c708d55e8e11e1d3236b221ae980c09f16bc5e6f45c4bda,2007,not-applicable,,
mus-f82507d2ae24e5e1,archive,arc-d1f7c72b8cc3eca8,29978,f82507d2ae24e5e1c0c0d55b4d255db0b20ddea6388fe0d201a61ba462f19b5f,2007,not-applicable,,
mus-2337de0581570b20,archive,arc-d1f7c72b8cc3eca8,90851,2337de0581570b20102ad5b8d5e6c5b4d2412a3b0ba9feb764038e98f6776e5b,2000,not-applicable,,
mus-0803ed9ff26cdbf2,archive,arc-d1f7c72b8cc3eca8,40509,0803ed9ff26cdbf279811989aa68dffc53738e502a7b3aa9dfb7e0d3ed64aaf8,2012,not-applicable,,
mus-c02977c403942321,archive,arc-d1f7c72b8cc3eca8,18181,c02977c4039423217ed1e37246e49dc8eec0673de5eeaa948f62b5c3aefe5a17,2007,not-applicable,,
mus-fc731138a978c207,archive,arc-d1f7c72b8cc3eca8,7323,fc731138a978c2073a8685ded4e72c22ef20b1577acb40db313c5c3dd5c75e2b,2006,not-applicable,,
mus-776a981d136668d5,archive,arc-d1f7c72b8cc3eca8,304870,776a981d136668d58567c6288f9f97bb5c26ea0bc9cafd0ed8de0a1679a07f21,2012,not-applicable,,
mus-3e8a24cc0066b5d3,archive,arc-d1f7c72b8cc3eca8,304870,3e8a24cc0066b5d376dcf5fb31782029751da1c6290f8741ec7d3110fc484e73,2012,not-applicable,,
mus-12c86c6ee662df29,archive,arc-d1f7c72b8cc3eca8,78830,12c86c6ee662df29c34cf32b9798eacb4a78401226743e1bb7d351bee1461a68,2012,not-applicable,,
mus-b2f6527b49d83725,archive,arc-d1f7c72b8cc3eca8,94215,b2f6527b49d83725900ffe5d41c9dbcaea68129c6f02401e661dafefe5cc5cd5,2012,not-applicable,,
mus-ebcbc7df90aa8e9b,archive,arc-d1f7c72b8cc3eca8,94196,ebcbc7df90aa8e9bd8494a081e7a39a07061ea49ed4c1c56e55ec911bdb90c77,2012,not-applicable,,
mus-3dd746a6f53d983a,archive,arc-d1f7c72b8cc3eca8,69526,3dd746a6f53d983a1d62448d609d069322bf7aadae8b4c1a1634169839eb4895,2012,not-applicable,,
mus-3dd746a6f53d983a,archive,arc-d1f7c72b8cc3eca8,69526,3dd746a6f53d983a1d62448d609d069322bf7aadae8b4c1a1634169839eb4895,2012,not-applicable,,
mus-541beac842ec7a76,archive,arc-d1f7c72b8cc3eca8,65347,541beac842ec7a76ab59235c22f046af0eaa9b3dd2a52c82248561c64df30600,2012,not-applicable,,
mus-082f4fed7570dad3,archive,arc-d1f7c72b8cc3eca8,64928,082f4fed7570dad31509bd59d826e87b4bc6fb8a0c28856dc9639b08d2093722,2012,not-applicable,,
mus-83caf375e53cdcf3,archive,arc-d1f7c72b8cc3eca8,94855,83caf375e53cdcf368e3a94cf25eaea63c83e9fc34698ae323c64f2621a17c99,2012,not-applicable,,
mus-83caf375e53cdcf3,archive,arc-d1f7c72b8cc3eca8,94855,83caf375e53cdcf368e3a94cf25eaea63c83e9fc34698ae323c64f2621a17c99,2012,not-applicable,,
mus-e9d76f156bda3a41,archive,arc-d1f7c72b8cc3eca8,19317,e9d76f156bda3a4151cf8cc11b488404c835cb955e15c5aba8cf38ea1b3f0b87,2006,not-applicable,,
mus-ca3bde119d7bbd52,archive,arc-d1f7c72b8cc3eca8,93991,ca3bde119d7bbd52405abbf5d209fa1fc46622491736ce7a3802fbd099fe6160,2000,not-applicable,,
mus-19be4fa4268663bd,archive,arc-d1f7c72b8cc3eca8,7669,19be4fa4268663bd0cc096c32c08b5ee3e8b5ca26e28c7e477b340f60446c6d4,2005,not-applicable,,
mus-ea1fd9a095ed3b19,archive,arc-d1f7c72b8cc3eca8,41930,ea1fd9a095ed3b19f3b42b433e979dcc2c0353a841316a3c8c888662076bf20f,2012,not-applicable,,
mus-f696da1e473ecc50,archive,arc-d1f7c72b8cc3eca8,104078,f696da1e473ecc504d3267df618ae81e885a6c50183a46b001513385fe91f885,2008,not-applicable,,
mus-e217560ca6bfb574,archive,arc-d1f7c72b8cc3eca8,48373,e217560ca6bfb574c3ebe08328f03f090960b33e4075ce1029fae8143dcc12ea,2012,not-applicable,,
mus-9073fc0e114c59b8,archive,arc-d1f7c72b8cc3eca8,48373,9073fc0e114c59b82386c06972d6d954b6b6de4376d8b17a81fe4d687df0d517,2012,not-applicable,,
mus-f0ce6e4404811650,archive,arc-d1f7c72b8cc3eca8,355242,f0ce6e440481165098dacf56d5a4360ba2485d29f8e5e106eefa3a2390b3d99e,2000,not-applicable,,
mus-03330afb5994b440,archive,arc-d1f7c72b8cc3eca8,298615,03330afb5994b440e3576ff5f317bb479b811f175a409a741eb5f2a699d1a36c,2000,not-applicable,,
mus-08ae9ec35af36102,archive,arc-d1f7c72b8cc3eca8,174977,08ae9ec35af361029acad15d7293ad0770dc03e993879265da1a5770b18d107c,2005,not-applicable,,
mus-a6fd5a8ea59b97e0,archive,arc-d1f7c72b8cc3eca8,255825,a6fd5a8ea59b97e0a28f027369581dce93abbdc283725f88f6ee96b83fa3e53f,2007,not-applicable,,
mus-0c54e204b88b6266,archive,arc-d1f7c72b8cc3eca8,245688,0c54e204b88b6266480655ffbeabb4fd76665b13cc82ca727224c272b16cb919,2007,not-applicable,,
mus-d478c34ab380898b,archive,arc-d1f7c72b8cc3eca8,215954,d478c34ab380898ba2426fa178b50a68d183c617990e0d663ff1be3a80bf2f4a,2005,not-applicable,,
mus-65517bc61493b5ff,archive,arc-d1f7c72b8cc3eca8,52271,65517bc61493b5ff3c314edd04d3f73657d2f4bb820be15e3de3fd801f98bf11,2012,not-applicable,,
mus-66f52a75d6d09386,archive,arc-d1f7c72b8cc3eca8,52271,66f52a75d6d093861e5daf1bfc88d444807639e3ab6f61d57536fb6777bc7857,2012,not-applicable,,
mus-5db82d4e6f8a29ef,archive,arc-d1f7c72b8cc3eca8,132573,5db82d4e6f8a29ef0a5b24aa127a6608bd29035c77cf175e4bf90d4c241d00dd,2000,not-applicable,,
mus-2de9ec3c4acbf3c1,archive,arc-d1f7c72b8cc3eca8,9999,2de9ec3c4acbf3c1830d64300d201ed2f9dc42a4da4b24b8bec0c97fb7f22767,2007,not-applicable,,
mus-dc379f46038bd814,archive,arc-d1f7c72b8cc3eca8,8986,dc379f46038bd8144687123f81cc1762f48a060140ef4b733d8dc2ba5fadc367,2012,not-applicable,,
mus-d03d13d73cc2f738,archive,arc-d1f7c72b8cc3eca8,496414,d03d13d73cc2f738e625ba616daceaf70626a41ea805af5a39bb2205f189cc09,2012,not-applicable,,
mus-1073eb4bdc972e86,archive,arc-d1f7c72b8cc3eca8,496757,1073eb4bdc972e86374adc1ac7e929ef7b62cf52c9f5856f9365d67d5f8d891e,2012,not-applicable,,
mus-e6f246b54fa0fc52,archive,arc-d1f7c72b8cc3eca8,580131,e6f246b54fa0fc52f2ab6624a8d04348fec9a152db89734944b524f934edcebc,2008,not-applicable,,
mus-0d45c05cda8ac686,archive,arc-d1f7c72b8cc3eca8,529753,0d45c05cda8ac6861af999e2b02318f3015ef6c854a35cbbcec54cc76c56efd1,2012,not-applicable,,
mus-686d6a61b348b1ec,archive,arc-d1f7c72b8cc3eca8,328791,686d6a61b348b1ec7bb06ee559c867c3fe4c60cf8ef4b6d32d6fc8883f40b73e,2012,not-applicable,,
mus-ac43f8b6ff3db5cf,archive,arc-d1f7c72b8cc3eca8,99705,ac43f8b6ff3db5cff984bf3f5964751a274baeacfa1001fb71e074bb99515480,2012,not-applicable,,
mus-ac43f8b6ff3db5cf,archive,arc-d1f7c72b8cc3eca8,99705,ac43f8b6ff3db5cff984bf3f5964751a274baeacfa1001fb71e074bb99515480,2012,not-applicable,,
mus-9d20b9499e4bd8ea,archive,arc-d1f7c72b8cc3eca8,386742,9d20b9499e4bd8eac2e26de21654f678a8e6e6e865b394d7f97523daf3016d32,2008,not-applicable,,
mus-720cfa447c872c4b,archive,arc-d1f7c72b8cc3eca8,459162,720cfa447c872c4bc3f676c9e73f434c275b5194567e55030f04bee6af455f72,2008,not-applicable,,
mus-a402ec25316a6175,archive,arc-d1f7c72b8cc3eca8,235406,a402ec25316a6175670783e86e90f13e3c834dc495f462c27e49e8aeffb34985,2008,not-applicable,,
mus-2183d9d4022d7dbc,archive,arc-d1f7c72b8cc3eca8,50438,2183d9d4022d7dbc1031af553023d08b7ea4d588f79e25dae234e10a76ca2de1,2012,not-applicable,,
mus-a394e55348810cd0,archive,arc-d1f7c72b8cc3eca8,39484,a394e55348810cd01238d5e6178b4c7ecd30b4fa4fe3de7d51b320642400ae83,2012,not-applicable,,
mus-accea06090ff54f2,archive,arc-d1f7c72b8cc3eca8,39525,accea06090ff54f2af7100b637bd376ef316519027134ba1b91429928c447f5b,2012,not-applicable,,
mus-fc15cd6abcd985b2,archive,arc-d1f7c72b8cc3eca8,63941,fc15cd6abcd985b2213375dfb3adefd6ce9fcbba8d4a8e5d0198e20844e25aa2,2012,not-applicable,,
mus-fc15cd6abcd985b2,archive,arc-d1f7c72b8cc3eca8,63941,fc15cd6abcd985b2213375dfb3adefd6ce9fcbba8d4a8e5d0198e20844e25aa2,2012,not-applicable,,
mus-7d3e3b999fe2b7bc,archive,arc-d1f7c72b8cc3eca8,125692,7d3e3b999fe2b7bc3906e975631f7eaf2a20c5c8cf90715aaa72f545d7d2b471,2012,not-applicable,,
mus-689a44b09789585a,archive,arc-d1f7c72b8cc3eca8,124336,689a44b09789585a4ed1ace01d13ab47b66418ca55cdd49b6d494f6194153e3f,2012,not-applicable,,
mus-d6b6246652da8de8,archive,arc-d1f7c72b8cc3eca8,77734,d6b6246652da8de81aea6099ea7e5712ce5f490079cca2a2a52612d2151ab20f,2012,not-applicable,,
mus-0abd84c1f0ce76db,archive,arc-d1f7c72b8cc3eca8,89589,0abd84c1f0ce76dbeef8098dc6d102c5810dd0a7a452d9365a84f553edb1fedb,2012,not-applicable,,
mus-0abd84c1f0ce76db,archive,arc-d1f7c72b8cc3eca8,89589,0abd84c1f0ce76dbeef8098dc6d102c5810dd0a7a452d9365a84f553edb1fedb,2012,not-applicable,,
mus-cdcb31474c9b0aa8,archive,arc-d1f7c72b8cc3eca8,45957,cdcb31474c9b0aa88c9ab72db3ee8d69c0e5df4b9e32d78e0041466ff1e16844,2012,not-applicable,,
mus-cdcb31474c9b0aa8,archive,arc-d1f7c72b8cc3eca8,45957,cdcb31474c9b0aa88c9ab72db3ee8d69c0e5df4b9e32d78e0041466ff1e16844,2012,not-applicable,,
mus-187cda7039a399b8,archive,arc-d1f7c72b8cc3eca8,84688,187cda7039a399b8a5da8975370ce3b0998c74ca44a0c04343aec23b6af02692,2012,not-applicable,,
mus-739eb29ae403ab1d,archive,arc-d1f7c72b8cc3eca8,283347,739eb29ae403ab1d68f78ba13b49ce5cc7efb11f9779d75c61215d0dc64784ab,2012,not-applicable,,
mus-d1275a51310c3126,archive,arc-d1f7c72b8cc3eca8,283456,d1275a51310c31266bb19fa5c664b53dbc472c90e7358fbc22a9427d255811a9,2012,not-applicable,,
mus-b75c64513068a489,archive,arc-d1f7c72b8cc3eca8,152475,b75c64513068a489bb4f8218e5d128e451d158c82a231904135022d6c2901008,2012,not-applicable,,
mus-b75c64513068a489,archive,arc-d1f7c72b8cc3eca8,152475,b75c64513068a489bb4f8218e5d128e451d158c82a231904135022d6c2901008,2012,not-applicable,,
mus-5ec7132c8f73f0c4,archive,arc-d1f7c72b8cc3eca8,267028,5ec7132c8f73f0c409f1b38cfb4e61a12383df7f48a7b70359532eef3d621530,2012,not-applicable,,
mus-86dc67ba53adbc71,archive,arc-d1f7c72b8cc3eca8,267074,86dc67ba53adbc713f86b1c8f5bc7577f0d8e8e1b6ff4721b13f81780a67f03b,2012,not-applicable,,
mus-e4c27b3fb1ade709,archive,arc-d1f7c72b8cc3eca8,163658,e4c27b3fb1ade709506e996452a04fffac09b8c95552e094a187cb5eb7d48bf5,2012,not-applicable,,
mus-4d74cd795d318879,archive,arc-d1f7c72b8cc3eca8,163668,4d74cd795d318879741df20859baf59cd065c733e46d9c5f4a15feb7f55bd15d,2012,not-applicable,,
mus-9ae7f13eca4cd133,archive,arc-d1f7c72b8cc3eca8,302452,9ae7f13eca4cd133404ba9d0a9f043de9b21d9acc3ca709635a1a1114bacbac8,2012,not-applicable,,
mus-70984c8dc5d347ad,archive,arc-d1f7c72b8cc3eca8,302326,70984c8dc5d347ad365f96b68bb213626ba3beb06169cf414d96c43eff72c026,2012,not-applicable,,
mus-ccf54c690b05db32,archive,arc-d1f7c72b8cc3eca8,161599,ccf54c690b05db32b05ac740a51e002f757243ada2ad16db85f59acabd504088,2012,not-applicable,,
mus-4433a8323fd58ea1,archive,arc-d1f7c72b8cc3eca8,160969,4433a8323fd58ea172bf19c9d2e19b24b9ad99e1af7def4ed8adb66b19dc4053,2012,not-applicable,,
mus-97371022798fdd14,archive,arc-d1f7c72b8cc3eca8,44926,97371022798fdd144518ad6d02b65587488334f5289591a992fd8641709ed370,2012,not-applicable,,
mus-77213c6a7fdb33cf,archive,arc-d1f7c72b8cc3eca8,44637,77213c6a7fdb33cf266a44412a0970f1d6402ab7bb7ce872e8a6f7e28d7eaf95,2012,not-applicable,,
mus-99bd2d8b0769f0ff,archive,arc-d1f7c72b8cc3eca8,50136,99bd2d8b0769f0ffa186693f6782c65b25c6c755b2eecd7cfff7ffa441a4d5c3,2012,not-applicable,,
mus-3ff41f805cfba7df,archive,arc-d1f7c72b8cc3eca8,49990,3ff41f805cfba7df40e836b0abad2b28a2b892b4ab87873ca4731b29740f6a16,2012,not-applicable,,
mus-a9381b06bcbc2611,archive,arc-d1f7c72b8cc3eca8,153289,a9381b06bcbc26112b4872d88f84140e46e04712a985599686bf35a861f058d7,2012,not-applicable,,
mus-bfc19150fa852f81,archive,arc-d1f7c72b8cc3eca8,152330,bfc19150fa852f8139a430d303c09e80c2151e90e2b3f22930ac0c3aff272c29,2012,not-applicable,,
mus-3760c97936e1cffb,archive,arc-d1f7c72b8cc3eca8,271001,3760c97936e1cffb69c99d2dc88a04e0e7f0d5b19d989735d4325b7299ff889e,2012,not-applicable,,
mus-8a110f04bef8af70,archive,arc-d1f7c72b8cc3eca8,270508,8a110f04bef8af701d6f88f293edc4e493cc1b7a97c1e487e95201338418d7e4,2012,not-applicable,,
mus-a69e757fcc6ed6d7,archive,arc-d1f7c72b8cc3eca8,160866,a69e757fcc6ed6d7c5d8520bf003d9435eccd150788cbae823b2f5a99fb815b1,2012,not-applicable,,
mus-a69e757fcc6ed6d7,archive,arc-d1f7c72b8cc3eca8,160866,a69e757fcc6ed6d7c5d8520bf003d9435eccd150788cbae823b2f5a99fb815b1,2012,not-applicable,,
mus-399d7f88dd41758f,archive,arc-d1f7c72b8cc3eca8,310404,399d7f88dd41758f00ff50a412ebb827f3f8583dc7b1ff29d8f5d4e00b753f41,2012,not-applicable,,
mus-6bcc859556ce4bc7,archive,arc-d1f7c72b8cc3eca8,169479,6bcc859556ce4bc7ced26fc82e3e13e0ff1644f6275e09ad2cec105b790ffb23,2012,not-applicable,,
mus-90e74d9376b646e1,archive,arc-d1f7c72b8cc3eca8,174826,90e74d9376b646e14c7c048b05c349a8ca1dc665d5a65babc909419732c1777b,2012,not-applicable,,
mus-714bd2c093d76cf3,archive,arc-d1f7c72b8cc3eca8,152335,714bd2c093d76cf324276f5311593f5130504deb929e043667b5e19fad2139d7,2012,not-applicable,,
mus-bfc19150fa852f81,archive,arc-d1f7c72b8cc3eca8,152330,bfc19150fa852f8139a430d303c09e80c2151e90e2b3f22930ac0c3aff272c29,2012,not-applicable,,
mus-c262955a423339b9,archive,arc-d1f7c72b8cc3eca8,234107,c262955a423339b9aea9d9ae6830232953473b97e5b808319611f330e28bac77,2012,not-applicable,,
mus-ad58b8c5685ec68c,archive,arc-d1f7c72b8cc3eca8,233800,ad58b8c5685ec68cfcf5ee4837879d51a3b07b5694cf9eccafc522d28b35759a,2012,not-applicable,,
mus-379a4cc9f02cfd74,archive,arc-d1f7c72b8cc3eca8,127644,379a4cc9f02cfd74373be7abe8dff5c8bf0c9186ddc47d50754bf9903701f55f,2012,not-applicable,,
mus-078cb691686b1495,archive,arc-d1f7c72b8cc3eca8,112794,078cb691686b14952aa56e549f471ae76b21c51589442faf98e2301caba6f06a,2012,not-applicable,,
mus-078cb691686b1495,archive,arc-d1f7c72b8cc3eca8,112794,078cb691686b14952aa56e549f471ae76b21c51589442faf98e2301caba6f06a,2012,not-applicable,,
mus-84e5d17ab07dc545,archive,arc-d1f7c72b8cc3eca8,269413,84e5d17ab07dc545b5f7a4ad2c33060acb988cb32d1710517ec0a54f85215131,2012,not-applicable,,
mus-330e09538d5d5759,archive,arc-d1f7c72b8cc3eca8,269476,330e09538d5d5759957d1cc765789638337ff128e56ee0237270a8ed27805346,2012,not-applicable,,
mus-fa0f15fa0f47b5dd,archive,arc-d1f7c72b8cc3eca8,174710,fa0f15fa0f47b5dde9652c2f06ade1b4db5e14974ec6a080ca36b60359c252fc,2012,not-applicable,,
mus-804cd8178d183c26,archive,arc-d1f7c72b8cc3eca8,112167,804cd8178d183c266678972f046aead59a5fbad6063f3cd6d8f0b7bd10deccc6,2012,not-applicable,,
mus-2efe8995c37b25ba,archive,arc-d1f7c72b8cc3eca8,232379,2efe8995c37b25ba52099d993b54fbaf93fd7f2cae2c408187464f5b71ca2585,2012,not-applicable,,
mus-59c64791a6105989,archive,arc-d1f7c72b8cc3eca8,274130,59c64791a6105989702865e932bb0c8e5ddf429d706fcdd2535512f7d4341baf,2012,not-applicable,,
mus-23d642a6872c332b,archive,arc-d1f7c72b8cc3eca8,89756,23d642a6872c332b505d45340c6d514b5fd5fd21211b012ad12725965a58dadf,2012,not-applicable,,
mus-cec52969cddb24b2,archive,arc-d1f7c72b8cc3eca8,89753,cec52969cddb24b2be1261dc294b8118ef79e64f29553bface1d94da35024fab,2012,not-applicable,,
mus-c38ddd4fe9fb962d,archive,arc-d1f7c72b8cc3eca8,451116,c38ddd4fe9fb962d9d89592fbf43c50ca47fd3090df1721a072a306eed33d133,2012,not-applicable,,
mus-c7613a83abad3648,archive,arc-d1f7c72b8cc3eca8,398694,c7613a83abad364820de29c16825e4ae582aad7847818c75a2b479d9cc0e2da5,2012,not-applicable,,
mus-186a19f3b541ff4d,archive,arc-d1f7c72b8cc3eca8,384279,186a19f3b541ff4dbfa3bb4967083d5da9492d70013a8e8c397d4e87017905d1,2012,not-applicable,,
mus-fcb3d631b9d73eb5,archive,arc-d1f7c72b8cc3eca8,384260,fcb3d631b9d73eb5e79bc96b4601afece0b41beb72ea7f651beb3807559b3850,2012,not-applicable,,
mus-03fa7a86d6bf7657,archive,arc-d1f7c72b8cc3eca8,288175,03fa7a86d6bf76575f7cb438243be0ad189ae30bab47b29e9c54a5a8f07e5bb1,2012,not-applicable,,
mus-7104449dccd5eca2,archive,arc-d1f7c72b8cc3eca8,287813,7104449dccd5eca2d72f10b9031d1b6f6ee36fa4d8500d034b753d74b5884ad0,2012,not-applicable,,
mus-114cf7f488a4b2c9,archive,arc-d1f7c72b8cc3eca8,5004,114cf7f488a4b2c93e999af26bce7772000d2c582639e656b8568a198521fa30,2006,not-applicable,,
mus-9d4215f01415d086,archive,arc-d1f7c72b8cc3eca8,78031,9d4215f01415d086b262fded16e87124ff04f54c8111224892e1f1b64762d745,2006,not-applicable,,
mus-8a0c138aab00bc36,archive,arc-d1f7c72b8cc3eca8,70269,8a0c138aab00bc36fa75dc245703c871f73b50b1dcddfc7e0d353f4394041a1a,2008,not-applicable,,
mus-914facfa689fd2f7,archive,arc-d1f7c72b8cc3eca8,265117,914facfa689fd2f713ca138899924260c9a6bf5174467a8b31e31967d5c86f4a,2005,not-applicable,,
mus-ee29ced1f4e42684,archive,arc-d1f7c72b8cc3eca8,121004,ee29ced1f4e42684eaac3e91c44308cca95d1ea61c7c07bc6951d0fd40d8d84d,2005,not-applicable,,
mus-296f7491c515a265,archive,arc-d1f7c72b8cc3eca8,116813,296f7491c515a265b8c932626536a77704a31f31ab0178072589145abf855d16,2005,not-applicable,,
mus-e7509d1af3abaf2d,archive,arc-d1f7c72b8cc3eca8,55381,e7509d1af3abaf2dbd4a25ac323ef1bc301b4ef0ac5e686909265fa36e4ae261,2005,not-applicable,,
mus-d6e9be1ea8ab9ebe,archive,arc-d1f7c72b8cc3eca8,239491,d6e9be1ea8ab9ebeeadb5630b4bc8e72e5512db229c5cb20de7924cd4635ac63,2005,not-applicable,,
mus-6e8913bce8dbc8ea,archive,arc-d1f7c72b8cc3eca8,164878,6e8913bce8dbc8ea37324f355fa7d2bb2bce0808eb24abe278206bc60116fc42,2005,not-applicable,,
mus-ba3c0ed11c3487a9,archive,arc-d1f7c72b8cc3eca8,122050,ba3c0ed11c3487a95783b752645848dde520cebb2b698d9fc3244570c4b59b2b,2005,not-applicable,,
mus-effebcc213db952d,archive,arc-d1f7c72b8cc3eca8,113653,effebcc213db952d64d31987ce724e373f6099dad45a59919e2c51faf9d89803,2005,not-applicable,,
mus-54003ebdde29c15e,archive,arc-d1f7c72b8cc3eca8,102639,54003ebdde29c15e2067106bfb32ada2483b4b019df39a026babebf889f620b7,2005,not-applicable,,
mus-4175f1fea889c54b,archive,arc-d1f7c72b8cc3eca8,48923,4175f1fea889c54be233fb8ad1f7751055ce6e01bdcf6b44efc87ae3f1c6b85a,2012,not-applicable,,
mus-8123a222a34a4ae3,archive,arc-d1f7c72b8cc3eca8,48952,8123a222a34a4ae3f4574df29f63cd87f8b6adcc8ce467be48c4dc824829d544,2012,not-applicable,,
mus-7ba08a01d6210757,archive,arc-d1f7c72b8cc3eca8,39935,7ba08a01d62107572166644160ed774ede71a5b79696b7a50d9bef982781d48b,2012,not-applicable,,
mus-486ad47bc1af92ae,archive,arc-d1f7c72b8cc3eca8,41082,486ad47bc1af92ae415563453ae9a6f40a49c917d68c6babaf0c5a7b37110819,2012,not-applicable,,
mus-6553e6902c07409a,archive,arc-d1f7c72b8cc3eca8,257720,6553e6902c07409a429e67660ad643462a071670b601d0afe4d6ac0b0e3a6e68,2007,not-applicable,,
mus-fc523122538baca8,archive,arc-d1f7c72b8cc3eca8,219384,fc523122538baca8866bfb3f9921bb22abfb314a8ed4a6bd8c76283ae4063a71,2007,not-applicable,,
mus-b62217245db6855d,archive,arc-d1f7c72b8cc3eca8,227808,b62217245db6855db3992801bd4677ff639c239aab1a86e4021d029ce48d35f6,2007,not-applicable,,
mus-3bf7b0b4642cb493,archive,arc-d1f7c72b8cc3eca8,15320,3bf7b0b4642cb49331fe4f7f68a5c3096976206311f54e5f91014be4a7edafe3,2008,not-applicable,,
mus-42381fd1ba61e734,archive,arc-d1f7c72b8cc3eca8,17311,42381fd1ba61e734fd6ef8f640f4327786de54f61dabb19341f108b8bbbe5345,2008,not-applicable,,
mus-1d7e0c445793c745,archive,arc-d1f7c72b8cc3eca8,40707,1d7e0c445793c74577be97b986d726b5af897f2054da588796affae62ed8d272,2012,not-applicable,,
mus-ac60c6452b5686b7,archive,arc-d1f7c72b8cc3eca8,40707,ac60c6452b5686b7a58b679e977221c6b307ee4af149c416bcccf7d197d8b49a,2012,not-applicable,,
mus-7ab2fe7f90677dd3,archive,arc-d1f7c72b8cc3eca8,59442,7ab2fe7f90677dd35689b0c3835a0a1a8751db9dee8e5e401fcd7d4e0f193ab5,2012,not-applicable,,
mus-e631ca39212bab4a,archive,arc-d1f7c72b8cc3eca8,59528,e631ca39212bab4ac31175876d48b79d50e3796a8a081cd7c8fb047a89add664,2012,not-applicable,,
mus-516d7830f69b2be7,archive,arc-d1f7c72b8cc3eca8,43148,516d7830f69b2be79d2ac357cc0ab1e8f39491603a79fe5299e40164ee0f7627,2012,not-applicable,,
mus-29cf0d7246c4c02f,archive,arc-d1f7c72b8cc3eca8,45681,29cf0d7246c4c02f1a74e0e78291702c4232dbdc72134520b46f57a8b2a042ce,2012,not-applicable,,
mus-46907297ae3d2d2c,archive,arc-d1f7c72b8cc3eca8,79856,46907297ae3d2d2c6205448d8cf5610c4f229418871c8f642d14ec765da95bfe,2012,not-applicable,,
mus-c387c19705ad7e1f,archive,arc-d1f7c72b8cc3eca8,77443,c387c19705ad7e1fa2248cdeee7d03c01ec9d34e43ad3aa7e36bf5a5da6a7d7e,2012,not-applicable,,
mus-63c5b349cb46d87a,archive,arc-d1f7c72b8cc3eca8,42493,63c5b349cb46d87a31ba2fb1710b177e1601a4d9363d4020de4779ac1ffebbb3,2012,not-applicable,,
mus-0ef1987f3df413ba,archive,arc-d1f7c72b8cc3eca8,42493,0ef1987f3df413ba18cbafd348aeb4d3817c556233f771df44665115a2255225,2012,not-applicable,,
mus-cfab8a46ed5c3064,archive,arc-d1f7c72b8cc3eca8,684694,cfab8a46ed5c30647c7a993f3e3b7666f34d725ad55c7749773570065ff8e96f,2005,not-applicable,,
mus-04224ff273ea7d1f,archive,arc-d1f7c72b8cc3eca8,71819,04224ff273ea7d1f8533df426ffc62cea0418c2993ee646d2c2b84be2632af07,2012,not-applicable,,
mus-4dfa999ef86f0239,archive,arc-d1f7c72b8cc3eca8,14341,4dfa999ef86f02391b852a041715030f427efb5e8174be57429d76af4ae43ceb,2007,not-applicable,,
mus-fe2aafdaa2f90d6c,archive,arc-d1f7c72b8cc3eca8,338388,fe2aafdaa2f90d6c851b868b59ca20443184e260042736387a2f859fb21ef5f0,2005,not-applicable,,
mus-d29ef08dc42eca20,archive,arc-d1f7c72b8cc3eca8,63945,d29ef08dc42eca208668b4a80b2b897179b1d6efb1cd2a983deeeefd2b94483e,2007,not-applicable,,
mus-54cdcaf5eb276031,archive,arc-d1f7c72b8cc3eca8,75906,54cdcaf5eb276031ecacc2f7f93b17cabd8edde92d62c08ebf107067f6eea41d,2005,not-applicable,,
mus-e25cf21bbc91a90d,archive,arc-d1f7c72b8cc3eca8,73470,e25cf21bbc91a90de2dff33fee2b4be4c921cef5c36a935d4b587cf80e20e837,2005,not-applicable,,
mus-a800202fe526d6ba,archive,arc-d1f7c72b8cc3eca8,177830,a800202fe526d6ba3a92fb8fb475fd78fbfce385435cf141ba0443fa8cefb23a,2005,not-applicable,,
mus-729fe738d3ce3b4c,archive,arc-d1f7c72b8cc3eca8,222441,729fe738d3ce3b4cff4eeba5738812200c9cfb43b2421c808743ca88c75a07ec,2007,not-applicable,,
mus-0da6eebb3554e5b1,archive,arc-d1f7c72b8cc3eca8,189991,0da6eebb3554e5b1f8c15adcd9f2dac5edaef52c250200be56a72ede3b5eb039,2007,not-applicable,,
mus-37258935b4aa7310,archive,arc-d1f7c72b8cc3eca8,191414,37258935b4aa7310b1e800990ee462074daa0ee3d141c81548b3d1e98e8dab5e,2007,not-applicable,,
mus-5ee6f661d2af859e,archive,arc-d1f7c72b8cc3eca8,123040,5ee6f661d2af859ea28cabada0a28410d6f86bc6d3a018482f930a430f818eae,2006,not-applicable,,
mus-4e74ea0143b6847e,archive,arc-d1f7c72b8cc3eca8,79500,4e74ea0143b6847eb9cb796985ef1935a060a479716761727fc482c45603547e,2005,not-applicable,,
mus-df77a9fb180176b2,archive,arc-d1f7c72b8cc3eca8,58018,df77a9fb180176b20dbd06f038384d38eca4dbf425baa731d884dacd4884193a,2007,not-applicable,,
mus-ccbdb81e8533ad8b,archive,arc-d1f7c72b8cc3eca8,212732,ccbdb81e8533ad8bdfb76d6f712635ca16fa5b30a0269558b5d3bb64ce430fa5,2012,not-applicable,,
mus-04555a76ead7e711,archive,arc-d1f7c72b8cc3eca8,162037,04555a76ead7e7116ba79a51b89eed270a8e1877f4ca8eb84d06395231202e2d,2012,not-applicable,,
mus-81bf8644f901b86e,archive,arc-d1f7c72b8cc3eca8,1485322,81bf8644f901b86ec7873b173a00021d5107277b8450e14acdee704378e0c97f,2000,not-applicable,,
mus-e210d9e6444d74c7,archive,arc-d1f7c72b8cc3eca8,185080,e210d9e6444d74c753e3dbc438681ca677b016866a0771b38477de558b8185cd,2008,not-applicable,,
mus-16ed66b32bd484b6,archive,arc-d1f7c72b8cc3eca8,165960,16ed66b32bd484b69ebcec87bbd52bff8155818f5802154c17a8ef69a22e5968,2012,not-applicable,,
mus-d0303d285a5d674f,archive,arc-d1f7c72b8cc3eca8,305936,d0303d285a5d674fae3058c5892f76d4183301ad32e7a387d9b016a526d1a179,2005,not-applicable,,
mus-140094eefee87955,archive,arc-d1f7c72b8cc3eca8,242180,140094eefee8795514a8d5b9a8017c060a550581c03430cbe9cdb000a5c457db,2005,not-applicable,,
mus-260f61c76a8ce168,archive,arc-d1f7c72b8cc3eca8,124523,260f61c76a8ce1680f219f763b96ef9b3863011e9f25d2e9dfde4ff5a07fb16a,2012,not-applicable,,
mus-260f61c76a8ce168,archive,arc-d1f7c72b8cc3eca8,124523,260f61c76a8ce1680f219f763b96ef9b3863011e9f25d2e9dfde4ff5a07fb16a,2012,not-applicable,,
mus-3c4d0f1d8432c115,archive,arc-d1f7c72b8cc3eca8,78382,3c4d0f1d8432c11577be3b5cc0eaba009e02b08844de8ac02c564d8d309caf1e,2012,not-applicable,,
mus-1f60af36b3a3b176,archive,arc-d1f7c72b8cc3eca8,461769,1f60af36b3a3b17630fe8a9d47055fd6be64ff7f2f88c71faf6901f716726f73,2012,not-applicable,,
mus-194f1a2bb435d091,archive,arc-d1f7c72b8cc3eca8,78513,194f1a2bb435d091f9dfb2a4a4dae287255e1c354a95c605feda6a40fc6a763d,2012,not-applicable,,
mus-ceb79e02e9642f9d,archive,arc-d1f7c72b8cc3eca8,94874,ceb79e02e9642f9d00df934c2df7a1a594cb0440af063f471f5ed1cbfa305b18,2012,not-applicable,,
mus-aabf4a28b0cfa2d4,archive,arc-d1f7c72b8cc3eca8,94899,aabf4a28b0cfa2d4064e0160a0e9d541e2464fe172c4f3c5f7f86d68ab613c01,2012,not-applicable,,
mus-0a35ab4735e3b5df,archive,arc-d1f7c72b8cc3eca8,74404,0a35ab4735e3b5df2935acabd42049e7ab31eb3f43fc9444694b8aced059d82d,2008,not-applicable,,
mus-3b1343995cd21fd5,archive,arc-d1f7c72b8cc3eca8,86108,3b1343995cd21fd5d2bb0c706f2bc146aa532792bccd4d62cd6da0c1e47a7508,2012,not-applicable,,
mus-6c636efebe9d5551,archive,arc-d1f7c72b8cc3eca8,41851,6c636efebe9d555192f971787d8a2eb28173666511c58132818ebfd90f395b5f,2012,not-applicable,,
mus-cc9de5dbb5a06f9f,archive,arc-d1f7c72b8cc3eca8,42084,cc9de5dbb5a06f9f4555bfcf441304dc6b18c5b3870ee09cf213df5e3ba8c3f6,2012,not-applicable,,
mus-8dab604514a4c9cf,archive,arc-d1f7c72b8cc3eca8,59057,8dab604514a4c9cfb46a6049ffae86d5ec576b4265d374ead5ff077604c30304,2012,not-applicable,,
mus-acab6f3290bce832,archive,arc-d1f7c72b8cc3eca8,59057,acab6f3290bce8329adf64a2827ddf53da8a149bc3814ea9e129e5dedd028abe,2012,not-applicable,,
mus-f780d407b04e9ab5,archive,arc-d1f7c72b8cc3eca8,56912,f780d407b04e9ab5367885ab0f7b5d0502d1aaa114dad83bab0fab62a7baa39e,2012,not-applicable,,
mus-ef30114b7d5600c9,archive,arc-d1f7c72b8cc3eca8,75439,ef30114b7d5600c94cb7641d6e86b9d7b6cb2fd78c7b4a16d7f50a90095c623a,2012,not-applicable,,
mus-4ace82a3d981e7a8,archive,arc-d1f7c72b8cc3eca8,75439,4ace82a3d981e7a81b044df48adcbaa16d933bd99d418f066b5bf6d6e49d646b,2012,not-applicable,,
mus-271cf68813bc62c5,archive,arc-d1f7c72b8cc3eca8,59245,271cf68813bc62c5aee4b508a9e48cef583cbfacc742d4bf1366e39efa44c685,2012,not-applicable,,
mus-787a4272758d925c,archive,arc-d1f7c72b8cc3eca8,59245,787a4272758d925c7a7b1a215d9f09c82c075db6a67115960a73dd61ec1ee674,2012,not-applicable,,
mus-1c53ab49027eb35d,archive,arc-d1f7c72b8cc3eca8,42115,1c53ab49027eb35d0ddf48d8e0c3017554bfd77d6001e08fe598c96333c8b68b,2012,not-applicable,,
mus-38a9b50f125ebe7e,archive,arc-d1f7c72b8cc3eca8,42189,38a9b50f125ebe7e712117e0ec7ed5ba8a09690f1624c3fd2687289a6b7ae917,2012,not-applicable,,
mus-67a088418fac10dc,archive,arc-d1f7c72b8cc3eca8,41128,67a088418fac10dcfaa63d33552d2a7c6a806cab941613f0ed0707756a4d91cf,2012,not-applicable,,
mus-67a088418fac10dc,archive,arc-d1f7c72b8cc3eca8,41128,67a088418fac10dcfaa63d33552d2a7c6a806cab941613f0ed0707756a4d91cf,2012,not-applicable,,
mus-f99412fa924e7fe8,archive,arc-d1f7c72b8cc3eca8,124852,f99412fa924e7fe829a413cdc6e3f7c0c5ec1dca6c5d47ca3882088a6453d99f,2012,not-applicable,,
mus-f99412fa924e7fe8,archive,arc-d1f7c72b8cc3eca8,124852,f99412fa924e7fe829a413cdc6e3f7c0c5ec1dca6c5d47ca3882088a6453d99f,2012,not-applicable,,
mus-db499730eceec3fe,archive,arc-d1f7c72b8cc3eca8,94794,db499730eceec3fef7f2c956c8f986be0cc4240a07a9fa5adb33a47c0b1a0839,2012,not-applicable,,
mus-d13ba896646bd222,archive,arc-d1f7c72b8cc3eca8,94899,d13ba896646bd2223d0d5337020cf36b2168ea4c481c8f7dfff1c9f6ed11bc4f,2012,not-applicable,,
mus-c6eab1ce4391eb62,archive,arc-d1f7c72b8cc3eca8,27120,c6eab1ce4391eb6200d345fc311af9c266501289ecb5415b547118cdc2b10b8a,2005,not-applicable,,
mus-b768700c61596826,archive,arc-d1f7c72b8cc3eca8,24911,b768700c615968260c5de05c32ba30d929f518e187776e62a6c3e68f9f8fd24a,2006,not-applicable,,
mus-2d41f1c5325de1d0,archive,arc-d1f7c72b8cc3eca8,54034,2d41f1c5325de1d051f631d062acec0e6b80653a087d2bbbf0e61d9157f1d546,2007,not-applicable,,
mus-066a716a58431e61,archive,arc-d1f7c72b8cc3eca8,116363,066a716a58431e6181ff6864b9b3ebbeb750dbe225efa3dff59546ae448c9078,2005,not-applicable,,
mus-55aee1e3b8e27f4c,archive,arc-d1f7c72b8cc3eca8,55757,55aee1e3b8e27f4c177799f752c852adeda855dce109439676b643afb7eb65e1,2006,not-applicable,,
mus-be1b1363d8e2e5a9,archive,arc-d1f7c72b8cc3eca8,82740,be1b1363d8e2e5a983a1cd3774de34afc01cd8221623aad02a6044b65a77cd09,2005,not-applicable,,
mus-2efeeaea6e8c3c07,archive,arc-d1f7c72b8cc3eca8,38852,2efeeaea6e8c3c078b1a673c7cc16936fdd50ffd98ef25daa8b1ba9be7a84fd5,2007,not-applicable,,
mus-903652d739f1df60,archive,arc-d1f7c72b8cc3eca8,36184,903652d739f1df609055e427b6fd34553b240ded9da731f384aa351e7e4f8bdc,2012,not-applicable,,
mus-c76a49cf14cfebe1,archive,arc-d1f7c72b8cc3eca8,36182,c76a49cf14cfebe1b134721135dfa84db4ade4a54d76d3a09cda8821d0859147,2012,not-applicable,,
mus-6555e18377c48b6a,archive,arc-d1f7c72b8cc3eca8,124800,6555e18377c48b6ad806357f14b425f2f0890dd6664b9636e761dea372d57af1,2007,not-applicable,,
mus-9e9313db5295fe85,archive,arc-d1f7c72b8cc3eca8,46071,9e9313db5295fe85107c4b32a8c450a5ba72180a5ce05d805639e6ee0e82090e,2012,not-applicable,,
mus-9e9313db5295fe85,archive,arc-d1f7c72b8cc3eca8,46071,9e9313db5295fe85107c4b32a8c450a5ba72180a5ce05d805639e6ee0e82090e,2012,not-applicable,,
mus-47a15161a7b401a1,archive,arc-d1f7c72b8cc3eca8,46065,47a15161a7b401a182b5c390d3222294aea74818c21141bb086da9cb41498ba1,2012,not-applicable,,
mus-47a15161a7b401a1,archive,arc-d1f7c72b8cc3eca8,46065,47a15161a7b401a182b5c390d3222294aea74818c21141bb086da9cb41498ba1,2012,not-applicable,,
mus-afed7d333207d3f1,archive,arc-d1f7c72b8cc3eca8,46072,afed7d333207d3f13cc7518f1e13fe63065abbe29fc734aa97523f8aa0f5dabd,2012,not-applicable,,
mus-06a5961128dac83d,archive,arc-d1f7c72b8cc3eca8,51818,06a5961128dac83d8b771f722a221fc957fef905c77330213e027a5b8a4e0959,2007,not-applicable,,
mus-fb0cd6f028cbff01,archive,arc-d1f7c72b8cc3eca8,50842,fb0cd6f028cbff01723a9ceb40ec8850c00c9b2d9c52f9b4870d7027e8d5f7fd,2012,not-applicable,,
mus-fb458589931f35ac,archive,arc-d1f7c72b8cc3eca8,32653,fb458589931f35ac691373d681c792b5477e2168a399059360eb39539523db57,2006,not-applicable,,
mus-9ccfc49e4a968324,archive,arc-d1f7c72b8cc3eca8,28925,9ccfc49e4a9683246f0ee647de2da683a61c6e707fae6b9d3639665ce2f5b858,2012,not-applicable,,
mus-4c75dfe49da42598,archive,arc-d1f7c72b8cc3eca8,28926,4c75dfe49da425980392b99bcb3260622212cdb33caf6e1543c59c6158689ea4,2012,not-applicable,,
mus-a5be5ad42039d476,archive,arc-d1f7c72b8cc3eca8,28876,a5be5ad42039d4760ffa142cdc5ea8dd92818470b87dbb5a3e6f0ee10f02f0c8,2012,not-applicable,,
mus-ca7e1aed45bb0941,archive,arc-d1f7c72b8cc3eca8,28875,ca7e1aed45bb0941b409bd51a7150844a2b5f459d48f92bc7086e77778a91474,2012,not-applicable,,
mus-f14391e286de3f1a,archive,arc-d1f7c72b8cc3eca8,294690,f14391e286de3f1a2c95e073fa971ee71a64ac040370ca8170c7b6ca15286264,2008,not-applicable,,
mus-f327184546576aae,archive,arc-d1f7c72b8cc3eca8,157175,f327184546576aae4259ad9390aad10a2ca7c2c9289b3751d03cd1a9377d0897,2007,not-applicable,,
mus-95c6714392b476a1,archive,arc-d1f7c72b8cc3eca8,28329,95c6714392b476a19ed5e51f49c7920c9e4be32abd041997414e22de352631ac,2005,not-applicable,,
mus-82109e3d9b0beb7b,archive,arc-d1f7c72b8cc3eca8,90392,82109e3d9b0beb7bb69a3f52b2e25dae3edd31aed5aa5f1d3405af39b868584e,2005,not-applicable,,
mus-50719ff5d37bed31,archive,arc-d1f7c72b8cc3eca8,85204,50719ff5d37bed31047ea866d60f590b6bde227161c030c0ac0973284043b1b9,2005,not-applicable,,
mus-0273bb555e96efb8,archive,arc-d1f7c72b8cc3eca8,221487,0273bb555e96efb86b3ca3474e2d568d1a6a76d6296ad8fe9e07cf910bdc46b9,2008,not-applicable,,
mus-31a428f3b63756c3,archive,arc-d1f7c72b8cc3eca8,295409,31a428f3b63756c3c2ab8d03d6823815514e72fcc187c42601cf05ae0fb5ad59,2008,not-applicable,,
mus-bb5833bc4cbabe2a,archive,arc-d1f7c72b8cc3eca8,7008,bb5833bc4cbabe2a0b85284bd79a5aecacb4cfa7dbb405106d6c6c1e815a4b02,2003,not-applicable,,
mus-8ff1e13794f694ee,archive,arc-d1f7c72b8cc3eca8,40362,8ff1e13794f694ee5f452e636075d147c7602f75e066aa8bf86ac20399380e01,2012,not-applicable,,
mus-0fe1afdb26fad32b,archive,arc-d1f7c72b8cc3eca8,40064,0fe1afdb26fad32b430dea66bcb4bc66fa948b2867784722b6eeff34059d81c0,2012,not-applicable,,
mus-f106150fbc6a589d,archive,arc-d1f7c72b8cc3eca8,42489,f106150fbc6a589dc5dff8842f89a346c55860c4bcf9be504adcedb041ab7479,2012,not-applicable,,
mus-f106150fbc6a589d,archive,arc-d1f7c72b8cc3eca8,42489,f106150fbc6a589dc5dff8842f89a346c55860c4bcf9be504adcedb041ab7479,2012,not-applicable,,
mus-dd28bf6abf0b3dbe,archive,arc-d1f7c72b8cc3eca8,42443,dd28bf6abf0b3dbe9d626df7fd6cc8c4885499f1a07c42c3cf0fbb5e56ce105a,2012,not-applicable,,
mus-8e7dd3a73ad7e1ab,archive,arc-d1f7c72b8cc3eca8,41881,8e7dd3a73ad7e1ab53136b8a8f08bcbc0a55de9a1150b8ca60877d840dc87074,2012,not-applicable,,
mus-a5307ae87e85fc70,archive,arc-d1f7c72b8cc3eca8,41888,a5307ae87e85fc70b45b6d83136639e12ab4aa661aed7f7bc86e86f68c655a32,2012,not-applicable,,
mus-f3a4f87f6912895e,archive,arc-d1f7c72b8cc3eca8,20111,f3a4f87f6912895e8c6ea5a906c8c20982800a0ff1aae5904216c3ee23da42ed,2008,not-applicable,,
mus-086dad14516d8a64,archive,arc-d1f7c72b8cc3eca8,7580,086dad14516d8a6464568df9ab0f63c7688d0b3b4ee7c8f8eff54a7ec0544446,2003,not-applicable,,
mus-0f7ed5bd148a9ad4,archive,arc-d1f7c72b8cc3eca8,3086,0f7ed5bd148a9ad43720dff8f761b4d5c74f1198a493fcb9828a2ae5f70eff65,2006,not-applicable,,
mus-9f1dd915bff7983c,archive,arc-d1f7c72b8cc3eca8,53795,9f1dd915bff7983cf7c9a53ad143f3ec79d77e59807a39d70163c405317608c1,2000,not-applicable,,
mus-5944344216c8fb05,archive,arc-d1f7c72b8cc3eca8,8611,5944344216c8fb05eaaaac93094b7e94e116bb404066d43eb3d8c023ecf976a3,2005,not-applicable,,
mus-11f4b41106f964be,archive,arc-d1f7c72b8cc3eca8,42485,11f4b41106f964bec52c556cfd8f38b6465c6e540cea20d86b4e6cafaf6969f7,2012,not-applicable,,
mus-bee79e489289211c,archive,arc-d1f7c72b8cc3eca8,46206,bee79e489289211c8fc144d721c8058cafbdc1ee43a066ac4b315b512f7062c5,2012,not-applicable,,
mus-e5ed961cdce983b8,archive,arc-d1f7c72b8cc3eca8,40726,e5ed961cdce983b828a91debfa6c1a0b24244abcb16eb588c65b8ca85024c925,2012,not-applicable,,
mus-221446423487119e,archive,arc-d1f7c72b8cc3eca8,40726,221446423487119e1819995c36329b08d6db2d9eddd2ab9b4902cdbe2a9ba5e0,2012,not-applicable,,
mus-c8ba0ea63bde161d,archive,arc-d1f7c72b8cc3eca8,40735,c8ba0ea63bde161dcfa8dfd7daab18c2a802a5a56b7847406b45d726b3bfbc8e,2012,not-applicable,,
mus-9dbedb5173d7169a,archive,arc-d1f7c72b8cc3eca8,41257,9dbedb5173d7169a887c6c00f836ade97d4008ac845935bd915567da1918cd1c,2012,not-applicable,,
mus-0ac64b0837c73a42,archive,arc-d1f7c72b8cc3eca8,32367,0ac64b0837c73a4263073c8f84d6c6b22b109cb8e866a4d931c7b60f53f74ff2,2008,not-applicable,,
mus-d8710a81cf45b6ff,archive,arc-d1f7c72b8cc3eca8,20963,d8710a81cf45b6ff2411548ca80bb02201ba0dd553be98f423caef3e008ff9b8,2008,not-applicable,,
mus-536c6af9ceaf776c,archive,arc-d1f7c72b8cc3eca8,22188,536c6af9ceaf776c37340255027c634ac5c14ffed6c788da342fe51ccc0423ed,2008,not-applicable,,
mus-7159dc5f8542def8,archive,arc-d1f7c72b8cc3eca8,24619,7159dc5f8542def8e8e2c0e5fa3202cae7c332c1794fef8129fb94f9f93859c6,2008,not-applicable,,
mus-4d754bb0e3ef7871,archive,arc-d1f7c72b8cc3eca8,19384,4d754bb0e3ef7871aa486fdd6c5fc117c227b6605bb1940c22ca86f530e7d09b,2008,not-applicable,,
mus-d3d1030e1bd460f5,archive,arc-d1f7c72b8cc3eca8,39144,d3d1030e1bd460f55b59809b3e5c274490c589c0ff60130d5004444735d44669,2012,not-applicable,,
mus-9dae1ccf41ffbf43,archive,arc-d1f7c72b8cc3eca8,45360,9dae1ccf41ffbf43112db723d365a965a55caf10fd000867e287e5b31100f1ce,2012,not-applicable,,
mus-3201f17a38d6ea34,archive,arc-d1f7c72b8cc3eca8,45360,3201f17a38d6ea349f85d3199787ea1e132be10c051120df4b7fcc3de65d6163,2012,not-applicable,,
mus-3baa764a19654906,archive,arc-d1f7c72b8cc3eca8,23926,3baa764a196549068750cd865d40f3b6ed7d50b640d91da53a3a53439096e1dd,2008,not-applicable,,
mus-0a433f23fddc6109,archive,arc-d1f7c72b8cc3eca8,69090,0a433f23fddc6109ddf02b8ef7511864177cc4ed7abb46d0b4f5f9410aced578,2012,not-applicable,,
mus-ac5aae3755fb3451,archive,arc-d1f7c72b8cc3eca8,69214,ac5aae3755fb34512ae1c8e7c1dc15afa56665142982337daa29802fd5a6f8c0,2012,not-applicable,,
mus-05aff57a2e87e4e9,archive,arc-d1f7c72b8cc3eca8,20056,05aff57a2e87e4e96290ade77bb71c495f57b140764c43f8b0cd880ab917def3,2008,not-applicable,,
mus-dc43ad4bdd9b2481,archive,arc-d1f7c72b8cc3eca8,44990,dc43ad4bdd9b248134adad20f42b36e031dfb788f7cd2432f4d9fd33f8e8ba46,2012,not-applicable,,
mus-b373c4c1091b7388,archive,arc-d1f7c72b8cc3eca8,44968,b373c4c1091b738862fbdf42e6ab934eced56585e40ea5a72a2dd3ff76d89ec2,2012,not-applicable,,
mus-e3297687d8d48858,archive,arc-d1f7c72b8cc3eca8,71134,e3297687d8d488589f168599f38bbf5182af678804c02cabd39ac47cc04dd4c2,2012,not-applicable,,
mus-bfcc2fa75eb42cad,archive,arc-d1f7c72b8cc3eca8,71134,bfcc2fa75eb42cadef4face07be374d708f0f4a86b15cb504ede87aa2360d5a5,2012,not-applicable,,
mus-a40a57c0c0ffe888,archive,arc-d1f7c72b8cc3eca8,12448,a40a57c0c0ffe888e03f561a928e853abe85477395258609a1aae2260c9bbf5d,2008,not-applicable,,
mus-4de04eac0b046c48,archive,arc-d1f7c72b8cc3eca8,12459,4de04eac0b046c484e29f0dbd4f141bb52ca34386eea153753e7e34d0fad8441,2008,not-applicable,,
mus-fddaab0a92e8bf7d,archive,arc-d1f7c72b8cc3eca8,18363,fddaab0a92e8bf7dadf4b58f573e649081cb06230619361234faddcea62b85d5,2008,not-applicable,,
mus-ac27c4806a232f3a,archive,arc-d1f7c72b8cc3eca8,11331,ac27c4806a232f3aabd2022ec2c165c780b0dac9f701e0ca67b8d0339b32b8c7,2005,not-applicable,,
mus-7ec77de3a145476a,archive,arc-d1f7c72b8cc3eca8,13424,7ec77de3a145476ae4091054a91564aead97d466d6cd24862661b5cbb681e535,2005,not-applicable,,
mus-f393bf2a4ba53b18,archive,arc-d1f7c72b8cc3eca8,14823,f393bf2a4ba53b18846941e3efff72acc1efe80202a39b70e9e2f9d7d3c78444,2005,not-applicable,,
mus-aff10c86e6e81ec4,archive,arc-d1f7c72b8cc3eca8,9436,aff10c86e6e81ec4ccb5bae4dd25f88fbe49b4f5accaa625e797bbedb55134b0,2005,not-applicable,,
mus-25a1f8b5d674d43a,archive,arc-d1f7c72b8cc3eca8,50358,25a1f8b5d674d43ae5896ad81836efc0cd313d604166cf8e2dc4e196f94cae0d,2012,not-applicable,,
mus-25a1f8b5d674d43a,archive,arc-d1f7c72b8cc3eca8,50358,25a1f8b5d674d43ae5896ad81836efc0cd313d604166cf8e2dc4e196f94cae0d,2012,not-applicable,,
mus-d523daa56fcee871,archive,arc-d1f7c72b8cc3eca8,40624,d523daa56fcee871251311f64b21201af2221387feff6b3c193051fa217ed70f,2012,not-applicable,,
mus-92386a3254e2d927,archive,arc-d1f7c72b8cc3eca8,45566,92386a3254e2d927e549e2a20c50c30ad0bb7374d98c4b6d14d019744b0f7b11,2012,not-applicable,,
mus-92386a3254e2d927,archive,arc-d1f7c72b8cc3eca8,45566,92386a3254e2d927e549e2a20c50c30ad0bb7374d98c4b6d14d019744b0f7b11,2012,not-applicable,,
mus-9624984c42b20a60,archive,arc-d1f7c72b8cc3eca8,77301,9624984c42b20a608a2dd0e4e0ec5df8adb696cdb17b738bd95d0e06e3e1dbd9,2008,not-applicable,,
mus-2b33479743b96821,archive,arc-d1f7c72b8cc3eca8,67640,2b33479743b96821b2a6478ed3bcca6f46fad550244214ac494343f29d9e5ede,2008,not-applicable,,
mus-3e883f068f6502dc,archive,arc-d1f7c72b8cc3eca8,67645,3e883f068f6502dc7de97af3ef50bfacdb43da46c4dd65005fea6c5940e812ec,2008,not-applicable,,
mus-73d3aa3ab63d8cc5,archive,arc-d1f7c72b8cc3eca8,124534,73d3aa3ab63d8cc5ac132cab07c96cd89d73b7375abb90ca22b674c7db630dab,2012,not-applicable,,
mus-1e3741212db4894a,archive,arc-d1f7c72b8cc3eca8,124816,1e3741212db4894aebe0f7b7b47a2f6fa49725f2184e7b49ded9a5d4fc64073d,2012,not-applicable,,
mus-1b292d774432ba9c,archive,arc-d1f7c72b8cc3eca8,124840,1b292d774432ba9c63ae5d0660d608607b8faf51f0974fc7fbdb49dcaf486b96,2012,not-applicable,,
mus-90299543ae568b6d,archive,arc-d1f7c72b8cc3eca8,122967,90299543ae568b6d08456a689a79039d4fb8dac8bf31be616a84e62d83891440,2012,not-applicable,,
mus-ba8abe7a30da3a29,archive,arc-d1f7c72b8cc3eca8,123041,ba8abe7a30da3a29ef58769a8679c3b1d7e8e89c8bd6373dc90e17a6e2eb103e,2012,not-applicable,,
mus-7a941673c7f1fc38,archive,arc-d1f7c72b8cc3eca8,6903,7a941673c7f1fc38654e743e6b591dd8bdbc0919987229c1eaea1e83c9b9befe,2003,not-applicable,,
mus-bd2fb485480f1343,archive,arc-d1f7c72b8cc3eca8,11664,bd2fb485480f1343146ab5f649dce89bac86bdc7cd18d1e268aab497f3d854b5,2006,not-applicable,,
mus-ece4a50d83107606,archive,arc-d1f7c72b8cc3eca8,5342,ece4a50d83107606cce4756fcf81fdd995c9bda3b5f0dae318f200efd4a9e4be,2006,not-applicable,,
mus-144844cc6f5a2de4,archive,arc-d1f7c72b8cc3eca8,127441,144844cc6f5a2de44eefe7c8b46e3e92bfb1dfc3882d10d1ed9d6555bd663140,2012,not-applicable,,
mus-d24ac3eb5aca6ba4,archive,arc-d1f7c72b8cc3eca8,127486,d24ac3eb5aca6ba410856ee4d91c7eea33000d6d6e7ae0d69b1f9fd6f4b2bc24,2012,not-applicable,,
mus-229181fc0e63e05e,archive,arc-d1f7c72b8cc3eca8,112864,229181fc0e63e05e8ff65cc6f16d6c3455c3de1445935f34547fd790ddef94b1,2012,not-applicable,,
mus-e9fe1141874570b5,archive,arc-d1f7c72b8cc3eca8,208918,e9fe1141874570b55d193307841ea4edd055ae8b1fc56b5c4cdd3c033b5fab9a,2012,not-applicable,,
mus-575dd3b2e67cd87d,archive,arc-d1f7c72b8cc3eca8,34225,575dd3b2e67cd87dd4b5943684ed61d7b6af887bd0bd4537f2137ccf8c88e7c2,2008,not-applicable,,
mus-2266a5c007767a69,archive,arc-d1f7c72b8cc3eca8,39522,2266a5c007767a6936fb116971abc8ab9a8d1a56430b47a68e992da36f7c021a,2012,not-applicable,,
mus-bf4505db7b031da9,archive,arc-d1f7c72b8cc3eca8,39275,bf4505db7b031da9f9346af94ee14db8ffa2b1d0f2d88b736fcee53dbc9743f6,2012,not-applicable,,
mus-fcff9955cf0c3acf,archive,arc-d1f7c72b8cc3eca8,153903,fcff9955cf0c3acf4a766b242febb03cc4b5e10f372340130b890f861e379897,2012,not-applicable,,
mus-3a8b724cf3adba80,archive,arc-d1f7c72b8cc3eca8,20149,3a8b724cf3adba8008f41a3e6be0e57cce63100d3cc13a73bf24bcbdec5ac376,2000,not-applicable,,
mus-f15690e7b21dc9dd,archive,arc-d1f7c72b8cc3eca8,40648,f15690e7b21dc9dd16fca71fad97c98f337dcd7439c32cea05e567d81b16cd05,2012,not-applicable,,
mus-3f80e43d1754c9c2,archive,arc-d1f7c72b8cc3eca8,40279,3f80e43d1754c9c2f1a90c5c289601ccdbcb9af875cc7fdaa0544394f287fb4f,2012,not-applicable,,
mus-971cbae417ccce2c,archive,arc-d1f7c72b8cc3eca8,92290,971cbae417ccce2c8790a5526287aaaa8d366340bf27fe7c3ed62190aa70cb4e,2000,not-applicable,,
mus-7cf5594ff02f8297,archive,arc-d1f7c72b8cc3eca8,14627,7cf5594ff02f82973f4af61c1748c8ae013c1811185744f2bed908cf9d7b10b3,2008,not-applicable,,
mus-695c518ffc008a87,archive,arc-d1f7c72b8cc3eca8,10623,695c518ffc008a872282e491bd52716b3e051e1a752e192cdf7304ed7be01266,2007,not-applicable,,
mus-426ad2523eae8a1c,archive,arc-d1f7c72b8cc3eca8,38955,426ad2523eae8a1c25e7eefdbfb1997d3e661e36a5b36296c09244274db240d2,2012,not-applicable,,
mus-50a44e6b5b2decb5,archive,arc-d1f7c72b8cc3eca8,12486,50a44e6b5b2decb55ebd699b2b733cb333f3b39ece233e9078ec06732b25a153,2007,not-applicable,,
mus-40aa1af8dd936879,archive,arc-d1f7c72b8cc3eca8,73433,40aa1af8dd936879fc1c012b8ca075588f2866f83ccc4fa88b8070fbf9cbb4a5,2000,not-applicable,,
mus-2a6c92d2f4ee3a2a,archive,arc-d1f7c72b8cc3eca8,41401,2a6c92d2f4ee3a2a02b351b02af1a817b1386ad2d0ceed4d8fd325f968dbf86f,2012,not-applicable,,
mus-5b39796a8c7ece90,archive,arc-d1f7c72b8cc3eca8,41409,5b39796a8c7ece90b7565d06c8ad6922154f0d53f5a9b49d827d8051d16c5107,2012,not-applicable,,
mus-22c87ded8d374ff1,archive,arc-d1f7c72b8cc3eca8,204333,22c87ded8d374ff1675532e4245201d7116756bacd3e1213229a970ad1363696,2012,not-applicable,,
mus-2f6af19afc75d013,archive,arc-d1f7c72b8cc3eca8,204336,2f6af19afc75d013cc5e31270043125749f78267ba9738655effbd3f5e15a455,2012,not-applicable,,
mus-3ad1f6fc53972c42,archive,arc-d1f7c72b8cc3eca8,195469,3ad1f6fc53972c42299ce8e7fd3e5185ef79196c24b19116ee9d2f4c1658cb9c,2012,not-applicable,,
mus-f480d530b9085928,archive,arc-d1f7c72b8cc3eca8,12901,f480d530b9085928fabe5d761569aaa06d72dd19719fb9bc3dc67d520f133630,2008,not-applicable,,
mus-f26f72c368cc10fb,archive,arc-d1f7c72b8cc3eca8,63834,f26f72c368cc10fb314d2389e1552126d0153e357d133c96c35e2d14379c8f83,2007,not-applicable,,
mus-b1717718a9cb5053,archive,arc-d1f7c72b8cc3eca8,17635,b1717718a9cb50531fd3e973e4df3d762ca7b946167887a972a5f22623b5a0a4,2007,not-applicable,,
mus-c39b7d20d04db82e,archive,arc-d1f7c72b8cc3eca8,103124,c39b7d20d04db82e9ca596d33e8b7d4109420538515cba80381e0676dd6fa4c8,2007,not-applicable,,
mus-78a13ba9d58fcf2f,archive,arc-d1f7c72b8cc3eca8,28696,78a13ba9d58fcf2fde5481a41a22e04e6f48bb12ed48fd131f1727b9e2dbae8a,2007,not-applicable,,
mus-127aad0b798b5bc3,archive,arc-d1f7c72b8cc3eca8,12702,127aad0b798b5bc312c90ccfa177d735d4373968aaa2cff7c575e5a14642e10c,2007,not-applicable,,
mus-4ee3bda75e137d45,archive,arc-d1f7c72b8cc3eca8,84331,4ee3bda75e137d450a13376d24a72a48a667eb0a69846c965c564863edc34f66,2006,not-applicable,,
mus-abd440d227e32e7e,archive,arc-d1f7c72b8cc3eca8,84300,abd440d227e32e7ea20dc63c14641c24c911c3b145e1024fba6007b917483b63,2006,not-applicable,,
mus-487c3d790faad9df,archive,arc-d1f7c72b8cc3eca8,201784,487c3d790faad9df4533b1df0da86f9ead7a02ba5c8c5d5eff2bbe0127861643,2007,not-applicable,,
mus-d9ace53e0bec4926,archive,arc-d1f7c72b8cc3eca8,25650,d9ace53e0bec4926aa27f0d981f76432de800ac36310254b5eca3c2badfd0835,2008,not-applicable,,
mus-b84ba21712ec5769,archive,arc-d1f7c72b8cc3eca8,40156,b84ba21712ec576921e17eabfb6d901238f2025ee84074216968141bfa41431c,2012,not-applicable,,
mus-edb65aa5ece1e002,archive,arc-d1f7c72b8cc3eca8,67113,edb65aa5ece1e00222e577342ee7dd2d70e6a2c28a701e2b4c0bcdda749b6ae3,2008,not-applicable,,
mus-c2e8beaa07b78aba,archive,arc-d1f7c72b8cc3eca8,18911,c2e8beaa07b78abaa7fd59ab45fb43755ef3d7f546649d5af8b9da1a962b096e,2007,not-applicable,,
mus-fa790a68063a3f2f,archive,arc-d1f7c72b8cc3eca8,196484,fa790a68063a3f2f9605add7697a064ced10b4e892aec69f54fa2f3a9cac38bd,2007,not-applicable,,
mus-01909be521d27392,archive,arc-d1f7c72b8cc3eca8,196954,01909be521d27392746094250aa9f7823e8c4097b26d7353e2b41821309dc086,2007,not-applicable,,
mus-a04692857ef23346,archive,arc-d1f7c72b8cc3eca8,53656,a04692857ef23346aece98b2800b6d5369cb527de3499b4e87976875106d5f97,2007,not-applicable,,
mus-2277781011df647e,archive,arc-d1f7c72b8cc3eca8,302627,2277781011df647e52190f1efee5d19a3e7e1aa4743e8bc79d936db3ce5fd70d,2005,not-applicable,,
mus-6ce0f755b3434a12,archive,arc-d1f7c72b8cc3eca8,302503,6ce0f755b3434a1212e15999865e2f1b17467fa3c055a6538ec5f89ce113f40e,2005,not-applicable,,
mus-d39bc16055875246,archive,arc-d1f7c72b8cc3eca8,302415,d39bc16055875246e4632a3ea61c113e037996644bcb619caae39e44c53df5b5,2005,not-applicable,,
mus-4c3c4c2edfab56a3,archive,arc-d1f7c72b8cc3eca8,74050,4c3c4c2edfab56a3c892bf8ef698acc4ea3d57f9e8101df0fd51417bf6009338,2005,not-applicable,,
mus-11646dd81d1c04c1,archive,arc-d1f7c72b8cc3eca8,74333,11646dd81d1c04c14c8ab90f25976e18ee3f11fe37dba328a1fe32680f7b2a80,2005,not-applicable,,
mus-b1fa3ff70783954a,archive,arc-d1f7c72b8cc3eca8,197698,b1fa3ff70783954abaf4ea1231654dbb4d17d90ec5e4db5cfbb25751fa6e758a,2007,not-applicable,,
mus-30f53b487c47dcb1,archive,arc-d1f7c72b8cc3eca8,204624,30f53b487c47dcb10704e125b24a22b3497274e237ab4752ec152017c21c42da,2005,not-applicable,,
mus-714133b9f2a05a3b,archive,arc-d1f7c72b8cc3eca8,194620,714133b9f2a05a3bb98c7ba73be1f631b6aee8797de1590090f4d0163afefe2f,2007,not-applicable,,
mus-7b6f262f3f6c9ff8,archive,arc-d1f7c72b8cc3eca8,306890,7b6f262f3f6c9ff8c553bc1ea6ae123a561d78461a93be6eeebdf12083ed9d5c,2005,not-applicable,,
mus-20823d41e50cdef9,archive,arc-d1f7c72b8cc3eca8,52992,20823d41e50cdef93962438e3fe187b8fedeaef2de3b6d98574b6407b099c90a,2012,not-applicable,,
mus-78a6b93fcc83b7ca,archive,arc-d1f7c72b8cc3eca8,39068,78a6b93fcc83b7ca3caf98ec12ed72b486ed46ec6f590f94a019bd39dc6f1e55,2012,not-applicable,,
mus-932e525a0a889d1f,archive,arc-d1f7c72b8cc3eca8,39902,932e525a0a889d1ff48baa6d0050e2698db73542414e37c6dbabb14ed496dd40,2012,not-applicable,,
mus-97fa54c302fd5c36,archive,arc-d1f7c72b8cc3eca8,39949,97fa54c302fd5c360fdb7c8c04bb247abb3e1457a553a90a91436212753e603e,2012,not-applicable,,
mus-3a71ada647f30f98,archive,arc-d1f7c72b8cc3eca8,38683,3a71ada647f30f98e53f74ff5fed3b0b915fab2a7cbc047dbe9ca7e6b4652636,2012,not-applicable,,
mus-0da1290d79163098,archive,arc-d1f7c72b8cc3eca8,22053,0da1290d79163098f629652e92eae37072bc555d84a09ccd045e81ac6965f0b2,2000,not-applicable,,
mus-6ef60804b5326556,archive,arc-d1f7c72b8cc3eca8,3595,6ef60804b532655669098d6fe1f9b4c7981989048c823fc1f3c86ab41961d852,2012,not-applicable,,
mus-903c3440d43df1f0,archive,arc-d1f7c72b8cc3eca8,118508,903c3440d43df1f0b5644b0301181224b223eb311f01ba25963c406c8ca491f5,2008,not-applicable,,
mus-de30adaf7cd428c2,archive,arc-d1f7c72b8cc3eca8,454571,de30adaf7cd428c262461d0a799806097a4aececea8f5a7c87b851523c05d1ee,2000,not-applicable,,
mus-2ba67ca73ed02e74,archive,arc-d1f7c72b8cc3eca8,65929,2ba67ca73ed02e74b76affb05aafe151584505b42fc31b1ad1ba8b970d828115,2005,not-applicable,,
mus-e4891ccb365d19a5,archive,arc-d1f7c72b8cc3eca8,46986,e4891ccb365d19a5ee7bcc35709678fba1ab426a42d34f635938e1706afdd49d,2005,not-applicable,,
mus-688b559b4602113a,archive,arc-d1f7c72b8cc3eca8,68683,688b559b4602113a2c9d62c83e68a1e77f0ec4488d1fe4af1e882e8814337cbd,2005,not-applicable,,
mus-dc7faaa3432170f8,archive,arc-d1f7c72b8cc3eca8,119017,dc7faaa3432170f80b659288854234302078d6bff898599ca8978ec370d859d8,2008,not-applicable,,
mus-a09f2dadbd5ec43f,archive,arc-d1f7c72b8cc3eca8,55915,a09f2dadbd5ec43f70d26bcd2e3b84ad7073599b41a543138e89fdc2785a315c,2008,not-applicable,,
mus-fdf69748c0dd6ffe,archive,arc-d1f7c72b8cc3eca8,154361,fdf69748c0dd6ffe4ca8e0e2c33a5c2beadd0f7829433041bc7008c7997a37f4,2005,not-applicable,,
mus-65eefe80917163ed,archive,arc-d1f7c72b8cc3eca8,536421,65eefe80917163ed0da04079f9f16c88a456959e8009dee09c169fd009174e94,2000,not-applicable,,
mus-07436e6a7313411c,archive,arc-d1f7c72b8cc3eca8,349283,07436e6a7313411c4cd64bc62eba0d0bfa872568c30951a84050a522cd9976b4,2007,not-applicable,,
mus-1f679193c15efd39,archive,arc-d1f7c72b8cc3eca8,498613,1f679193c15efd39638c11167e2542e79153fc13246e76d5a215a9b4b9d826bd,2000,not-applicable,,
mus-ae531c8d070857d9,archive,arc-d1f7c72b8cc3eca8,74238,ae531c8d070857d94adf0021e4c2460ee491bd6990d09bb39320e3fe36e98227,2005,not-applicable,,
mus-c85f1a8083aaf353,archive,arc-d1f7c72b8cc3eca8,34570,c85f1a8083aaf353337704ca4b8e3633fb3e7a526894018d7d8b9f41d874f476,2005,not-applicable,,
mus-1a33c22489dcdbc4,archive,arc-d1f7c72b8cc3eca8,35099,1a33c22489dcdbc4b9ede7e3f1a19791dbcdf2889765deb6923cd60649a0d97c,2012,not-applicable,,
mus-442b43baf1bc8ac4,archive,arc-d1f7c72b8cc3eca8,42069,442b43baf1bc8ac4d0d30b238c881d24df14cc2d4cdd9a5ebe62498860e1ed8e,2005,not-applicable,,
mus-cd6fddfd95c5e08a,archive,arc-d1f7c72b8cc3eca8,9034,cd6fddfd95c5e08a051e8cd833e7ba9a908aaa15a6c94e89577e361398df308e,2005,not-applicable,,
mus-2458f7af12d4d7d4,archive,arc-d1f7c72b8cc3eca8,60871,2458f7af12d4d7d4a5b81fc892de371f2daa7fb292ccbbad8a8c5d32dced71cc,2012,not-applicable,,
mus-a579f87c90dcb916,archive,arc-d1f7c72b8cc3eca8,61085,a579f87c90dcb916f4be25cddc67d5c01db28ec56621e27bcb6bf2f683d25ffb,2012,not-applicable,,
mus-d392ce356774c585,archive,arc-d1f7c72b8cc3eca8,223010,d392ce356774c58569b124b842c7fbcd5a1a7bb4451d7f141b96a40f0d05c760,2012,not-applicable,,
mus-f8570e56ba68ac0e,archive,arc-d1f7c72b8cc3eca8,19568,f8570e56ba68ac0e153fc262fe288f8419aab7fb05b6559016637bff56c316ac,2008,not-applicable,,
mus-6cae823810f207f2,archive,arc-d1f7c72b8cc3eca8,60889,6cae823810f207f2552c4ddfb7dc9f19ded6ae4391f772faaaa7019176b3783c,2012,not-applicable,,
mus-67ac77f476ddcb83,archive,arc-d1f7c72b8cc3eca8,60870,67ac77f476ddcb83d70401abc9807e2ce048edaafec61558eccbd52efdd6622d,2012,not-applicable,,
mus-fa12897d7583a091,archive,arc-d1f7c72b8cc3eca8,64264,fa12897d7583a09116e69729e0b43d2cb4ea1b8e74e3bed2b6b1aa313fc2863c,2012,not-applicable,,
mus-97695dfc03318650,archive,arc-d1f7c72b8cc3eca8,64211,97695dfc03318650ba7a1487b27097f38dc1adcd6d08fce33822bf503ec93b4b,2012,not-applicable,,
mus-059b1ba4bdacc46c,archive,arc-d1f7c72b8cc3eca8,45128,059b1ba4bdacc46cffa024362f9574bb740651344f8f7a7d438e69b2176aa2d4,2008,not-applicable,,
mus-71ea5a88d22a6962,archive,arc-d1f7c72b8cc3eca8,60858,71ea5a88d22a696218652120f8d6feebf3b0eba8cb521a85ccde197b8d5675a6,2008,not-applicable,,
mus-bb36a6dd55a608be,archive,arc-68fcac3e7c1efa53,106042,bb36a6dd55a608be27f7b3919a18f3dc37e1f49f3af3a9f1fe7e432cef4b70c5,2.6,not-applicable,,
mus-ab4f9214bcd65853,archive,arc-68fcac3e7c1efa53,113722,ab4f9214bcd65853597943d22eb81a8dedd2a09511f53940ee4da34c63b3ac22,2.6,not-applicable,,
mus-8d721295655c1fa3,archive,arc-68fcac3e7c1efa53,114746,8d721295655c1fa30f495cb7f005d02a462806058b5365fceca80a71b19935f2,2.6,not-applicable,,
mus-31a9d26b626a252b,archive,arc-68fcac3e7c1efa53,115770,31a9d26b626a252b0529621e6ec0b82d4a15adf2114fea69e2c0b7ce411f3e7e,2.6,not-applicable,,
mus-0597dfc0d06f621a,archive,arc-68fcac3e7c1efa53,231994,0597dfc0d06f621a5e5ca317539ef4fc39464557f51e4226ae5eab36bc3a2472,2.6,not-applicable,,
mus-d2cb0b14210c8f16,archive,arc-68fcac3e7c1efa53,10288,d2cb0b14210c8f16f626657368560ebea4a6c6ecf65d9ddfb87299269b8e87ad,2.6,not-applicable,,
mus-d318f005e4117686,archive,arc-081fa6e050e12c5a,371302,d318f005e4117686c47a653b4601aefddc8ae210ebada89c8a7c073911da98f2,3.7,not-applicable,,
mus-e0a9599882e31174,archive,arc-081fa6e050e12c5a,415064,e0a9599882e31174525ec06e4ba017b0bd72c7ffa0071c40c55872b12a3fb057,3.7,not-applicable,,
mus-6f79b0ce0b7d8d41,archive,arc-081fa6e050e12c5a,776760,6f79b0ce0b7d8d418410f3cf99da7d25e1ba1957190c183e95a38ae153f7f586,3.7,not-applicable,,
mus-4b746bf51e964ed8,archive,arc-081fa6e050e12c5a,51232,4b746bf51e964ed8367eaf533efd22edcd2e38c576702ab6392a070cbe0df148,3.7,not-applicable,,
mus-077c1fefb4edcd3b,archive,arc-081fa6e050e12c5a,25370,077c1fefb4edcd3bbaaa8f9a05fabf9611ec833d6a80cc95e4137f9c6a79f7ff,3.7,not-applicable,,
mus-6638d2529b9b04af,archive,arc-081fa6e050e12c5a,33478,6638d2529b9b04af45783c2040d0bba7f21b6ee36e456252836d28e6edeff0e1,3.7,not-applicable,,
mus-79096fdb7f053a5b,archive,arc-081fa6e050e12c5a,58580,79096fdb7f053a5b9a6c1dc3e863536c5035d4f0c0c60ef49729cff1cc168120,3.7,not-applicable,,
mus-fc277283e3fd76c6,archive,arc-081fa6e050e12c5a,35290,fc277283e3fd76c60fa6080977a9a474cea47a16dc0704b62cf0e4a32ce88fe8,3.7,not-applicable,,
mus-a29c20b0210e6790,archive,arc-081fa6e050e12c5a,38042,a29c20b0210e6790e70dc5a11ec3ba5cd42dbc6cc7c4a442bfaa036857e91fcd,3.7,not-applicable,,
mus-7e6a252350bb7cef,archive,arc-081fa6e050e12c5a,19964,7e6a252350bb7cef2bfddf91668f3968f54a14967cf9260ef5771733843c48da,3.7,not-applicable,,
mus-d318f005e4117686,archive,arc-c0b22731c5632294,371302,d318f005e4117686c47a653b4601aefddc8ae210ebada89c8a7c073911da98f2,3.7,not-applicable,,
mus-e0a9599882e31174,archive,arc-c0b22731c5632294,415064,e0a9599882e31174525ec06e4ba017b0bd72c7ffa0071c40c55872b12a3fb057,3.7,not-applicable,,
mus-6f79b0ce0b7d8d41,archive,arc-c0b22731c5632294,776760,6f79b0ce0b7d8d418410f3cf99da7d25e1ba1957190c183e95a38ae153f7f586,3.7,not-applicable,,
mus-4b746bf51e964ed8,archive,arc-c0b22731c5632294,51232,4b746bf51e964ed8367eaf533efd22edcd2e38c576702ab6392a070cbe0df148,3.7,not-applicable,,
mus-077c1fefb4edcd3b,archive,arc-c0b22731c5632294,25370,077c1fefb4edcd3bbaaa8f9a05fabf9611ec833d6a80cc95e4137f9c6a79f7ff,3.7,not-applicable,,
mus-6638d2529b9b04af,archive,arc-c0b22731c5632294,33478,6638d2529b9b04af45783c2040d0bba7f21b6ee36e456252836d28e6edeff0e1,3.7,not-applicable,,
mus-79096fdb7f053a5b,archive,arc-c0b22731c5632294,58580,79096fdb7f053a5b9a6c1dc3e863536c5035d4f0c0c60ef49729cff1cc168120,3.7,not-applicable,,
mus-fc277283e3fd76c6,archive,arc-c0b22731c5632294,35290,fc277283e3fd76c60fa6080977a9a474cea47a16dc0704b62cf0e4a32ce88fe8,3.7,not-applicable,,
mus-a29c20b0210e6790,archive,arc-c0b22731c5632294,38042,a29c20b0210e6790e70dc5a11ec3ba5cd42dbc6cc7c4a442bfaa036857e91fcd,3.7,not-applicable,,
mus-7e6a252350bb7cef,archive,arc-c0b22731c5632294,19964,7e6a252350bb7cef2bfddf91668f3968f54a14967cf9260ef5771733843c48da,3.7,not-applicable,,
mus-574b493610703bc4,archive,arc-ca0f81b9cf3faa96,375195,574b493610703bc41223a19a6818c213246fae583e8eaacbe44a9a07fd0ac869,2000,not-applicable,,
mus-7cada9606043520c,archive,arc-ca0f81b9cf3faa96,420237,7cada9606043520c9eeeeb6f1b491866bf255fdbc97778360e283d3deef6a4dd,2000,not-applicable,,
mus-cfe0e62e3c611962,archive,arc-ca0f81b9cf3faa96,814261,cfe0e62e3c611962f27e1fbf980e97abe5635e1905ebed08a166533ab6b7c810,2000,not-applicable,,
mus-9af02a99dd8174a0,archive,arc-f4ae1314ef856047,256556,9af02a99dd8174a07b2d82ed5c2f8fbd1fd660852494154ab5019cb6386191f6,2.6,not-applicable,,
mus-4e01e9b84482b747,archive,arc-f4ae1314ef856047,259116,4e01e9b84482b7478056b9004afdd3a37035c65bf44e5455555064a94fc23a86,2.6,not-applicable,,
mus-f1cf8a6ab78fc688,archive,arc-f4ae1314ef856047,259116,f1cf8a6ab78fc688656c8292476b458d9520ac6c9f47ede99f261be23e875324,2.6,not-applicable,,
mus-433f442684d07341,archive,arc-f4ae1314ef856047,255020,433f442684d073415e993a92dafd0559da9834fc0e0b2fd4aa4bfd4b9f8fe30d,2.6,not-applicable,,
mus-553b181a803390d9,archive,arc-f4ae1314ef856047,256044,553b181a803390d9212dccf354c0446c7a7907e5e5934061450284455e305919,2.6,not-applicable,,
mus-89e360cc77ddbab5,archive,arc-f4ae1314ef856047,255532,89e360cc77ddbab5c156bd88c3b3b538ed31def9243845003cbd364f45b58061,2.6,not-applicable,,
mus-edf245428abea69e,archive,arc-f4ae1314ef856047,257068,edf245428abea69e14a09e44a8de4d5c13df79d129a02f0299d5892d36f21fb0,2.6,not-applicable,,
mus-c0ce450a88a15605,archive,arc-f4ae1314ef856047,254508,c0ce450a88a15605f1e7cc721a07daa44861615f1b28ea6309a24773d7204935,2.6,not-applicable,,
mus-57e3193c0943b2f0,archive,arc-f4ae1314ef856047,320556,57e3193c0943b2f0341e662fc629a884dbd08d4701714a4e625e23301cdeb498,2.6,not-applicable,,
mus-254b77cdb2ab24f4,archive,arc-06ef0f9f4f583b4e,189940,254b77cdb2ab24f4efd2a9d24b9e0f3feae22c9386ea828c4870cc658c08dd04,3.0,not-applicable,,
mus-8e949cb64d4f1031,archive,arc-06ef0f9f4f583b4e,189064,8e949cb64d4f10310df8c19947e0aa03a75a0a192c22e45304acdac081c05f48,3.0,not-applicable,,
mus-c3e968ca1d5ba3b7,archive,arc-06ef0f9f4f583b4e,185382,c3e968ca1d5ba3b7047d3d8fc2cbb542e94dd2f4b8311864d6e8a9e040e4eac6,3.0,not-applicable,,
mus-023827b663a788fa,archive,arc-06ef0f9f4f583b4e,117242,023827b663a788fab1f4a245e8d8c1b59c1fb3f14332d4562a929e06a5aea60e,3.0,not-applicable,,
mus-477ddd231744d241,archive,arc-06ef0f9f4f583b4e,106446,477ddd231744d241982e931d454851b20f97a43e51839dec6c2a9aaf3a35369a,3.0,not-applicable,,
mus-a52cb9bf335690a3,archive,arc-06ef0f9f4f583b4e,106094,a52cb9bf335690a35e001b209cb7fabd29c569311fa8e2cf9b7c75e73c297c21,3.0,not-applicable,,
mus-cee8ee3bf7b74302,archive,arc-06ef0f9f4f583b4e,117980,cee8ee3bf7b743029fc07ef8907d58af392eaf674fb1c43725000876b6d02fbd,3.0,not-applicable,,
mus-ba340f430cc1210c,archive,arc-9bc7c78107aa6969,49356,ba340f430cc1210c379850e36d92a3303956adf08ef41f19146fde5a59399862,97,not-applicable,,
mus-1d75bfcad03d2908,archive,arc-9bc7c78107aa6969,110374,1d75bfcad03d29080deb8d8c45871adfc7a7b9db10d65f5c8c5bbb10a240f901,97,not-applicable,,
mus-dbf02b9e83f8d73e,archive,arc-9bc7c78107aa6969,48199,dbf02b9e83f8d73e8931e437da2f0d2725e86539c5d22542647f76c82b94b369,97,not-applicable,,
mus-cb12e1baab426509,archive,arc-9bc7c78107aa6969,61993,cb12e1baab42650928a751603019cee24ba978f8329a8f7dca38ddd547e6c34f,97,not-applicable,,
mus-ebf16daff85c484a,archive,arc-9bc7c78107aa6969,51812,ebf16daff85c484a5ba02d5cc870a36edb027c6bb4f0cb385abbe7100a7befef,97,not-applicable,,
mus-90d76d14ecb23d31,archive,arc-9bc7c78107aa6969,72395,90d76d14ecb23d318438127ce586d1bd817923fb3c37136b159689b25712ef12,97,not-applicable,,
mus-49307e5a788375ae,archive,arc-17fbc246fb2b0fe4,62811,49307e5a788375ae36ea985c616c32860643a231b3e174db9c4345852f644577,97,not-applicable,,
mus-ffb2a81a4da62c2e,archive,arc-17fbc246fb2b0fe4,54815,ffb2a81a4da62c2e58b86851260c248480171c3a04ff97b9a2cab33b19f0bed8,97,not-applicable,,
mus-f0d82f2412e82d1a,archive,arc-17fbc246fb2b0fe4,72461,f0d82f2412e82d1a48e875fb10c26ae885db445705b6fa2bb4aeca0e36d01286,97,not-applicable,,
mus-a154b0c8586b5f00,archive,arc-17fbc246fb2b0fe4,48004,a154b0c8586b5f00eeff25c4303c5848152cc67f4ba61c620b06436ddc596cbe,97,not-applicable,,
mus-31e1904999511d4a,archive,arc-17fbc246fb2b0fe4,51348,31e1904999511d4a45228ee503463689fca0480cd00cf887a5fecaaa33174f2d,97,not-applicable,,
mus-a85725fe64e78a85,archive,arc-17fbc246fb2b0fe4,115131,a85725fe64e78a8515f6c62d9dd33d555fc70a894b67eedc39bb61712266af43,97,not-applicable,,
mus-aa553913b2156c53,archive,arc-785dde1d41720e61,21307,aa553913b2156c535fd9482f986f08ca402902f8ca5c278e9a61c513cc076ab4,2000,not-applicable,,
mus-11affb01373eb77e,archive,arc-785dde1d41720e61,93863,11affb01373eb77e4edc6beb650ec1fb286c4e7fcae5d8bfaa68aac86ef5667a,2000,not-applicable,,
mus-cea9e2f52f28bfb1,archive,arc-785dde1d41720e61,20371,cea9e2f52f28bfb1639750b5f81ce40eaea0c4459049fa8e05f9fa9d336ff84c,2000,not-applicable,,
mus-02cf5aedce61bd4e,archive,arc-785dde1d41720e61,21809,02cf5aedce61bd4ebfd2bbd573ff430153daded4eed1d047931d7be062c25f0d,2000,not-applicable,,
mus-15ec9b233136225f,archive,arc-785dde1d41720e61,21051,15ec9b233136225f12ae2bc122211338dc5fd3cff24ade15a105663c33b54900,2000,not-applicable,,
mus-f879c5edd8c4e7e7,archive,arc-785dde1d41720e61,20067,f879c5edd8c4e7e705b4b6f7d43d19f262cc94329ad362cfc62c019f557bcf13,2000,not-applicable,,
mus-b31070a56377b624,archive,arc-785dde1d41720e61,22005,b31070a56377b62496efaf630797dff1acb8e6850a15b8cfdeeb63b79de1fedd,2000,not-applicable,,
mus-6553b158f7cff594,archive,arc-785dde1d41720e61,20473,6553b158f7cff594a4846f0a483e5ed1805f3da6c846d5a0b3924d4ef269014a,2000,not-applicable,,
mus-3501a8bdefb28717,archive,arc-785dde1d41720e61,21975,3501a8bdefb287178c54c467f49cc9bb34bc5313187af8e1de2eaa1bdc461499,2000,not-applicable,,
mus-7f09920de16277b1,archive,arc-785dde1d41720e61,20329,7f09920de16277b108eedcb7db9608c1e9d06df6261c7ad630200ee262448f37,2000,not-applicable,,
mus-4893963064933c77,archive,arc-785dde1d41720e61,21921,4893963064933c779b77064ba5233b732ef2ef236ecdf579940137747aad97f4,2000,not-applicable,,
mus-4c2ffbaf1f32229c,archive,arc-785dde1d41720e61,57589,4c2ffbaf1f32229ce4117993dd288afb51648a8720813a6cbff59d4a1a9535ad,2002,not-applicable,,
mus-baf04c0390a2fd12,archive,arc-785dde1d41720e61,112660,baf04c0390a2fd1277f60fc0a571e20138da26948cf83ae88c593b6258c21b60,2000,not-applicable,,
mus-89ce3ed8eb27df1c,archive,arc-84fd987e4c81fa7c,19391,89ce3ed8eb27df1c2675206f1db5e19bd6ab020de22f7fbab83da00f25414643,97,not-applicable,,
mus-1de56e86c2a3ad34,archive,arc-84fd987e4c81fa7c,7032,1de56e86c2a3ad340ab1873fa9f270dc8f06c6401ec6832f0a50a7b5d9118daf,2002,not-applicable,,
mus-a03a5f4f6aacf182,archive,arc-84fd987e4c81fa7c,6671,a03a5f4f6aacf182eab067695d55ac2b3d6fef11775337a65e005601a4774cb9,2002,not-applicable,,
mus-c431943270ed2d15,archive,arc-84fd987e4c81fa7c,20093,c431943270ed2d1511fba82beeee42f8b04fac82ed322ad56dc357b1b7a0ae4e,2000,not-applicable,,
mus-794e09f86dbd0e76,archive,arc-84fd987e4c81fa7c,25009,794e09f86dbd0e76717f2dd4343eca9edd517fbbc4d26d0ab99c292fac920a75,2000,not-applicable,,
mus-aa553913b2156c53,archive,arc-84fd987e4c81fa7c,21307,aa553913b2156c535fd9482f986f08ca402902f8ca5c278e9a61c513cc076ab4,2000,not-applicable,,
mus-21e22f4f76ea6c8d,archive,arc-84fd987e4c81fa7c,20959,21e22f4f76ea6c8d61506c799fa883a45a29631ead619787229dcc7ba28414af,2000,not-applicable,,
mus-f33e7f20f7dd0d2a,archive,arc-84fd987e4c81fa7c,23895,f33e7f20f7dd0d2a77887b26a32b519722dde3312cd16279bf27d83b8e56ca49,2000,not-applicable,,
mus-bfbfdabc42ac2d94,archive,arc-84fd987e4c81fa7c,19909,bfbfdabc42ac2d94bc746ef1d1a993a970052c96250b6292cb2a2ea3e930bb9e,2000,not-applicable,,
mus-17369c1d72ad3e05,archive,arc-84fd987e4c81fa7c,94135,17369c1d72ad3e0529195bdb59d0670fb9f11f12b5b9481aa677aacdfcf56175,2000,not-applicable,,
mus-645ac9da0acaf4d7,archive,arc-84fd987e4c81fa7c,18879,645ac9da0acaf4d7416d40fa0443496ccfbcbb9e8d1b5c4ea73a7f22919ca070,97,not-applicable,,
mus-f3e9ef8950e4d49e,archive,arc-84fd987e4c81fa7c,18793,f3e9ef8950e4d49e487f37e6c2ac755a6396289793c6deecd69eca1b3448bfb0,97,not-applicable,,
mus-72553498b152f984,archive,arc-84fd987e4c81fa7c,19997,72553498b152f9841b9fdb69c99a15b01c68cf2ef244865c1d3b074162d57a90,2000,not-applicable,,
mus-3a8b724cf3adba80,archive,arc-84fd987e4c81fa7c,20149,3a8b724cf3adba8008f41a3e6be0e57cce63100d3cc13a73bf24bcbdec5ac376,2000,not-applicable,,
mus-4f609ff3244e9450,archive,arc-84fd987e4c81fa7c,7435,4f609ff3244e94500f5874ae7927c989630dfcc1832f4842e22a4015f75a3b11,2002,not-applicable,,
mus-91a68b7f67e10791,archive,arc-84fd987e4c81fa7c,21931,91a68b7f67e107915cca982128b80dc08df5495c5f31bdc5f86f6fdc659bfd35,2000,not-applicable,,
mus-02cf5aedce61bd4e,archive,arc-84fd987e4c81fa7c,21809,02cf5aedce61bd4ebfd2bbd573ff430153daded4eed1d047931d7be062c25f0d,2000,not-applicable,,
mus-15ec9b233136225f,archive,arc-84fd987e4c81fa7c,21051,15ec9b233136225f12ae2bc122211338dc5fd3cff24ade15a105663c33b54900,2000,not-applicable,,
mus-f879c5edd8c4e7e7,archive,arc-84fd987e4c81fa7c,20067,f879c5edd8c4e7e705b4b6f7d43d19f262cc94329ad362cfc62c019f557bcf13,2000,not-applicable,,
mus-b31070a56377b624,archive,arc-84fd987e4c81fa7c,22005,b31070a56377b62496efaf630797dff1acb8e6850a15b8cfdeeb63b79de1fedd,2000,not-applicable,,
mus-85205b4af9c9eee8,archive,arc-84fd987e4c81fa7c,21561,85205b4af9c9eee8b3fcc8466dd00eb42fcfeba7ec45d5a5e5e3d0c29d971acd,2000,not-applicable,,
mus-3501a8bdefb28717,archive,arc-84fd987e4c81fa7c,21975,3501a8bdefb287178c54c467f49cc9bb34bc5313187af8e1de2eaa1bdc461499,2000,not-applicable,,
mus-7f09920de16277b1,archive,arc-84fd987e4c81fa7c,20329,7f09920de16277b108eedcb7db9608c1e9d06df6261c7ad630200ee262448f37,2000,not-applicable,,
mus-4ee520004faafb33,archive,arc-84fd987e4c81fa7c,21601,4ee520004faafb33d1446a2b322386f7f7493aaa748b8b1b400266adb49125b2,2000,not-applicable,,
mus-4c2ffbaf1f32229c,archive,arc-84fd987e4c81fa7c,57589,4c2ffbaf1f32229ce4117993dd288afb51648a8720813a6cbff59d4a1a9535ad,2002,not-applicable,,
mus-e61f7e1b10423f66,archive,arc-84fd987e4c81fa7c,21941,e61f7e1b10423f66b7ea959cc68e3ac476dc3109e208347bdc0d8c4515194718,2000,not-applicable,,
mus-b2d9dcf1ec2d48cb,archive,arc-84fd987e4c81fa7c,21893,b2d9dcf1ec2d48cbd74513888a3da1d688c35aabebb4c9ed854ea224d6d3bcea,2000,not-applicable,,
mus-8df43d75fab0c654,archive,arc-84fd987e4c81fa7c,21137,8df43d75fab0c65479f90de5de01deb4c02944200e1900b64e8a1251790fe863,2000,not-applicable,,
mus-a2b773298e64f7c0,archive,arc-84fd987e4c81fa7c,6793,a2b773298e64f7c0807c4c0429bb477279b96ba74ca6531f324ef5e3b684d94e,2002,not-applicable,,
mus-baf04c0390a2fd12,archive,arc-84fd987e4c81fa7c,112660,baf04c0390a2fd1277f60fc0a571e20138da26948cf83ae88c593b6258c21b60,2000,not-applicable,,
mus-89ce3ed8eb27df1c,archive,arc-47414c44c07e4598,19391,89ce3ed8eb27df1c2675206f1db5e19bd6ab020de22f7fbab83da00f25414643,97,not-applicable,,
mus-1de56e86c2a3ad34,archive,arc-47414c44c07e4598,7032,1de56e86c2a3ad340ab1873fa9f270dc8f06c6401ec6832f0a50a7b5d9118daf,2002,not-applicable,,
mus-a03a5f4f6aacf182,archive,arc-47414c44c07e4598,6671,a03a5f4f6aacf182eab067695d55ac2b3d6fef11775337a65e005601a4774cb9,2002,not-applicable,,
mus-c431943270ed2d15,archive,arc-47414c44c07e4598,20093,c431943270ed2d1511fba82beeee42f8b04fac82ed322ad56dc357b1b7a0ae4e,2000,not-applicable,,
mus-794e09f86dbd0e76,archive,arc-47414c44c07e4598,25009,794e09f86dbd0e76717f2dd4343eca9edd517fbbc4d26d0ab99c292fac920a75,2000,not-applicable,,
mus-aa553913b2156c53,archive,arc-47414c44c07e4598,21307,aa553913b2156c535fd9482f986f08ca402902f8ca5c278e9a61c513cc076ab4,2000,not-applicable,,
mus-21e22f4f76ea6c8d,archive,arc-47414c44c07e4598,20959,21e22f4f76ea6c8d61506c799fa883a45a29631ead619787229dcc7ba28414af,2000,not-applicable,,
mus-f33e7f20f7dd0d2a,archive,arc-47414c44c07e4598,23895,f33e7f20f7dd0d2a77887b26a32b519722dde3312cd16279bf27d83b8e56ca49,2000,not-applicable,,
mus-5b95aaf5c41195e4,archive,arc-47414c44c07e4598,19733,5b95aaf5c41195e4433fffb36c6cb0687beac242113477e076a31c43c88783aa,97,not-applicable,,
mus-bfbfdabc42ac2d94,archive,arc-47414c44c07e4598,19909,bfbfdabc42ac2d94bc746ef1d1a993a970052c96250b6292cb2a2ea3e930bb9e,2000,not-applicable,,
mus-7e7a2e84756b7380,archive,arc-47414c44c07e4598,6104,7e7a2e84756b73804d8da951b15bc4b8239fcb17ce5d43c00e8e20b22268c2dd,2002,not-applicable,,
mus-17369c1d72ad3e05,archive,arc-47414c44c07e4598,94135,17369c1d72ad3e0529195bdb59d0670fb9f11f12b5b9481aa677aacdfcf56175,2000,not-applicable,,
mus-645ac9da0acaf4d7,archive,arc-47414c44c07e4598,18879,645ac9da0acaf4d7416d40fa0443496ccfbcbb9e8d1b5c4ea73a7f22919ca070,97,not-applicable,,
mus-f3e9ef8950e4d49e,archive,arc-47414c44c07e4598,18793,f3e9ef8950e4d49e487f37e6c2ac755a6396289793c6deecd69eca1b3448bfb0,97,not-applicable,,
mus-07bb32110967763b,archive,arc-47414c44c07e4598,19225,07bb32110967763b6628d9ba21dda9a0aaadc288912bef338f066cda48c1c2d3,97,not-applicable,,
mus-72553498b152f984,archive,arc-47414c44c07e4598,19997,72553498b152f9841b9fdb69c99a15b01c68cf2ef244865c1d3b074162d57a90,2000,not-applicable,,
mus-3a8b724cf3adba80,archive,arc-47414c44c07e4598,20149,3a8b724cf3adba8008f41a3e6be0e57cce63100d3cc13a73bf24bcbdec5ac376,2000,not-applicable,,
mus-179dfb5d2e481125,archive,arc-47414c44c07e4598,6794,179dfb5d2e481125a4dc46ce924edbd31a6e2c2364c5fa660e0a92b00a5d9fce,2002,not-applicable,,
mus-4f609ff3244e9450,archive,arc-47414c44c07e4598,7435,4f609ff3244e94500f5874ae7927c989630dfcc1832f4842e22a4015f75a3b11,2002,not-applicable,,
mus-14816048bc29d651,archive,arc-47414c44c07e4598,7024,14816048bc29d65193bec1f1ae1550177b5636a4689453a4f7605d1c9fe4cfbb,2003,not-applicable,,
mus-91a68b7f67e10791,archive,arc-47414c44c07e4598,21931,91a68b7f67e107915cca982128b80dc08df5495c5f31bdc5f86f6fdc659bfd35,2000,not-applicable,,
mus-02cf5aedce61bd4e,archive,arc-47414c44c07e4598,21809,02cf5aedce61bd4ebfd2bbd573ff430153daded4eed1d047931d7be062c25f0d,2000,not-applicable,,
mus-15ec9b233136225f,archive,arc-47414c44c07e4598,21051,15ec9b233136225f12ae2bc122211338dc5fd3cff24ade15a105663c33b54900,2000,not-applicable,,
mus-f879c5edd8c4e7e7,archive,arc-47414c44c07e4598,20067,f879c5edd8c4e7e705b4b6f7d43d19f262cc94329ad362cfc62c019f557bcf13,2000,not-applicable,,
mus-b31070a56377b624,archive,arc-47414c44c07e4598,22005,b31070a56377b62496efaf630797dff1acb8e6850a15b8cfdeeb63b79de1fedd,2000,not-applicable,,
mus-85205b4af9c9eee8,archive,arc-47414c44c07e4598,21561,85205b4af9c9eee8b3fcc8466dd00eb42fcfeba7ec45d5a5e5e3d0c29d971acd,2000,not-applicable,,
mus-3501a8bdefb28717,archive,arc-47414c44c07e4598,21975,3501a8bdefb287178c54c467f49cc9bb34bc5313187af8e1de2eaa1bdc461499,2000,not-applicable,,
mus-7f09920de16277b1,archive,arc-47414c44c07e4598,20329,7f09920de16277b108eedcb7db9608c1e9d06df6261c7ad630200ee262448f37,2000,not-applicable,,
mus-4ee520004faafb33,archive,arc-47414c44c07e4598,21601,4ee520004faafb33d1446a2b322386f7f7493aaa748b8b1b400266adb49125b2,2000,not-applicable,,
mus-4c2ffbaf1f32229c,archive,arc-47414c44c07e4598,57589,4c2ffbaf1f32229ce4117993dd288afb51648a8720813a6cbff59d4a1a9535ad,2002,not-applicable,,
mus-e61f7e1b10423f66,archive,arc-47414c44c07e4598,21941,e61f7e1b10423f66b7ea959cc68e3ac476dc3109e208347bdc0d8c4515194718,2000,not-applicable,,
mus-b2d9dcf1ec2d48cb,archive,arc-47414c44c07e4598,21893,b2d9dcf1ec2d48cbd74513888a3da1d688c35aabebb4c9ed854ea224d6d3bcea,2000,not-applicable,,
mus-8df43d75fab0c654,archive,arc-47414c44c07e4598,21137,8df43d75fab0c65479f90de5de01deb4c02944200e1900b64e8a1251790fe863,2000,not-applicable,,
mus-a2b773298e64f7c0,archive,arc-47414c44c07e4598,6793,a2b773298e64f7c0807c4c0429bb477279b96ba74ca6531f324ef5e3b684d94e,2002,not-applicable,,
mus-349d6da9f63ce02b,archive,arc-47414c44c07e4598,7098,349d6da9f63ce02bf86762b7c66e6ef7067cfa3e2bc80df22c4ea871c73aa52d,2003,not-applicable,,
mus-baf04c0390a2fd12,archive,arc-47414c44c07e4598,112660,baf04c0390a2fd1277f60fc0a571e20138da26948cf83ae88c593b6258c21b60,2000,not-applicable,,
mus-c4540bb157662939,archive,arc-47414c44c07e4598,19293,c4540bb15766293907308afbb1ded979461eb59419626b37e15a98afbc7fbffa,97,not-applicable,,
mus-4c13a94a52080dcd,archive,arc-47414c44c07e4598,20837,4c13a94a52080dcdce733a0720cb3930b0c6c47f7e538956f55b9e91880a7f32,97,not-applicable,,
mus-47a19375e0a05fba,archive,arc-47414c44c07e4598,54663,47a19375e0a05fba3d9c4fea5166e97028ce5adebbd188f50a3917f8418b086e,2002,not-applicable,,
mus-89ce3ed8eb27df1c,archive,arc-245bc2fbb8a596e4,19391,89ce3ed8eb27df1c2675206f1db5e19bd6ab020de22f7fbab83da00f25414643,97,not-applicable,,
mus-59e2ef2bdc0a9416,archive,arc-245bc2fbb8a596e4,3576,59e2ef2bdc0a9416a1cdd0f23cab730c4599f36064576c47055ed3814aa4f57f,2004,not-applicable,,
mus-6ebf82c156b4068a,archive,arc-245bc2fbb8a596e4,7432,6ebf82c156b4068aa6b4c8811ad98ee7411a28ec40391efcc9ffa3f57d310ff2,2002,not-applicable,,
mus-d8c3fb79994d0615,archive,arc-245bc2fbb8a596e4,48379,d8c3fb79994d0615ab362809d51377a4953deccae9d9b708910d4d3607d3ca4e,2003,not-applicable,,
mus-24e8d482ddc433b1,archive,arc-245bc2fbb8a596e4,7047,24e8d482ddc433b1dedfca3f346eb6eb47d980c4df915c2285c0cb02f8f6655f,2003,not-applicable,,
mus-fb865fb6ac00dfe4,archive,arc-245bc2fbb8a596e4,6958,fb865fb6ac00dfe47d76cd359f642fd5171182e7b2afeac762dedabfcd194c74,2003,not-applicable,,
mus-0d9fee5e183ee7f9,archive,arc-245bc2fbb8a596e4,6942,0d9fee5e183ee7f9e32e47a7d3edc953f67d99a8d82c03fcdb236cc8bc667a85,2003,not-applicable,,
mus-db63fb8ea470442e,archive,arc-245bc2fbb8a596e4,7031,db63fb8ea470442edf0547bce747fc65fc24c9e4d1eb9516a19cf1651f127304,2003,not-applicable,,
mus-911401494ae5298d,archive,arc-245bc2fbb8a596e4,6939,911401494ae5298d78723cb95ddbaa587651078f67fff31aa2579059b0e375f4,2003,not-applicable,,
mus-80154697115b9b08,archive,arc-245bc2fbb8a596e4,6926,80154697115b9b086f19a6ac43b9f9c9e9faa5227b0e7b441a24abfbe84c90ac,2002,not-applicable,,
mus-a03a5f4f6aacf182,archive,arc-245bc2fbb8a596e4,6671,a03a5f4f6aacf182eab067695d55ac2b3d6fef11775337a65e005601a4774cb9,2002,not-applicable,,
mus-66f5aeb0315a8381,archive,arc-245bc2fbb8a596e4,6927,66f5aeb0315a838191fefdb7d3dc51161669c2b6362c090e7f383847035b26ef,2003,not-applicable,,
mus-c7e0faa94df7fc67,archive,arc-245bc2fbb8a596e4,3294,c7e0faa94df7fc6782953b9a51304b2b46ae50d7f37154dd619c2682ab34fac2,2004,not-applicable,,
mus-c431943270ed2d15,archive,arc-245bc2fbb8a596e4,20093,c431943270ed2d1511fba82beeee42f8b04fac82ed322ad56dc357b1b7a0ae4e,2000,not-applicable,,
mus-f780d2453d79d0e1,archive,arc-245bc2fbb8a596e4,6977,f780d2453d79d0e19dbc94c8c9cc92c29587d3c4a8478466d2e265c716fc0af0,2003,not-applicable,,
mus-f1080c13aad8092f,archive,arc-245bc2fbb8a596e4,19381,f1080c13aad8092f20fb93ab9a0c12caa7d3787a57d75ab29d6099303ce1d188,97,not-applicable,,
mus-794e09f86dbd0e76,archive,arc-245bc2fbb8a596e4,25009,794e09f86dbd0e76717f2dd4343eca9edd517fbbc4d26d0ab99c292fac920a75,2000,not-applicable,,
mus-71c74ed45f158193,archive,arc-245bc2fbb8a596e4,6952,71c74ed45f1581930787fba2122ad5d5162572cf532b5e2bc58c2cd36bf98a49,2003,not-applicable,,
mus-aa553913b2156c53,archive,arc-245bc2fbb8a596e4,21307,aa553913b2156c535fd9482f986f08ca402902f8ca5c278e9a61c513cc076ab4,2000,not-applicable,,
mus-21e22f4f76ea6c8d,archive,arc-245bc2fbb8a596e4,20959,21e22f4f76ea6c8d61506c799fa883a45a29631ead619787229dcc7ba28414af,2000,not-applicable,,
mus-f33e7f20f7dd0d2a,archive,arc-245bc2fbb8a596e4,23895,f33e7f20f7dd0d2a77887b26a32b519722dde3312cd16279bf27d83b8e56ca49,2000,not-applicable,,
mus-5b95aaf5c41195e4,archive,arc-245bc2fbb8a596e4,19733,5b95aaf5c41195e4433fffb36c6cb0687beac242113477e076a31c43c88783aa,97,not-applicable,,
mus-bfbfdabc42ac2d94,archive,arc-245bc2fbb8a596e4,19909,bfbfdabc42ac2d94bc746ef1d1a993a970052c96250b6292cb2a2ea3e930bb9e,2000,not-applicable,,
mus-7e7a2e84756b7380,archive,arc-245bc2fbb8a596e4,6104,7e7a2e84756b73804d8da951b15bc4b8239fcb17ce5d43c00e8e20b22268c2dd,2002,not-applicable,,
mus-17369c1d72ad3e05,archive,arc-245bc2fbb8a596e4,94135,17369c1d72ad3e0529195bdb59d0670fb9f11f12b5b9481aa677aacdfcf56175,2000,not-applicable,,
mus-645ac9da0acaf4d7,archive,arc-245bc2fbb8a596e4,18879,645ac9da0acaf4d7416d40fa0443496ccfbcbb9e8d1b5c4ea73a7f22919ca070,97,not-applicable,,
mus-f3e9ef8950e4d49e,archive,arc-245bc2fbb8a596e4,18793,f3e9ef8950e4d49e487f37e6c2ac755a6396289793c6deecd69eca1b3448bfb0,97,not-applicable,,
mus-d1a90cc453593325,archive,arc-245bc2fbb8a596e4,7025,d1a90cc453593325e893e82f18fe1a026ba956011a7255925fca2a3157cd0a34,2003,not-applicable,,
mus-07bb32110967763b,archive,arc-245bc2fbb8a596e4,19225,07bb32110967763b6628d9ba21dda9a0aaadc288912bef338f066cda48c1c2d3,97,not-applicable,,
mus-7a941673c7f1fc38,archive,arc-245bc2fbb8a596e4,6903,7a941673c7f1fc38654e743e6b591dd8bdbc0919987229c1eaea1e83c9b9befe,2003,not-applicable,,
mus-72553498b152f984,archive,arc-245bc2fbb8a596e4,19997,72553498b152f9841b9fdb69c99a15b01c68cf2ef244865c1d3b074162d57a90,2000,not-applicable,,
mus-bae7740587c1f769,archive,arc-245bc2fbb8a596e4,6883,bae7740587c1f7692529dc262767ff5e6381edede280136838b220e1d9494314,2003,not-applicable,,
mus-9ae245d230bc9ff4,archive,arc-245bc2fbb8a596e4,6811,9ae245d230bc9ff42a06c35524fed13c7868962b3aeea3eb2d595622cb74dd1f,2003,not-applicable,,
mus-3a8b724cf3adba80,archive,arc-245bc2fbb8a596e4,20149,3a8b724cf3adba8008f41a3e6be0e57cce63100d3cc13a73bf24bcbdec5ac376,2000,not-applicable,,
mus-b4c6e4247ffcca82,archive,arc-245bc2fbb8a596e4,7299,b4c6e4247ffcca827da225a7d24c8136475bb106f56df65cb391a2c413d57d26,2003,not-applicable,,
mus-179dfb5d2e481125,archive,arc-245bc2fbb8a596e4,6794,179dfb5d2e481125a4dc46ce924edbd31a6e2c2364c5fa660e0a92b00a5d9fce,2002,not-applicable,,
mus-4f609ff3244e9450,archive,arc-245bc2fbb8a596e4,7435,4f609ff3244e94500f5874ae7927c989630dfcc1832f4842e22a4015f75a3b11,2002,not-applicable,,
mus-14816048bc29d651,archive,arc-245bc2fbb8a596e4,7024,14816048bc29d65193bec1f1ae1550177b5636a4689453a4f7605d1c9fe4cfbb,2003,not-applicable,,
mus-bf8a2d7e1feccad7,archive,arc-245bc2fbb8a596e4,7552,bf8a2d7e1feccad7356ac1f14a1a65b122d19edc7251eaa6c990e9813fc08442,2003,not-applicable,,
mus-02cf5aedce61bd4e,archive,arc-245bc2fbb8a596e4,21809,02cf5aedce61bd4ebfd2bbd573ff430153daded4eed1d047931d7be062c25f0d,2000,not-applicable,,
mus-15ec9b233136225f,archive,arc-245bc2fbb8a596e4,21051,15ec9b233136225f12ae2bc122211338dc5fd3cff24ade15a105663c33b54900,2000,not-applicable,,
mus-f879c5edd8c4e7e7,archive,arc-245bc2fbb8a596e4,20067,f879c5edd8c4e7e705b4b6f7d43d19f262cc94329ad362cfc62c019f557bcf13,2000,not-applicable,,
mus-b31070a56377b624,archive,arc-245bc2fbb8a596e4,22005,b31070a56377b62496efaf630797dff1acb8e6850a15b8cfdeeb63b79de1fedd,2000,not-applicable,,
mus-85205b4af9c9eee8,archive,arc-245bc2fbb8a596e4,21561,85205b4af9c9eee8b3fcc8466dd00eb42fcfeba7ec45d5a5e5e3d0c29d971acd,2000,not-applicable,,
mus-3501a8bdefb28717,archive,arc-245bc2fbb8a596e4,21975,3501a8bdefb287178c54c467f49cc9bb34bc5313187af8e1de2eaa1bdc461499,2000,not-applicable,,
mus-7f09920de16277b1,archive,arc-245bc2fbb8a596e4,20329,7f09920de16277b108eedcb7db9608c1e9d06df6261c7ad630200ee262448f37,2000,not-applicable,,
mus-4ee520004faafb33,archive,arc-245bc2fbb8a596e4,21601,4ee520004faafb33d1446a2b322386f7f7493aaa748b8b1b400266adb49125b2,2000,not-applicable,,
mus-4c2ffbaf1f32229c,archive,arc-245bc2fbb8a596e4,57589,4c2ffbaf1f32229ce4117993dd288afb51648a8720813a6cbff59d4a1a9535ad,2002,not-applicable,,
mus-e61f7e1b10423f66,archive,arc-245bc2fbb8a596e4,21941,e61f7e1b10423f66b7ea959cc68e3ac476dc3109e208347bdc0d8c4515194718,2000,not-applicable,,
mus-b2d9dcf1ec2d48cb,archive,arc-245bc2fbb8a596e4,21893,b2d9dcf1ec2d48cbd74513888a3da1d688c35aabebb4c9ed854ea224d6d3bcea,2000,not-applicable,,
mus-8df43d75fab0c654,archive,arc-245bc2fbb8a596e4,21137,8df43d75fab0c65479f90de5de01deb4c02944200e1900b64e8a1251790fe863,2000,not-applicable,,
mus-a2b773298e64f7c0,archive,arc-245bc2fbb8a596e4,6793,a2b773298e64f7c0807c4c0429bb477279b96ba74ca6531f324ef5e3b684d94e,2002,not-applicable,,
mus-91a68b7f67e10791,archive,arc-245bc2fbb8a596e4,21931,91a68b7f67e107915cca982128b80dc08df5495c5f31bdc5f86f6fdc659bfd35,2000,not-applicable,,
mus-76f77e0eed85f646,archive,arc-245bc2fbb8a596e4,11190,76f77e0eed85f6462d38f096663d9d4581c71b6d0d8fd52bcc44fbdc4f6fe25c,2003,not-applicable,,
mus-8eb13cc6ed55aabd,archive,arc-245bc2fbb8a596e4,7481,8eb13cc6ed55aabdff4ae84d61ffeb3b8ceda73a545100a438994c04eec65877,2003,not-applicable,,
mus-2830345e776c26ec,archive,arc-245bc2fbb8a596e4,7129,2830345e776c26ecc8723c25811217323a330801bf381228a4f40808148f3bc6,2002,not-applicable,,
mus-23d53e1722e95ca1,archive,arc-245bc2fbb8a596e4,7916,23d53e1722e95ca1e37fce361e1712178a11a62aaec3528a6084ce8f7da7c39d,2003,not-applicable,,
mus-349d6da9f63ce02b,archive,arc-245bc2fbb8a596e4,7098,349d6da9f63ce02bf86762b7c66e6ef7067cfa3e2bc80df22c4ea871c73aa52d,2003,not-applicable,,
mus-1c6ebc82db7ec32b,archive,arc-245bc2fbb8a596e4,6859,1c6ebc82db7ec32b17c8cbd1ce5ffd4a9dea8c8f72313ae745b854622d60bfc9,2003,not-applicable,,
mus-01c845fbcdfc27a4,archive,arc-245bc2fbb8a596e4,22620,01c845fbcdfc27a4f61033f66dbd16bf3a72a2bde6ff4cc4dda46733389ebf03,97,not-applicable,,
mus-35b764881cf54f67,archive,arc-245bc2fbb8a596e4,18677,35b764881cf54f67e2e4dfcd3d1f7071a330fd03e0f7a5afb6314a6b4857eb29,97,not-applicable,,
mus-598235678a9ff161,archive,arc-245bc2fbb8a596e4,20291,598235678a9ff161642cf4c7e5a4e25f9a6f658e75f99d300d5a0d4c241fb214,2000,not-applicable,,
mus-b8ea2439d152f4a8,archive,arc-245bc2fbb8a596e4,93345,b8ea2439d152f4a8d1dff4a91c6fae6a06b308c29157c9daf545701b3b31c362,2002,not-applicable,,
mus-ecd2fe88676ee47a,archive,arc-245bc2fbb8a596e4,47263,ecd2fe88676ee47aa4d76789152ee779066b9e57f958735923b42d7ce4a61d53,97,not-applicable,,
mus-302c33d4dffb58dc,archive,arc-245bc2fbb8a596e4,59531,302c33d4dffb58dca4858f0e0043dd9537a51d303761dfbc3b9f541cc2756072,2003,not-applicable,,
mus-cf0e36e5f32091eb,archive,arc-245bc2fbb8a596e4,47359,cf0e36e5f32091eba84523477006e4fdb9078241ad720b9b5eeefa6edfb99bc2,2000,not-applicable,,
mus-7591273e1e295e7c,archive,arc-245bc2fbb8a596e4,18817,7591273e1e295e7ca54ff276ddce39d903194c14395e0df69223c6d9d9e06c98,97,not-applicable,,
mus-baf04c0390a2fd12,archive,arc-245bc2fbb8a596e4,112660,baf04c0390a2fd1277f60fc0a571e20138da26948cf83ae88c593b6258c21b60,2000,not-applicable,,
mus-c4540bb157662939,archive,arc-245bc2fbb8a596e4,19293,c4540bb15766293907308afbb1ded979461eb59419626b37e15a98afbc7fbffa,97,not-applicable,,
mus-4c13a94a52080dcd,archive,arc-245bc2fbb8a596e4,20837,4c13a94a52080dcdce733a0720cb3930b0c6c47f7e538956f55b9e91880a7f32,97,not-applicable,,
mus-47a19375e0a05fba,archive,arc-245bc2fbb8a596e4,54663,47a19375e0a05fba3d9c4fea5166e97028ce5adebbd188f50a3917f8418b086e,2002,not-applicable,,
mus-89ce3ed8eb27df1c,archive,arc-71077f8152f8cdfa,19391,89ce3ed8eb27df1c2675206f1db5e19bd6ab020de22f7fbab83da00f25414643,97,not-applicable,,
mus-59e2ef2bdc0a9416,archive,arc-71077f8152f8cdfa,3576,59e2ef2bdc0a9416a1cdd0f23cab730c4599f36064576c47055ed3814aa4f57f,2004,not-applicable,,
mus-6ebf82c156b4068a,archive,arc-71077f8152f8cdfa,7432,6ebf82c156b4068aa6b4c8811ad98ee7411a28ec40391efcc9ffa3f57d310ff2,2002,not-applicable,,
mus-d8c3fb79994d0615,archive,arc-71077f8152f8cdfa,48379,d8c3fb79994d0615ab362809d51377a4953deccae9d9b708910d4d3607d3ca4e,2003,not-applicable,,
mus-24e8d482ddc433b1,archive,arc-71077f8152f8cdfa,7047,24e8d482ddc433b1dedfca3f346eb6eb47d980c4df915c2285c0cb02f8f6655f,2003,not-applicable,,
mus-fb865fb6ac00dfe4,archive,arc-71077f8152f8cdfa,6958,fb865fb6ac00dfe47d76cd359f642fd5171182e7b2afeac762dedabfcd194c74,2003,not-applicable,,
mus-0d9fee5e183ee7f9,archive,arc-71077f8152f8cdfa,6942,0d9fee5e183ee7f9e32e47a7d3edc953f67d99a8d82c03fcdb236cc8bc667a85,2003,not-applicable,,
mus-db63fb8ea470442e,archive,arc-71077f8152f8cdfa,7031,db63fb8ea470442edf0547bce747fc65fc24c9e4d1eb9516a19cf1651f127304,2003,not-applicable,,
mus-911401494ae5298d,archive,arc-71077f8152f8cdfa,6939,911401494ae5298d78723cb95ddbaa587651078f67fff31aa2579059b0e375f4,2003,not-applicable,,
mus-80154697115b9b08,archive,arc-71077f8152f8cdfa,6926,80154697115b9b086f19a6ac43b9f9c9e9faa5227b0e7b441a24abfbe84c90ac,2002,not-applicable,,
mus-a03a5f4f6aacf182,archive,arc-71077f8152f8cdfa,6671,a03a5f4f6aacf182eab067695d55ac2b3d6fef11775337a65e005601a4774cb9,2002,not-applicable,,
mus-66f5aeb0315a8381,archive,arc-71077f8152f8cdfa,6927,66f5aeb0315a838191fefdb7d3dc51161669c2b6362c090e7f383847035b26ef,2003,not-applicable,,
mus-c7e0faa94df7fc67,archive,arc-71077f8152f8cdfa,3294,c7e0faa94df7fc6782953b9a51304b2b46ae50d7f37154dd619c2682ab34fac2,2004,not-applicable,,
mus-07e9922dfd8de9db,archive,arc-71077f8152f8cdfa,8005,07e9922dfd8de9db7a05d84c3090818a519f0ba2463dc0fea4d2b8e349816fc8,2003,not-applicable,,
mus-b81eb42fcd6b8449,archive,arc-71077f8152f8cdfa,68907,b81eb42fcd6b8449233a0f2699bda4aa54b73dac51e121d32b39473a5247f6fa,2001,not-applicable,,
mus-a369ff13b7923d44,archive,arc-71077f8152f8cdfa,68873,a369ff13b7923d44fdaeac50d4740c2896776aa31df1c8d8bd1d97f978c2e008,2001,not-applicable,,
mus-a369ff13b7923d44,archive,arc-71077f8152f8cdfa,68873,a369ff13b7923d44fdaeac50d4740c2896776aa31df1c8d8bd1d97f978c2e008,2001,not-applicable,,
mus-b538555731e7e648,archive,arc-71077f8152f8cdfa,68820,b538555731e7e6484823b7db135cafbfa1e58b663810056173134f4367aecb07,2001,not-applicable,,
mus-9d3e84ae9fef4203,archive,arc-71077f8152f8cdfa,69395,9d3e84ae9fef42039229c45d0594f4b16f5779a87490f5ad0ea1dd21ce3d02aa,2003,not-applicable,,
mus-b7bd99a606120406,archive,arc-71077f8152f8cdfa,7798,b7bd99a6061204065e4bed38dd8e95814c3d989a756d8186614790fe387547c1,2004,not-applicable,,
mus-3752b988ba55c481,archive,arc-71077f8152f8cdfa,26284,3752b988ba55c481c885c624ee72dc4997f94d09a11c80de1df45b03aae924ab,2000,not-applicable,,
mus-c431943270ed2d15,archive,arc-71077f8152f8cdfa,20093,c431943270ed2d1511fba82beeee42f8b04fac82ed322ad56dc357b1b7a0ae4e,2000,not-applicable,,
mus-f780d2453d79d0e1,archive,arc-71077f8152f8cdfa,6977,f780d2453d79d0e19dbc94c8c9cc92c29587d3c4a8478466d2e265c716fc0af0,2003,not-applicable,,
mus-f1080c13aad8092f,archive,arc-71077f8152f8cdfa,19381,f1080c13aad8092f20fb93ab9a0c12caa7d3787a57d75ab29d6099303ce1d188,97,not-applicable,,
mus-794e09f86dbd0e76,archive,arc-71077f8152f8cdfa,25009,794e09f86dbd0e76717f2dd4343eca9edd517fbbc4d26d0ab99c292fac920a75,2000,not-applicable,,
mus-71c74ed45f158193,archive,arc-71077f8152f8cdfa,6952,71c74ed45f1581930787fba2122ad5d5162572cf532b5e2bc58c2cd36bf98a49,2003,not-applicable,,
mus-aa553913b2156c53,archive,arc-71077f8152f8cdfa,21307,aa553913b2156c535fd9482f986f08ca402902f8ca5c278e9a61c513cc076ab4,2000,not-applicable,,
mus-21e22f4f76ea6c8d,archive,arc-71077f8152f8cdfa,20959,21e22f4f76ea6c8d61506c799fa883a45a29631ead619787229dcc7ba28414af,2000,not-applicable,,
mus-f33e7f20f7dd0d2a,archive,arc-71077f8152f8cdfa,23895,f33e7f20f7dd0d2a77887b26a32b519722dde3312cd16279bf27d83b8e56ca49,2000,not-applicable,,
mus-b49abdad295dffbc,archive,arc-71077f8152f8cdfa,4156,b49abdad295dffbc77e4ba45c86bec76be95c1322b1012498dd3b689cb464597,2003,not-applicable,,
mus-5b95aaf5c41195e4,archive,arc-71077f8152f8cdfa,19733,5b95aaf5c41195e4433fffb36c6cb0687beac242113477e076a31c43c88783aa,97,not-applicable,,
mus-bfbfdabc42ac2d94,archive,arc-71077f8152f8cdfa,19909,bfbfdabc42ac2d94bc746ef1d1a993a970052c96250b6292cb2a2ea3e930bb9e,2000,not-applicable,,
mus-7e7a2e84756b7380,archive,arc-71077f8152f8cdfa,6104,7e7a2e84756b73804d8da951b15bc4b8239fcb17ce5d43c00e8e20b22268c2dd,2002,not-applicable,,
mus-17369c1d72ad3e05,archive,arc-71077f8152f8cdfa,94135,17369c1d72ad3e0529195bdb59d0670fb9f11f12b5b9481aa677aacdfcf56175,2000,not-applicable,,
mus-645ac9da0acaf4d7,archive,arc-71077f8152f8cdfa,18879,645ac9da0acaf4d7416d40fa0443496ccfbcbb9e8d1b5c4ea73a7f22919ca070,97,not-applicable,,
mus-f3e9ef8950e4d49e,archive,arc-71077f8152f8cdfa,18793,f3e9ef8950e4d49e487f37e6c2ac755a6396289793c6deecd69eca1b3448bfb0,97,not-applicable,,
mus-d1a90cc453593325,archive,arc-71077f8152f8cdfa,7025,d1a90cc453593325e893e82f18fe1a026ba956011a7255925fca2a3157cd0a34,2003,not-applicable,,
mus-07bb32110967763b,archive,arc-71077f8152f8cdfa,19225,07bb32110967763b6628d9ba21dda9a0aaadc288912bef338f066cda48c1c2d3,97,not-applicable,,
mus-7a941673c7f1fc38,archive,arc-71077f8152f8cdfa,6903,7a941673c7f1fc38654e743e6b591dd8bdbc0919987229c1eaea1e83c9b9befe,2003,not-applicable,,
mus-72553498b152f984,archive,arc-71077f8152f8cdfa,19997,72553498b152f9841b9fdb69c99a15b01c68cf2ef244865c1d3b074162d57a90,2000,not-applicable,,
mus-bae7740587c1f769,archive,arc-71077f8152f8cdfa,6883,bae7740587c1f7692529dc262767ff5e6381edede280136838b220e1d9494314,2003,not-applicable,,
mus-9ae245d230bc9ff4,archive,arc-71077f8152f8cdfa,6811,9ae245d230bc9ff42a06c35524fed13c7868962b3aeea3eb2d595622cb74dd1f,2003,not-applicable,,
mus-3a8b724cf3adba80,archive,arc-71077f8152f8cdfa,20149,3a8b724cf3adba8008f41a3e6be0e57cce63100d3cc13a73bf24bcbdec5ac376,2000,not-applicable,,
mus-b4c6e4247ffcca82,archive,arc-71077f8152f8cdfa,7299,b4c6e4247ffcca827da225a7d24c8136475bb106f56df65cb391a2c413d57d26,2003,not-applicable,,
mus-179dfb5d2e481125,archive,arc-71077f8152f8cdfa,6794,179dfb5d2e481125a4dc46ce924edbd31a6e2c2364c5fa660e0a92b00a5d9fce,2002,not-applicable,,
mus-4f609ff3244e9450,archive,arc-71077f8152f8cdfa,7435,4f609ff3244e94500f5874ae7927c989630dfcc1832f4842e22a4015f75a3b11,2002,not-applicable,,
mus-4ee520004faafb33,archive,arc-71077f8152f8cdfa,21601,4ee520004faafb33d1446a2b322386f7f7493aaa748b8b1b400266adb49125b2,2000,not-applicable,,
mus-14816048bc29d651,archive,arc-71077f8152f8cdfa,7024,14816048bc29d65193bec1f1ae1550177b5636a4689453a4f7605d1c9fe4cfbb,2003,not-applicable,,
mus-bf8a2d7e1feccad7,archive,arc-71077f8152f8cdfa,7552,bf8a2d7e1feccad7356ac1f14a1a65b122d19edc7251eaa6c990e9813fc08442,2003,not-applicable,,
mus-02cf5aedce61bd4e,archive,arc-71077f8152f8cdfa,21809,02cf5aedce61bd4ebfd2bbd573ff430153daded4eed1d047931d7be062c25f0d,2000,not-applicable,,
mus-15ec9b233136225f,archive,arc-71077f8152f8cdfa,21051,15ec9b233136225f12ae2bc122211338dc5fd3cff24ade15a105663c33b54900,2000,not-applicable,,
mus-f879c5edd8c4e7e7,archive,arc-71077f8152f8cdfa,20067,f879c5edd8c4e7e705b4b6f7d43d19f262cc94329ad362cfc62c019f557bcf13,2000,not-applicable,,
mus-b31070a56377b624,archive,arc-71077f8152f8cdfa,22005,b31070a56377b62496efaf630797dff1acb8e6850a15b8cfdeeb63b79de1fedd,2000,not-applicable,,
mus-85205b4af9c9eee8,archive,arc-71077f8152f8cdfa,21561,85205b4af9c9eee8b3fcc8466dd00eb42fcfeba7ec45d5a5e5e3d0c29d971acd,2000,not-applicable,,
mus-3501a8bdefb28717,archive,arc-71077f8152f8cdfa,21975,3501a8bdefb287178c54c467f49cc9bb34bc5313187af8e1de2eaa1bdc461499,2000,not-applicable,,
mus-7f09920de16277b1,archive,arc-71077f8152f8cdfa,20329,7f09920de16277b108eedcb7db9608c1e9d06df6261c7ad630200ee262448f37,2000,not-applicable,,
mus-4c2ffbaf1f32229c,archive,arc-71077f8152f8cdfa,57589,4c2ffbaf1f32229ce4117993dd288afb51648a8720813a6cbff59d4a1a9535ad,2002,not-applicable,,
mus-e61f7e1b10423f66,archive,arc-71077f8152f8cdfa,21941,e61f7e1b10423f66b7ea959cc68e3ac476dc3109e208347bdc0d8c4515194718,2000,not-applicable,,
mus-b2d9dcf1ec2d48cb,archive,arc-71077f8152f8cdfa,21893,b2d9dcf1ec2d48cbd74513888a3da1d688c35aabebb4c9ed854ea224d6d3bcea,2000,not-applicable,,
mus-8df43d75fab0c654,archive,arc-71077f8152f8cdfa,21137,8df43d75fab0c65479f90de5de01deb4c02944200e1900b64e8a1251790fe863,2000,not-applicable,,
mus-a2b773298e64f7c0,archive,arc-71077f8152f8cdfa,6793,a2b773298e64f7c0807c4c0429bb477279b96ba74ca6531f324ef5e3b684d94e,2002,not-applicable,,
mus-91a68b7f67e10791,archive,arc-71077f8152f8cdfa,21931,91a68b7f67e107915cca982128b80dc08df5495c5f31bdc5f86f6fdc659bfd35,2000,not-applicable,,
mus-06b43fd49f77c1c6,archive,arc-71077f8152f8cdfa,7261,06b43fd49f77c1c6202cec1b62d41cea5f89ad86fded1b4b5acc33b904903399,2003,not-applicable,,
mus-76f77e0eed85f646,archive,arc-71077f8152f8cdfa,11190,76f77e0eed85f6462d38f096663d9d4581c71b6d0d8fd52bcc44fbdc4f6fe25c,2003,not-applicable,,
mus-8eb13cc6ed55aabd,archive,arc-71077f8152f8cdfa,7481,8eb13cc6ed55aabdff4ae84d61ffeb3b8ceda73a545100a438994c04eec65877,2003,not-applicable,,
mus-2830345e776c26ec,archive,arc-71077f8152f8cdfa,7129,2830345e776c26ecc8723c25811217323a330801bf381228a4f40808148f3bc6,2002,not-applicable,,
mus-23d53e1722e95ca1,archive,arc-71077f8152f8cdfa,7916,23d53e1722e95ca1e37fce361e1712178a11a62aaec3528a6084ce8f7da7c39d,2003,not-applicable,,
mus-349d6da9f63ce02b,archive,arc-71077f8152f8cdfa,7098,349d6da9f63ce02bf86762b7c66e6ef7067cfa3e2bc80df22c4ea871c73aa52d,2003,not-applicable,,
mus-1c6ebc82db7ec32b,archive,arc-71077f8152f8cdfa,6859,1c6ebc82db7ec32b17c8cbd1ce5ffd4a9dea8c8f72313ae745b854622d60bfc9,2003,not-applicable,,
mus-01c845fbcdfc27a4,archive,arc-71077f8152f8cdfa,22620,01c845fbcdfc27a4f61033f66dbd16bf3a72a2bde6ff4cc4dda46733389ebf03,97,not-applicable,,
mus-35b764881cf54f67,archive,arc-71077f8152f8cdfa,18677,35b764881cf54f67e2e4dfcd3d1f7071a330fd03e0f7a5afb6314a6b4857eb29,97,not-applicable,,
mus-598235678a9ff161,archive,arc-71077f8152f8cdfa,20291,598235678a9ff161642cf4c7e5a4e25f9a6f658e75f99d300d5a0d4c241fb214,2000,not-applicable,,
mus-b8ea2439d152f4a8,archive,arc-71077f8152f8cdfa,93345,b8ea2439d152f4a8d1dff4a91c6fae6a06b308c29157c9daf545701b3b31c362,2002,not-applicable,,
mus-ecd2fe88676ee47a,archive,arc-71077f8152f8cdfa,47263,ecd2fe88676ee47aa4d76789152ee779066b9e57f958735923b42d7ce4a61d53,97,not-applicable,,
mus-302c33d4dffb58dc,archive,arc-71077f8152f8cdfa,59531,302c33d4dffb58dca4858f0e0043dd9537a51d303761dfbc3b9f541cc2756072,2003,not-applicable,,
mus-cf0e36e5f32091eb,archive,arc-71077f8152f8cdfa,47359,cf0e36e5f32091eba84523477006e4fdb9078241ad720b9b5eeefa6edfb99bc2,2000,not-applicable,,
mus-7591273e1e295e7c,archive,arc-71077f8152f8cdfa,18817,7591273e1e295e7ca54ff276ddce39d903194c14395e0df69223c6d9d9e06c98,97,not-applicable,,
mus-baf04c0390a2fd12,archive,arc-71077f8152f8cdfa,112660,baf04c0390a2fd1277f60fc0a571e20138da26948cf83ae88c593b6258c21b60,2000,not-applicable,,
mus-c4540bb157662939,archive,arc-71077f8152f8cdfa,19293,c4540bb15766293907308afbb1ded979461eb59419626b37e15a98afbc7fbffa,97,not-applicable,,
mus-4c13a94a52080dcd,archive,arc-71077f8152f8cdfa,20837,4c13a94a52080dcdce733a0720cb3930b0c6c47f7e538956f55b9e91880a7f32,97,not-applicable,,
mus-47a19375e0a05fba,archive,arc-71077f8152f8cdfa,54663,47a19375e0a05fba3d9c4fea5166e97028ce5adebbd188f50a3917f8418b086e,2002,not-applicable,,
mus-89ce3ed8eb27df1c,archive,arc-ccfc23dd77e2cef8,19391,89ce3ed8eb27df1c2675206f1db5e19bd6ab020de22f7fbab83da00f25414643,97,not-applicable,,
mus-d6ecceec28c25275,archive,arc-ccfc23dd77e2cef8,7510,d6ecceec28c25275c55f27e1bdbd7224429eddd589dccf5b8f65e2f7a6efb276,2005,not-applicable,,
mus-59e2ef2bdc0a9416,archive,arc-ccfc23dd77e2cef8,3576,59e2ef2bdc0a9416a1cdd0f23cab730c4599f36064576c47055ed3814aa4f57f,2004,not-applicable,,
mus-c2dc80160698b3ef,archive,arc-ccfc23dd77e2cef8,3378,c2dc80160698b3ef72bd73972dd7a50ab4f0d7f1ac26520c04fd428917498aac,2005,not-applicable,,
mus-86fafceb1ef2ebe2,archive,arc-ccfc23dd77e2cef8,3218,86fafceb1ef2ebe2ff26f71800a3877eb16e7e22a595a5693e84726cf827393e,2007,not-applicable,,
mus-11b51f94b27cc3d2,archive,arc-ccfc23dd77e2cef8,3714,11b51f94b27cc3d2d6810e5e1cfb91cebb2af70b818f0a8f51bea2d1d282aa9e,2005,not-applicable,,
mus-7ff6bcb8b1bd7c75,archive,arc-ccfc23dd77e2cef8,7877,7ff6bcb8b1bd7c7547b3921affb575f72ebb9ee365e3ded7bbaeac99ae631678,2007,not-applicable,,
mus-6ebf82c156b4068a,archive,arc-ccfc23dd77e2cef8,7432,6ebf82c156b4068aa6b4c8811ad98ee7411a28ec40391efcc9ffa3f57d310ff2,2002,not-applicable,,
mus-d8c3fb79994d0615,archive,arc-ccfc23dd77e2cef8,48379,d8c3fb79994d0615ab362809d51377a4953deccae9d9b708910d4d3607d3ca4e,2003,not-applicable,,
mus-24e8d482ddc433b1,archive,arc-ccfc23dd77e2cef8,7047,24e8d482ddc433b1dedfca3f346eb6eb47d980c4df915c2285c0cb02f8f6655f,2003,not-applicable,,
mus-fb865fb6ac00dfe4,archive,arc-ccfc23dd77e2cef8,6958,fb865fb6ac00dfe47d76cd359f642fd5171182e7b2afeac762dedabfcd194c74,2003,not-applicable,,
mus-0d9fee5e183ee7f9,archive,arc-ccfc23dd77e2cef8,6942,0d9fee5e183ee7f9e32e47a7d3edc953f67d99a8d82c03fcdb236cc8bc667a85,2003,not-applicable,,
mus-db63fb8ea470442e,archive,arc-ccfc23dd77e2cef8,7031,db63fb8ea470442edf0547bce747fc65fc24c9e4d1eb9516a19cf1651f127304,2003,not-applicable,,
mus-911401494ae5298d,archive,arc-ccfc23dd77e2cef8,6939,911401494ae5298d78723cb95ddbaa587651078f67fff31aa2579059b0e375f4,2003,not-applicable,,
mus-80154697115b9b08,archive,arc-ccfc23dd77e2cef8,6926,80154697115b9b086f19a6ac43b9f9c9e9faa5227b0e7b441a24abfbe84c90ac,2002,not-applicable,,
mus-a03a5f4f6aacf182,archive,arc-ccfc23dd77e2cef8,6671,a03a5f4f6aacf182eab067695d55ac2b3d6fef11775337a65e005601a4774cb9,2002,not-applicable,,
mus-66f5aeb0315a8381,archive,arc-ccfc23dd77e2cef8,6927,66f5aeb0315a838191fefdb7d3dc51161669c2b6362c090e7f383847035b26ef,2003,not-applicable,,
mus-c7e0faa94df7fc67,archive,arc-ccfc23dd77e2cef8,3294,c7e0faa94df7fc6782953b9a51304b2b46ae50d7f37154dd619c2682ab34fac2,2004,not-applicable,,
mus-e09f13d06ff0f25e,archive,arc-ccfc23dd77e2cef8,62326,e09f13d06ff0f25edd527d1f2d83a0cda3b524068bc0d7142625c8447df97db3,2004b,not-applicable,,
mus-d955d380e0816070,archive,arc-ccfc23dd77e2cef8,53976,d955d380e08160703583c18f6d0466bf41a15f5e64bae1eeb81b69df22bc13dd,2007,not-applicable,,
mus-5a6641ad7416ea92,archive,arc-ccfc23dd77e2cef8,51573,5a6641ad7416ea9231a7133f6c68ceaea86a508b5711b8bc1e647093769719d7,2007,not-applicable,,
mus-07e9922dfd8de9db,archive,arc-ccfc23dd77e2cef8,8005,07e9922dfd8de9db7a05d84c3090818a519f0ba2463dc0fea4d2b8e349816fc8,2003,not-applicable,,
mus-c24bfbc168830692,archive,arc-ccfc23dd77e2cef8,69329,c24bfbc168830692bb66cfce9cde1461da6535035cf27c305393ef3f08abe859,2003,not-applicable,,
mus-a369ff13b7923d44,archive,arc-ccfc23dd77e2cef8,68873,a369ff13b7923d44fdaeac50d4740c2896776aa31df1c8d8bd1d97f978c2e008,2001,not-applicable,,
mus-a369ff13b7923d44,archive,arc-ccfc23dd77e2cef8,68873,a369ff13b7923d44fdaeac50d4740c2896776aa31df1c8d8bd1d97f978c2e008,2001,not-applicable,,
mus-b538555731e7e648,archive,arc-ccfc23dd77e2cef8,68820,b538555731e7e6484823b7db135cafbfa1e58b663810056173134f4367aecb07,2001,not-applicable,,
mus-386ac60522cf2c79,archive,arc-ccfc23dd77e2cef8,57933,386ac60522cf2c796517532d2c453c8e1fe6398bf0f890916e4dda459230f4a8,2004b,not-applicable,,
mus-9d3e84ae9fef4203,archive,arc-ccfc23dd77e2cef8,69395,9d3e84ae9fef42039229c45d0594f4b16f5779a87490f5ad0ea1dd21ce3d02aa,2003,not-applicable,,
mus-b7bd99a606120406,archive,arc-ccfc23dd77e2cef8,7798,b7bd99a6061204065e4bed38dd8e95814c3d989a756d8186614790fe387547c1,2004,not-applicable,,
mus-2cebc1f4ff3f76e7,archive,arc-ccfc23dd77e2cef8,45164,2cebc1f4ff3f76e7f5df39e7c4d6ec39d6404797055cbaf3c117e97e82e46792,2007,not-applicable,,
mus-2cebc1f4ff3f76e7,archive,arc-ccfc23dd77e2cef8,45164,2cebc1f4ff3f76e7f5df39e7c4d6ec39d6404797055cbaf3c117e97e82e46792,2007,not-applicable,,
mus-3752b988ba55c481,archive,arc-ccfc23dd77e2cef8,26284,3752b988ba55c481c885c624ee72dc4997f94d09a11c80de1df45b03aae924ab,2000,not-applicable,,
mus-4c2fe14dd692de72,archive,arc-ccfc23dd77e2cef8,7498,4c2fe14dd692de72bff46b34a27b25676d4101abe9632b3089e99ee2c23b95a5,2004b,not-applicable,,
mus-8971876eba2eb983,archive,arc-ccfc23dd77e2cef8,12225,8971876eba2eb9838999660af20c114775092ae408205a96ad8e7d3bec62dfd3,2007,not-applicable,,
mus-3328146a837dac17,archive,arc-ccfc23dd77e2cef8,7534,3328146a837dac1776bec308bfe5a41f70ba439165b6de52216afc9f4eaf8be9,2007,not-applicable,,
mus-3e534597a67ed9c1,archive,arc-ccfc23dd77e2cef8,182081,3e534597a67ed9c1ac4f72984daee6ad801b31302c653572ac009afe4b85d2c1,2004,not-applicable,,
mus-40fa91aa964cd9a1,archive,arc-ccfc23dd77e2cef8,89182,40fa91aa964cd9a191b2c834f8d6114e1291f093dd47419b44f0ed559b17203d,2004,not-applicable,,
mus-c431943270ed2d15,archive,arc-ccfc23dd77e2cef8,20093,c431943270ed2d1511fba82beeee42f8b04fac82ed322ad56dc357b1b7a0ae4e,2000,not-applicable,,
mus-f780d2453d79d0e1,archive,arc-ccfc23dd77e2cef8,6977,f780d2453d79d0e19dbc94c8c9cc92c29587d3c4a8478466d2e265c716fc0af0,2003,not-applicable,,
mus-f1080c13aad8092f,archive,arc-ccfc23dd77e2cef8,19381,f1080c13aad8092f20fb93ab9a0c12caa7d3787a57d75ab29d6099303ce1d188,97,not-applicable,,
mus-794e09f86dbd0e76,archive,arc-ccfc23dd77e2cef8,25009,794e09f86dbd0e76717f2dd4343eca9edd517fbbc4d26d0ab99c292fac920a75,2000,not-applicable,,
mus-d70a22ab0e8a3e9d,archive,arc-ccfc23dd77e2cef8,61827,d70a22ab0e8a3e9d8a0257a258c970f2f3fbfa53ba3f1a5eb89263b46f2281d7,2004,not-applicable,,
mus-71c74ed45f158193,archive,arc-ccfc23dd77e2cef8,6952,71c74ed45f1581930787fba2122ad5d5162572cf532b5e2bc58c2cd36bf98a49,2003,not-applicable,,
mus-876c549180b7b7b1,archive,arc-ccfc23dd77e2cef8,62443,876c549180b7b7b19163aa117d0847ae6f19adc0e9fa326c01880861d31c1b95,2004,not-applicable,,
mus-aa553913b2156c53,archive,arc-ccfc23dd77e2cef8,21307,aa553913b2156c535fd9482f986f08ca402902f8ca5c278e9a61c513cc076ab4,2000,not-applicable,,
mus-21e22f4f76ea6c8d,archive,arc-ccfc23dd77e2cef8,20959,21e22f4f76ea6c8d61506c799fa883a45a29631ead619787229dcc7ba28414af,2000,not-applicable,,
mus-f33e7f20f7dd0d2a,archive,arc-ccfc23dd77e2cef8,23895,f33e7f20f7dd0d2a77887b26a32b519722dde3312cd16279bf27d83b8e56ca49,2000,not-applicable,,
mus-d4bb822075c16678,archive,arc-ccfc23dd77e2cef8,8015,d4bb822075c1667810f0d999a6e7e7486503869d1c10f6644db56a12a3848c97,2004b,not-applicable,,
mus-b549f44a5904134f,archive,arc-ccfc23dd77e2cef8,64180,b549f44a5904134fdad7f276547530144b2217ab81409068aa3aac856dfb54ad,2005,not-applicable,,
mus-5b95aaf5c41195e4,archive,arc-ccfc23dd77e2cef8,19733,5b95aaf5c41195e4433fffb36c6cb0687beac242113477e076a31c43c88783aa,97,not-applicable,,
mus-bfbfdabc42ac2d94,archive,arc-ccfc23dd77e2cef8,19909,bfbfdabc42ac2d94bc746ef1d1a993a970052c96250b6292cb2a2ea3e930bb9e,2000,not-applicable,,
mus-7e7a2e84756b7380,archive,arc-ccfc23dd77e2cef8,6104,7e7a2e84756b73804d8da951b15bc4b8239fcb17ce5d43c00e8e20b22268c2dd,2002,not-applicable,,
mus-17369c1d72ad3e05,archive,arc-ccfc23dd77e2cef8,94135,17369c1d72ad3e0529195bdb59d0670fb9f11f12b5b9481aa677aacdfcf56175,2000,not-applicable,,
mus-17369c1d72ad3e05,archive,arc-ccfc23dd77e2cef8,94135,17369c1d72ad3e0529195bdb59d0670fb9f11f12b5b9481aa677aacdfcf56175,2000,not-applicable,,
mus-a7d59b9a3199944e,archive,arc-ccfc23dd77e2cef8,7988,a7d59b9a3199944ed0385fad3a33859af0f377aa40742945462d15366ec1bdc7,2005,not-applicable,,
mus-645ac9da0acaf4d7,archive,arc-ccfc23dd77e2cef8,18879,645ac9da0acaf4d7416d40fa0443496ccfbcbb9e8d1b5c4ea73a7f22919ca070,97,not-applicable,,
mus-f3e9ef8950e4d49e,archive,arc-ccfc23dd77e2cef8,18793,f3e9ef8950e4d49e487f37e6c2ac755a6396289793c6deecd69eca1b3448bfb0,97,not-applicable,,
mus-d1a90cc453593325,archive,arc-ccfc23dd77e2cef8,7025,d1a90cc453593325e893e82f18fe1a026ba956011a7255925fca2a3157cd0a34,2003,not-applicable,,
mus-2e442c6f7144284d,archive,arc-ccfc23dd77e2cef8,6970,2e442c6f7144284d0427216a14579fd2e88b8650debd4358e5dedfed17dbef97,2003,not-applicable,,
mus-07bb32110967763b,archive,arc-ccfc23dd77e2cef8,19225,07bb32110967763b6628d9ba21dda9a0aaadc288912bef338f066cda48c1c2d3,97,not-applicable,,
mus-7a941673c7f1fc38,archive,arc-ccfc23dd77e2cef8,6903,7a941673c7f1fc38654e743e6b591dd8bdbc0919987229c1eaea1e83c9b9befe,2003,not-applicable,,
mus-33a317c1d05c20e5,archive,arc-ccfc23dd77e2cef8,5169,33a317c1d05c20e5a327d1c823b1de2832b25f922db6df0790c188f35fd04e0f,2006,not-applicable,,
mus-72553498b152f984,archive,arc-ccfc23dd77e2cef8,19997,72553498b152f9841b9fdb69c99a15b01c68cf2ef244865c1d3b074162d57a90,2000,not-applicable,,
mus-bae7740587c1f769,archive,arc-ccfc23dd77e2cef8,6883,bae7740587c1f7692529dc262767ff5e6381edede280136838b220e1d9494314,2003,not-applicable,,
mus-9ae245d230bc9ff4,archive,arc-ccfc23dd77e2cef8,6811,9ae245d230bc9ff42a06c35524fed13c7868962b3aeea3eb2d595622cb74dd1f,2003,not-applicable,,
mus-3a8b724cf3adba80,archive,arc-ccfc23dd77e2cef8,20149,3a8b724cf3adba8008f41a3e6be0e57cce63100d3cc13a73bf24bcbdec5ac376,2000,not-applicable,,
mus-f231a694f653028f,archive,arc-ccfc23dd77e2cef8,229487,f231a694f653028f18c301f348d4a56389a092c3a5624e6148bde2d06a53837f,2007,not-applicable,,
mus-b49abdad295dffbc,archive,arc-ccfc23dd77e2cef8,4156,b49abdad295dffbc77e4ba45c86bec76be95c1322b1012498dd3b689cb464597,2003,not-applicable,,
mus-b4c6e4247ffcca82,archive,arc-ccfc23dd77e2cef8,7299,b4c6e4247ffcca827da225a7d24c8136475bb106f56df65cb391a2c413d57d26,2003,not-applicable,,
mus-179dfb5d2e481125,archive,arc-ccfc23dd77e2cef8,6794,179dfb5d2e481125a4dc46ce924edbd31a6e2c2364c5fa660e0a92b00a5d9fce,2002,not-applicable,,
mus-4f609ff3244e9450,archive,arc-ccfc23dd77e2cef8,7435,4f609ff3244e94500f5874ae7927c989630dfcc1832f4842e22a4015f75a3b11,2002,not-applicable,,
mus-d996aa765ef6bf13,archive,arc-ccfc23dd77e2cef8,3113,d996aa765ef6bf137fe2f23cd59f94c863b625bb24cf698c0d0ca1385ca33979,2006,not-applicable,,
mus-0f7ed5bd148a9ad4,archive,arc-ccfc23dd77e2cef8,3086,0f7ed5bd148a9ad43720dff8f761b4d5c74f1198a493fcb9828a2ae5f70eff65,2006,not-applicable,,
mus-87a14c2ba9fbbbbc,archive,arc-ccfc23dd77e2cef8,173861,87a14c2ba9fbbbbca348bcc6c5cea36f30e834de7575b040126448877ed8ce1c,2006,not-applicable,,
mus-4ee520004faafb33,archive,arc-ccfc23dd77e2cef8,21601,4ee520004faafb33d1446a2b322386f7f7493aaa748b8b1b400266adb49125b2,2000,not-applicable,,
mus-fbd112fad7effc4c,archive,arc-ccfc23dd77e2cef8,54760,fbd112fad7effc4c4e1f69d931bb810ffbc30bdd4b0a144d9fa4a325521de184,2004b,not-applicable,,
mus-990f5f9c9e38e168,archive,arc-ccfc23dd77e2cef8,54793,990f5f9c9e38e1682e5b2325957e2c12d1f7508d62fe41bac891af25b1b487f6,2004b,not-applicable,,
mus-68448786262eb644,archive,arc-ccfc23dd77e2cef8,54974,68448786262eb6449a5544be5a54a45540ccc26c29884dc10d68f6f881e4126b,2005,not-applicable,,
mus-a6f99ac6b21bb9ef,archive,arc-ccfc23dd77e2cef8,55204,a6f99ac6b21bb9ef6e5d00fcbca1e8afc393f73d75d03799cd88dcbe5ca69c78,2005,not-applicable,,
mus-14816048bc29d651,archive,arc-ccfc23dd77e2cef8,7024,14816048bc29d65193bec1f1ae1550177b5636a4689453a4f7605d1c9fe4cfbb,2003,not-applicable,,
mus-bf8a2d7e1feccad7,archive,arc-ccfc23dd77e2cef8,7552,bf8a2d7e1feccad7356ac1f14a1a65b122d19edc7251eaa6c990e9813fc08442,2003,not-applicable,,
mus-02cf5aedce61bd4e,archive,arc-ccfc23dd77e2cef8,21809,02cf5aedce61bd4ebfd2bbd573ff430153daded4eed1d047931d7be062c25f0d,2000,not-applicable,,
mus-15ec9b233136225f,archive,arc-ccfc23dd77e2cef8,21051,15ec9b233136225f12ae2bc122211338dc5fd3cff24ade15a105663c33b54900,2000,not-applicable,,
mus-f879c5edd8c4e7e7,archive,arc-ccfc23dd77e2cef8,20067,f879c5edd8c4e7e705b4b6f7d43d19f262cc94329ad362cfc62c019f557bcf13,2000,not-applicable,,
mus-b31070a56377b624,archive,arc-ccfc23dd77e2cef8,22005,b31070a56377b62496efaf630797dff1acb8e6850a15b8cfdeeb63b79de1fedd,2000,not-applicable,,
mus-85205b4af9c9eee8,archive,arc-ccfc23dd77e2cef8,21561,85205b4af9c9eee8b3fcc8466dd00eb42fcfeba7ec45d5a5e5e3d0c29d971acd,2000,not-applicable,,
mus-3501a8bdefb28717,archive,arc-ccfc23dd77e2cef8,21975,3501a8bdefb287178c54c467f49cc9bb34bc5313187af8e1de2eaa1bdc461499,2000,not-applicable,,
mus-7f09920de16277b1,archive,arc-ccfc23dd77e2cef8,20329,7f09920de16277b108eedcb7db9608c1e9d06df6261c7ad630200ee262448f37,2000,not-applicable,,
mus-4c2ffbaf1f32229c,archive,arc-ccfc23dd77e2cef8,57589,4c2ffbaf1f32229ce4117993dd288afb51648a8720813a6cbff59d4a1a9535ad,2002,not-applicable,,
mus-e61f7e1b10423f66,archive,arc-ccfc23dd77e2cef8,21941,e61f7e1b10423f66b7ea959cc68e3ac476dc3109e208347bdc0d8c4515194718,2000,not-applicable,,
mus-b2d9dcf1ec2d48cb,archive,arc-ccfc23dd77e2cef8,21893,b2d9dcf1ec2d48cbd74513888a3da1d688c35aabebb4c9ed854ea224d6d3bcea,2000,not-applicable,,
mus-8df43d75fab0c654,archive,arc-ccfc23dd77e2cef8,21137,8df43d75fab0c65479f90de5de01deb4c02944200e1900b64e8a1251790fe863,2000,not-applicable,,
mus-a2b773298e64f7c0,archive,arc-ccfc23dd77e2cef8,6793,a2b773298e64f7c0807c4c0429bb477279b96ba74ca6531f324ef5e3b684d94e,2002,not-applicable,,
mus-d17af0a403b0a7eb,archive,arc-ccfc23dd77e2cef8,50261,d17af0a403b0a7eb60e33acf8b713a1da148209828871510ff56776a07b9db8d,2004b,not-applicable,,
mus-91a68b7f67e10791,archive,arc-ccfc23dd77e2cef8,21931,91a68b7f67e107915cca982128b80dc08df5495c5f31bdc5f86f6fdc659bfd35,2000,not-applicable,,
mus-06b43fd49f77c1c6,archive,arc-ccfc23dd77e2cef8,7261,06b43fd49f77c1c6202cec1b62d41cea5f89ad86fded1b4b5acc33b904903399,2003,not-applicable,,
mus-5529691254be299b,archive,arc-ccfc23dd77e2cef8,7120,5529691254be299b9fb7279e5ca549811b1be216a7a69173a1cc4cff6f27f957,2003,not-applicable,,
mus-138dd65b1eba2ce4,archive,arc-ccfc23dd77e2cef8,67567,138dd65b1eba2ce4db9981affdfafd2fadf396b5dc549217f9f5d85f99a02e5a,2003,not-applicable,,
mus-2fc904f04995a9cd,archive,arc-ccfc23dd77e2cef8,4169,2fc904f04995a9cd10d2218ad9694ac12aba7a10f707c76da1f496d4d1e5d564,2006,not-applicable,,
mus-76f77e0eed85f646,archive,arc-ccfc23dd77e2cef8,11190,76f77e0eed85f6462d38f096663d9d4581c71b6d0d8fd52bcc44fbdc4f6fe25c,2003,not-applicable,,
mus-8eb13cc6ed55aabd,archive,arc-ccfc23dd77e2cef8,7481,8eb13cc6ed55aabdff4ae84d61ffeb3b8ceda73a545100a438994c04eec65877,2003,not-applicable,,
mus-2830345e776c26ec,archive,arc-ccfc23dd77e2cef8,7129,2830345e776c26ecc8723c25811217323a330801bf381228a4f40808148f3bc6,2002,not-applicable,,
mus-23d53e1722e95ca1,archive,arc-ccfc23dd77e2cef8,7916,23d53e1722e95ca1e37fce361e1712178a11a62aaec3528a6084ce8f7da7c39d,2003,not-applicable,,
mus-349d6da9f63ce02b,archive,arc-ccfc23dd77e2cef8,7098,349d6da9f63ce02bf86762b7c66e6ef7067cfa3e2bc80df22c4ea871c73aa52d,2003,not-applicable,,
mus-1c6ebc82db7ec32b,archive,arc-ccfc23dd77e2cef8,6859,1c6ebc82db7ec32b17c8cbd1ce5ffd4a9dea8c8f72313ae745b854622d60bfc9,2003,not-applicable,,
mus-b9aa3f379134f423,archive,arc-ccfc23dd77e2cef8,6808,b9aa3f379134f423d3f5a249c17b098a421d9735a9c3fbc885c377208003765a,2003,not-applicable,,
mus-01c845fbcdfc27a4,archive,arc-ccfc23dd77e2cef8,22620,01c845fbcdfc27a4f61033f66dbd16bf3a72a2bde6ff4cc4dda46733389ebf03,97,not-applicable,,
mus-35b764881cf54f67,archive,arc-ccfc23dd77e2cef8,18677,35b764881cf54f67e2e4dfcd3d1f7071a330fd03e0f7a5afb6314a6b4857eb29,97,not-applicable,,
mus-914a0b7fe576d29f,archive,arc-ccfc23dd77e2cef8,3156,914a0b7fe576d29fd2d18c4c0f16a10a8dbe2aafea8b0ed3493872ae0a8fccda,2006,not-applicable,,
mus-598235678a9ff161,archive,arc-ccfc23dd77e2cef8,20291,598235678a9ff161642cf4c7e5a4e25f9a6f658e75f99d300d5a0d4c241fb214,2000,not-applicable,,
mus-b8ea2439d152f4a8,archive,arc-ccfc23dd77e2cef8,93345,b8ea2439d152f4a8d1dff4a91c6fae6a06b308c29157c9daf545701b3b31c362,2002,not-applicable,,
mus-ecd2fe88676ee47a,archive,arc-ccfc23dd77e2cef8,47263,ecd2fe88676ee47aa4d76789152ee779066b9e57f958735923b42d7ce4a61d53,97,not-applicable,,
mus-37162e43a5cb8074,archive,arc-ccfc23dd77e2cef8,5027,37162e43a5cb80742c7e88bc04cb7ad2d44c9b309bfab18e48036b468d7a24cb,2006,not-applicable,,
mus-302c33d4dffb58dc,archive,arc-ccfc23dd77e2cef8,59531,302c33d4dffb58dca4858f0e0043dd9537a51d303761dfbc3b9f541cc2756072,2003,not-applicable,,
mus-8194100ac23173ad,archive,arc-ccfc23dd77e2cef8,5251,8194100ac23173add081f1e054054803ddc31165b00301f075d90d32f2807f8d,2006,not-applicable,,
mus-cf0e36e5f32091eb,archive,arc-ccfc23dd77e2cef8,47359,cf0e36e5f32091eba84523477006e4fdb9078241ad720b9b5eeefa6edfb99bc2,2000,not-applicable,,
mus-80f406e825f1e188,archive,arc-ccfc23dd77e2cef8,23997,80f406e825f1e1889163061d541ed6ce3661e330c1e9ad32b25d7de05b75346d,2000,not-applicable,,
mus-c0c21145b3fc61fa,archive,arc-ccfc23dd77e2cef8,7419,c0c21145b3fc61fa0f185988e6bb4968b739f0dcceb697be5f545d0cbf6600df,2005,not-applicable,,
mus-7591273e1e295e7c,archive,arc-ccfc23dd77e2cef8,18817,7591273e1e295e7ca54ff276ddce39d903194c14395e0df69223c6d9d9e06c98,97,not-applicable,,
mus-baf04c0390a2fd12,archive,arc-ccfc23dd77e2cef8,112660,baf04c0390a2fd1277f60fc0a571e20138da26948cf83ae88c593b6258c21b60,2000,not-applicable,,
mus-fcebc87c1e8bca55,archive,arc-ccfc23dd77e2cef8,84424,fcebc87c1e8bca55da57918dda2955f3a9fb7c4bbf6c01c0d8076f5d212bbe70,2006,not-applicable,,
mus-c4540bb157662939,archive,arc-ccfc23dd77e2cef8,19293,c4540bb15766293907308afbb1ded979461eb59419626b37e15a98afbc7fbffa,97,not-applicable,,
mus-4c13a94a52080dcd,archive,arc-ccfc23dd77e2cef8,20837,4c13a94a52080dcdce733a0720cb3930b0c6c47f7e538956f55b9e91880a7f32,97,not-applicable,,
mus-a7f6b30593dc7bbc,archive,arc-ccfc23dd77e2cef8,22626,a7f6b30593dc7bbc97a6dfb0e48fcacf2aa60415d151f1dbcd11af2f1a315000,2004b,not-applicable,,
mus-47a19375e0a05fba,archive,arc-ccfc23dd77e2cef8,54663,47a19375e0a05fba3d9c4fea5166e97028ce5adebbd188f50a3917f8418b086e,2002,not-applicable,,
mus-f6a86ccf82feaad1,archive,arc-ccfc23dd77e2cef8,64185,f6a86ccf82feaad1bb35eb3dbcb353100fa70949f7d6af062a13c6656562fb78,2005,not-applicable,,
mus-d89e8fe12e271440,archive,arc-ccfc23dd77e2cef8,3351,d89e8fe12e27144018c683da2792aff10cbedb6afb0f9a8063d53df0c87f1d9c,2005,not-applicable,,
mus-de90627d1c31566b,archive,arc-ccfc23dd77e2cef8,3451,de90627d1c31566b89423703950b0c0acc77b83163445000e50b382cb45f0ecc,2005,not-applicable,,
mus-6f92285413755b41,archive,arc-ccfc23dd77e2cef8,3604,6f92285413755b417304122802451d7b57a65c182db681e867e47194e9e7d389,2005,not-applicable,,
mus-5396a1b805b5ddee,archive,arc-ccfc23dd77e2cef8,62389,5396a1b805b5ddee2f779e940968d6abd5a3e8062622f4b07610d3a6e9b514fa,2004b,not-applicable,,
mus-7d0196f16214836a,archive,arc-ccfc23dd77e2cef8,6956,7d0196f16214836a28567420db20e78462568246238bfb9a6b5f40932d5e8c2e,2003,not-applicable,,
mus-b7b453dcdef0c8ab,archive,arc-a6c0e7e719b87f19,380701,b7b453dcdef0c8abf591d52ea82798c360754221cb15a3b705202199c0e33729,2.0.1,not-applicable,,
mus-2d88a920375502ea,archive,arc-a6c0e7e719b87f19,154182,2d88a920375502eabf4a48c9306e8ce945b5329102751200d0f2ce37a0b8bbaf,2.0.1,not-applicable,,
mus-1e52796735a42edc,archive,arc-a6c0e7e719b87f19,8752,1e52796735a42edc4a3a0b1f31938b827f5875c7be4de1b558a14278cd8d6b54,2.0.1,not-applicable,,
mus-fe5947966f56260a,archive,arc-a6c0e7e719b87f19,295709,fe5947966f56260a86423c44d7a4bbd79388bbb6ebbfec4df3a13537609e4c1f,2.0.1,not-applicable,,
mus-44ea64d6329fe316,archive,arc-a6c0e7e719b87f19,92230,44ea64d6329fe316d974e28c710fc1d0bfd8bfca37a8f6c98810137e198ac482,2.0.1,not-applicable,,
mus-2c0a5e8897b436d5,archive,arc-038f99c198064c60,44504,2c0a5e8897b436d5b8a150112ed41eddf4491a908e6c709b2a165d71e3e9f9d7,2.0.1,not-applicable,,
mus-17252b23b7dec19b,archive,arc-038f99c198064c60,21834,17252b23b7dec19be58ea25b53e679b0b45fae46667b956304c34da21ccf30a4,2.0.1,not-applicable,,
mus-6221436902df356a,archive,arc-038f99c198064c60,14491,6221436902df356a2fb8ee2fbe6345e76d5c1fbc0d2928ffe39c43b513813acf,2.0.1,not-applicable,,
mus-21b0fbff8c350cb6,archive,arc-038f99c198064c60,92339,21b0fbff8c350cb63cdb0a0e4329dbd8633c8731aca48c26d6ded962e0c75b5c,2.0.1,not-applicable,,
mus-a9c009c62210e98c,archive,arc-038f99c198064c60,8240,a9c009c62210e98c36b17717bbaf8a7b3a0d30a8b9773e146dddf85799000cfd,1.8.7,not-applicable,,
mus-82ecd310284845e9,archive,arc-038f99c198064c60,126265,82ecd310284845e96a882a9724dfe1092b2daf0af96614f0e054b5fcd43469ff,2.0.1,not-applicable,,
mus-cbe08422209dc35e,archive,arc-038f99c198064c60,96196,cbe08422209dc35edee6717d4892cbc927c78fd1d1a587db7af6a6f2c0c20581,2.0.1,not-applicable,,
mus-4208eeecc112ec2a,archive,arc-a8c7539e10e928d6,28149,4208eeecc112ec2a8ed8cc56a2ce97bf27627848bab422486a12dc01d1f4a5d2,2007,not-applicable,,
mus-348ccc66a92e3a72,archive,arc-a8c7539e10e928d6,31339,348ccc66a92e3a725790fd6d82bc8d0f8ef65fba595512e903307df54d27f2d5,2012,not-applicable,,
mus-8ec19f1a4810971f,archive,arc-a8c7539e10e928d6,87093,8ec19f1a4810971fa8f070a2c6a0bf2f92614ecb894ee407cc4be6ec5620e260,97,not-applicable,,
mus-bbd59d6a76e2468f,archive,arc-e044a2afa384c5db,53075,bbd59d6a76e2468f2482330619cff2d252d55369a7d42219b85f5a920d85b71e,2.0.1,not-applicable,,
mus-14e81da5b6cbc13a,archive,arc-e044a2afa384c5db,51932,14e81da5b6cbc13a3cf237957cb962f14c7bc50f14cd003eb9ba1063fe084fd8,2.0.1,not-applicable,,
mus-91ee87911d6366da,archive,arc-e044a2afa384c5db,49888,91ee87911d6366da4482789a376e849ec6f219295bfead66ad49b2e848f6463c,2.0.1,not-applicable,,
mus-82c88c7aa508aecb,archive,arc-e044a2afa384c5db,44537,82c88c7aa508aecb3baff934b8aab54515a52f473f4aab8b377764735109447e,2.0.1,not-applicable,,
mus-0bea2a2b5efe842d,archive,arc-e044a2afa384c5db,54998,0bea2a2b5efe842d8a88d6f9ec29e4def4a2905fe4bf67f56e0b5e81a3a3262c,2.0.1,not-applicable,,
mus-d663f4670b49ecd6,archive,arc-e044a2afa384c5db,11484,d663f4670b49ecd68b00a453fbe9724f4a9b84638a6e2c5696356719ac852c70,2.0.1,not-applicable,,
mus-3328146a837dac17,archive,arc-60798dae165f8e98,7534,3328146a837dac1776bec308bfe5a41f70ba439165b6de52216afc9f4eaf8be9,2007,not-applicable,,
mus-787cf69a3c3196a6,archive,arc-32127f034456ec56,160114,787cf69a3c3196a6d3eea328bb4ded8611c17ce2e73fd7271d3742f2241073e0,3.2,not-applicable,,
mus-787cf69a3c3196a6,archive,arc-b3e6ec2774e3591a,160114,787cf69a3c3196a6d3eea328bb4ded8611c17ce2e73fd7271d3742f2241073e0,3.2,not-applicable,,
mus-bbd25b6382ae184b,archive,arc-b3eea3d31d8711e0,209846,bbd25b6382ae184b66c35fa460790b41f58335d73bbbbac4d1dde73a9d4a4844,2.6,not-applicable,,
mus-4cd34a9133bd766a,archive,arc-b3eea3d31d8711e0,206262,4cd34a9133bd766ad52681ce296e3a85fcf86d5f173bd2e9bc7f9606c3aa929a,2.6,not-applicable,,
mus-775da0712269fc6a,archive,arc-b3eea3d31d8711e0,233910,775da0712269fc6ab7f3065975b958c0b98e822316d52587f676908ba8d79186,2.6,not-applicable,,
mus-6ced2dd0f871e575,archive,arc-b3eea3d31d8711e0,243126,6ced2dd0f871e57543e341cc6286b4c0fe5ead6b8209a8c5cbae64be9183bb3d,2.6,not-applicable,,
mus-82dd15dbcc5d038c,archive,arc-b3eea3d31d8711e0,238518,82dd15dbcc5d038c4b4cfac8db93cc244469efd14cbf6a610033965318103a80,2.6,not-applicable,,
mus-8903df5d5d9e8a86,archive,arc-612ea2792e128005,552462,8903df5d5d9e8a8630d63b3111bdb376d5d6384e655cfc40069f9d0eb073678f,3.5,not-applicable,,
mus-c513756e6ddc9cd4,archive,arc-612ea2792e128005,846264,c513756e6ddc9cd4d1e2e43ba8f62d89fb2081e9c315f6c4fc4edbf4baa66a82,3.5,not-applicable,,
mus-d69921da4bf4ddfb,archive,arc-612ea2792e128005,17496,d69921da4bf4ddfbaaf3425e6dc1422d9862cb6a1e89fe354ba45919cbb13845,3.2,not-applicable,,
mus-03c8962fde84dd17,archive,arc-1f2f4abafbb6ce52,582194,03c8962fde84dd171d459a1d9e27bb23f31a4b723074a4de48010cf14e823952,3.5,not-applicable,,
mus-663339ec4fd188c2,archive,arc-1f2f4abafbb6ce52,596434,663339ec4fd188c22eb3263fe50d26b2a794d11181528d9901ca8472487c0b13,3.5,not-applicable,,
mus-21a7bd7fc56acd4c,archive,arc-1f2f4abafbb6ce52,868136,21a7bd7fc56acd4cc4c6aacc751eaae3e9ccd66438c54e26afaa42a932bc8d17,3.5,not-applicable,,
mus-2fd35935119037f9,archive,arc-bf330f147d935fe1,588348,2fd35935119037f99ff37bc961a289c9c476d98a4b897eb4e2351457314b2182,3.5,not-applicable,,
mus-3bff48d6cccad029,archive,arc-bf330f147d935fe1,611964,3bff48d6cccad0290ae2780aa3623fb72d9405f6d2de5e2de90a7c3352452470,3.5,not-applicable,,
mus-11318e59cc3465fb,archive,arc-bf330f147d935fe1,880886,11318e59cc3465fb456472a9c0b52e9d6090c34d51f49bdfc47f5d4150cc0be0,3.5,not-applicable,,
mus-0a0b6499d9dc56bc,archive,arc-6e882988610fa9d2,594451,0a0b6499d9dc56bc30b549f8a0e4b2527f795c67622387f253bd08c567f515e0,3.7,not-applicable,,
mus-ea284d289471233c,archive,arc-6e882988610fa9d2,616341,ea284d289471233cda6e4405f89693441bcf73a5c59bf1790698fc6a1e644ea3,3.7,not-applicable,,
mus-9e2c696b448b9fdd,archive,arc-6e882988610fa9d2,1020046,9e2c696b448b9fddaf0172c306df04b928bad735af3466eba098495d064263aa,3.7,not-applicable,,
mus-be251b68a1211344,archive,arc-7ef98ccaf87a4760,598615,be251b68a12113440d4063041605566577809882681335745269e683ac947098,3.7,not-applicable,,
mus-a302b65a19e40a21,archive,arc-7ef98ccaf87a4760,622169,a302b65a19e40a2157b31c836717cfad034c723ef4374d2f6a449480eea363fe,3.7,not-applicable,,
mus-ed8cdb0bceb59494,archive,arc-7ef98ccaf87a4760,1055310,ed8cdb0bceb5949459f7a370ffe245262df116a06a59719fda191cfb26060206,3.7,not-applicable,,
mus-39a7eb016afcdcee,archive,arc-e3cb0671350578c0,599303,39a7eb016afcdceeae4e7f58350e0c630884ee672d603ce65ffbafd6e78a029b,3.7,not-applicable,,
mus-0467cedccd9516ae,archive,arc-e3cb0671350578c0,623001,0467cedccd9516aeba5c90d60c85ab50c5db881c6b26522b0d578661f9560a17,3.7,not-applicable,,
mus-8af87aeef5c7d000,archive,arc-e3cb0671350578c0,1062526,8af87aeef5c7d00090160a5581e4118d3bb9c77a5368746cfc16aae659afd25e,3.7,not-applicable,,
mus-4aa545210e44cc07,archive,arc-40788d8256c72f1b,174296,4aa545210e44cc075ee16476bb18bef90f99b04451b99fbbfc7f9448b0751d7e,2.6,not-applicable,,
mus-f544ca7030fe203f,archive,arc-40788d8256c72f1b,133790,f544ca7030fe203f8f01fa186833a4279d591de3367b315f3b11a2577f222713,2.6,not-applicable,,
mus-481d8811c4154e87,archive,arc-40788d8256c72f1b,71829,481d8811c4154e87305556a5c0ab7745484358f4479bad8106f421b2a76b4cd1,2.6,not-applicable,,
mus-4aa545210e44cc07,archive,arc-5e41cabdd3cc1403,174296,4aa545210e44cc075ee16476bb18bef90f99b04451b99fbbfc7f9448b0751d7e,2.6,not-applicable,,
mus-f544ca7030fe203f,archive,arc-5e41cabdd3cc1403,133790,f544ca7030fe203f8f01fa186833a4279d591de3367b315f3b11a2577f222713,2.6,not-applicable,,
mus-481d8811c4154e87,archive,arc-5e41cabdd3cc1403,71829,481d8811c4154e87305556a5c0ab7745484358f4479bad8106f421b2a76b4cd1,2.6,not-applicable,,
mus-aaac6b100396f298,archive,arc-697de98aa1dd9000,174296,aaac6b100396f298547bfae7fbd5a665a26ac3c543f4bc64d1be427334f19ae5,2.6,not-applicable,,
mus-45cb5b89c40ff957,archive,arc-697de98aa1dd9000,133790,45cb5b89c40ff9577f52d199fc549f42787f928be69b2f797f2e21b5b5e795a3,2.6,not-applicable,,
mus-2c3a7d70d00542c8,archive,arc-697de98aa1dd9000,71829,2c3a7d70d00542c8cda2da735d417419b693c44b60fa8b5de458f303fb2fcb69,2.6,not-applicable,,
mus-aaac6b100396f298,archive,arc-46e085e588253172,174296,aaac6b100396f298547bfae7fbd5a665a26ac3c543f4bc64d1be427334f19ae5,2.6,not-applicable,,
mus-45cb5b89c40ff957,archive,arc-46e085e588253172,133790,45cb5b89c40ff9577f52d199fc549f42787f928be69b2f797f2e21b5b5e795a3,2.6,not-applicable,,
mus-2c3a7d70d00542c8,archive,arc-46e085e588253172,71829,2c3a7d70d00542c8cda2da735d417419b693c44b60fa8b5de458f303fb2fcb69,2.6,not-applicable,,
mus-02978b9e16d76491,archive,arc-1f9b2627139ef9ea,29865,02978b9e16d7649179b58c8f9cd0a58ba6d77a5a03b9bee7695bdfa09c02241a,2.0.1,not-applicable,,
mus-f5b5e20ff8c27785,archive,arc-1f9b2627139ef9ea,169176,f5b5e20ff8c27785c0c7144c245f090055639321749254117368641917aa14db,2.0.1,not-applicable,,
mus-7e371b1c6f825390,archive,arc-1f9b2627139ef9ea,120990,7e371b1c6f825390117dec4e97ed49373a44beb2c98568986e095bd0546e0526,2.0.1,not-applicable,,
mus-5c04fb754db4abb4,archive,arc-1f9b2627139ef9ea,70293,5c04fb754db4abb4708ea9edabb982d0bb74ef50cbb2227033468eb2470fe9a0,2.0.1,not-applicable,,
mus-7513fa1138789745,archive,arc-1f9b2627139ef9ea,9264,7513fa11387897453227e550860ae5f21c700a08a245f9aa4c5d27d76fe11817,2.0.1,not-applicable,,
mus-57a4c71be63e96fb,archive,arc-1f9b2627139ef9ea,43161,57a4c71be63e96fb5f9ff591b40aafdd818c90452c9fb5da6b10c7aa6e9dba64,2.0.1,not-applicable,,
mus-02978b9e16d76491,archive,arc-c6f698623337518e,29865,02978b9e16d7649179b58c8f9cd0a58ba6d77a5a03b9bee7695bdfa09c02241a,2.0.1,not-applicable,,
mus-f5b5e20ff8c27785,archive,arc-c6f698623337518e,169176,f5b5e20ff8c27785c0c7144c245f090055639321749254117368641917aa14db,2.0.1,not-applicable,,
mus-7e371b1c6f825390,archive,arc-c6f698623337518e,120990,7e371b1c6f825390117dec4e97ed49373a44beb2c98568986e095bd0546e0526,2.0.1,not-applicable,,
mus-5c04fb754db4abb4,archive,arc-c6f698623337518e,70293,5c04fb754db4abb4708ea9edabb982d0bb74ef50cbb2227033468eb2470fe9a0,2.0.1,not-applicable,,
mus-7513fa1138789745,archive,arc-c6f698623337518e,9264,7513fa11387897453227e550860ae5f21c700a08a245f9aa4c5d27d76fe11817,2.0.1,not-applicable,,
mus-57a4c71be63e96fb,archive,arc-c6f698623337518e,43161,57a4c71be63e96fb5f9ff591b40aafdd818c90452c9fb5da6b10c7aa6e9dba64,2.0.1,not-applicable,,
mus-178a261cfdacc43f,archive,arc-3b14494f962ce47b,304830,178a261cfdacc43f70345d64546387333b296eeee186ccb9b1920e6a7bdf33dc,2.6,not-applicable,,
mus-dad8a97ea432bbc4,archive,arc-3b14494f962ce47b,39614,dad8a97ea432bbc47c4edfaea1ef43b4485ba17c9f271f9156284fd02e907a85,2.6,not-applicable,,
mus-8dfe1b28788a69c7,archive,arc-08e41cade7f3ebc5,63084,8dfe1b28788a69c76031d5bd251ec9daad9d95e0714ebf1e7d9f1b10d6492997,2003,not-applicable,,
mus-510b8fc617949a1a,archive,arc-08e41cade7f3ebc5,59995,510b8fc617949a1a608b43ced63fa6fdd4286cd5b63b6267bcd86b393582fd7f,2003,not-applicable,,
mus-0fa46559a0b61550,archive,arc-08e41cade7f3ebc5,65219,0fa46559a0b6155054a14ffbf70e317ab3ab92acc3ab2b9ef13a34f7dedbdba1,2003,not-applicable,,
mus-2455a2900d07c2bc,archive,arc-08e41cade7f3ebc5,84298,2455a2900d07c2bc94d11c7fc5ba19834a191cf07ea7343058adf4bd4c150f58,2003,not-applicable,,
mus-1a1f32c13b7d3877,archive,arc-08e41cade7f3ebc5,245858,1a1f32c13b7d387789a0de8ca4d4c840c6e9953e3110c3f78f6f25ac6cde15ef,2003,not-applicable,,
mus-8230c7a5a348705e,archive,arc-08e41cade7f3ebc5,67441,8230c7a5a348705e2ed98fc0cdaed1a0c4b6d12623764b1133162ddcbf31c81e,2003,not-applicable,,
mus-0920f61ee4cb4d30,archive,arc-5e4207c0bf09b1fd,226051,0920f61ee4cb4d30c4e2852840874aedc9558be3db627f91dec5161dd6656935,1.8.7,not-applicable,,
mus-811bb053a565cf9c,archive,arc-5e4207c0bf09b1fd,20017,811bb053a565cf9c053d2fa0312b0dc8f5f5eac60ca0a3bb204e74b3d30cc921,1.8.7,not-applicable,,
mus-73b759ceb01e9cf5,archive,arc-5e4207c0bf09b1fd,227030,73b759ceb01e9cf548fd76f75dbe4eb19512bc165152c91be2ef8beaea31891e,1.8.7,not-applicable,,
mus-c76523b0c2678586,archive,arc-5e4207c0bf09b1fd,400160,c76523b0c267858661068bc89fa92ed9f2936089f2ccc00824edaf7bed4ab213,1.8.7,not-applicable,,
mus-2ec62cc1db4bd2c1,archive,arc-5e4207c0bf09b1fd,201776,2ec62cc1db4bd2c1b56c386ace3518cdb75d6153fbf9497bc7ed8e60ac79aaa1,1.8.7,not-applicable,,
mus-844240a9c150c8f9,archive,arc-5e4207c0bf09b1fd,35561,844240a9c150c8f985554a7a670dfd3c5b26c31d55d9573b54843b98bf843122,1.8.7,not-applicable,,
mus-f1ec8f287cf5e13c,archive,arc-5e4207c0bf09b1fd,106032,f1ec8f287cf5e13c2e81d18e4410fab63c85e4d2f0ae7b2559a1fcc6c8b01e71,1.8.7,not-applicable,,
mus-805b0bcb97c50b0c,archive,arc-5e4207c0bf09b1fd,8752,805b0bcb97c50b0cfb39472cbd24fcc8012c1891f54be680b6275c9c35e6d94f,1.8.7,not-applicable,,
mus-0920f61ee4cb4d30,archive,arc-de6e2771999daf5a,226051,0920f61ee4cb4d30c4e2852840874aedc9558be3db627f91dec5161dd6656935,1.8.7,not-applicable,,
mus-811bb053a565cf9c,archive,arc-de6e2771999daf5a,20017,811bb053a565cf9c053d2fa0312b0dc8f5f5eac60ca0a3bb204e74b3d30cc921,1.8.7,not-applicable,,
mus-73b759ceb01e9cf5,archive,arc-de6e2771999daf5a,227030,73b759ceb01e9cf548fd76f75dbe4eb19512bc165152c91be2ef8beaea31891e,1.8.7,not-applicable,,
mus-c76523b0c2678586,archive,arc-de6e2771999daf5a,400160,c76523b0c267858661068bc89fa92ed9f2936089f2ccc00824edaf7bed4ab213,1.8.7,not-applicable,,
mus-2ec62cc1db4bd2c1,archive,arc-de6e2771999daf5a,201776,2ec62cc1db4bd2c1b56c386ace3518cdb75d6153fbf9497bc7ed8e60ac79aaa1,1.8.7,not-applicable,,
mus-844240a9c150c8f9,archive,arc-de6e2771999daf5a,35561,844240a9c150c8f985554a7a670dfd3c5b26c31d55d9573b54843b98bf843122,1.8.7,not-applicable,,
mus-f1ec8f287cf5e13c,archive,arc-de6e2771999daf5a,106032,f1ec8f287cf5e13c2e81d18e4410fab63c85e4d2f0ae7b2559a1fcc6c8b01e71,1.8.7,not-applicable,,
mus-805b0bcb97c50b0c,archive,arc-de6e2771999daf5a,8752,805b0bcb97c50b0cfb39472cbd24fcc8012c1891f54be680b6275c9c35e6d94f,1.8.7,not-applicable,,
mus-f57206102fec09cb,archive,arc-091621995d2bbba2,367420,f57206102fec09cbcefe2b9c6f0276a7c1da746ba3f10c571229eaec2c801942,97,not-applicable,,
mus-a56002745e1a5751,archive,arc-091621995d2bbba2,341674,a56002745e1a57514ba566132443cd695325cee1f75bcfad5b6ab7e2bd0bd62b,97,not-applicable,,
mus-3b6c43ed1a177e0e,archive,arc-091621995d2bbba2,621908,3b6c43ed1a177e0eb41963c204e40043435248ded8145bf30d223ca720bed572,97,not-applicable,,
mus-69e08a52b8b10346,archive,arc-091621995d2bbba2,433056,69e08a52b8b1034655ea44731b573ff240d39dce99bd40659b733cfc618b59f5,97,not-applicable,,
mus-7da2d05ea97943f1,archive,arc-29f88567ae8045f1,367636,7da2d05ea97943f14588f654e68b3907a4d21fdea910469f67c4bb8edb2f7b9a,97,not-applicable,,
mus-2750008cc9bb8873,archive,arc-29f88567ae8045f1,341877,2750008cc9bb8873cb81348202eed5cf5614f874cadc70095e3f39a8fe22013a,97,not-applicable,,
mus-cf3424d512491c2a,archive,arc-29f88567ae8045f1,622112,cf3424d512491c2ad2373ae27d6e9ef8295281eedfc25b3b80c2fb87d0f199fc,97,not-applicable,,
mus-4a46aaeb6d7880dd,archive,arc-29f88567ae8045f1,433261,4a46aaeb6d7880ddfbdea319dd9233baa58850d78b10dc482ceca6a4f91a2bf4,97,not-applicable,,
mus-5d6f817449d2b169,archive,arc-f89fe8486238b75d,367636,5d6f817449d2b16908d09bc44e6275cde328c2eae691835fac9249c54181e976,97,not-applicable,,
mus-7d0d3605b81a3b34,archive,arc-f89fe8486238b75d,341877,7d0d3605b81a3b346b9b906c460b440a53810d282e51c95667cd6cd2d6cdb1b4,97,not-applicable,,
mus-1cdbeca60cc60580,archive,arc-f89fe8486238b75d,622112,1cdbeca60cc6058084ec48443bdd658a8003c0d320c88689b57f10b76e4ef79c,97,not-applicable,,
mus-d0f414284d4ab6f5,archive,arc-f89fe8486238b75d,433261,d0f414284d4ab6f55be5b0070014ac2160f9af13e1354e1fc1528f4d219dcdbd,97,not-applicable,,
mus-9f1dd915bff7983c,archive,arc-2312a1be44d28f71,53795,9f1dd915bff7983cf7c9a53ad143f3ec79d77e59807a39d70163c405317608c1,2000,not-applicable,,
mus-e4c4763cf7493a83,archive,arc-2312a1be44d28f71,19557,e4c4763cf7493a83c0d5f5382f766aaeb134e3fbe18795ebe9d923ea65b49e03,2000,not-applicable,,
mus-c04678db6a01cd60,archive,arc-538c5b944843fb58,18757,c04678db6a01cd60f11de371d64645a253098dcc8fae3b6ba1e2e457c20995d4,97,not-applicable,,
mus-39caa62b88c4bede,archive,arc-5f6f126d5a217ec1,349609,39caa62b88c4bede4dbfc434d682582cc66dbf79fa9b9f2400e180b1aa8f4fb6,2.6,not-applicable,,
mus-0f7558ad3262ae46,archive,arc-5f6f126d5a217ec1,300457,0f7558ad3262ae465294816504f9910d7ef3fae914673efa6e0e3b46a072881d,2.6,not-applicable,,
mus-304c8fceccc53997,archive,arc-5f6f126d5a217ec1,360873,304c8fceccc53997cdb2384258680aa3c15fe91eaef5141c7c3232f755bd0607,2.6,not-applicable,,
mus-fbf6c2e03a930e7c,archive,arc-5f6f126d5a217ec1,361385,fbf6c2e03a930e7c1e51733231b116261c7bfff23c43450afdef1716bfd1d371,2.6,not-applicable,,
mus-c04678db6a01cd60,archive,arc-386e7919e7d656da,18757,c04678db6a01cd60f11de371d64645a253098dcc8fae3b6ba1e2e457c20995d4,97,not-applicable,,
mus-4ae5b9287e81ce47,archive,arc-0ed199c0a7c850b8,358825,4ae5b9287e81ce476506bc2ad37f32e7f9a6df8d98bea3ea32111ef0401b2a9a,2.6,not-applicable,,
mus-820ce44eb88f6418,archive,arc-f94574eac19d274d,407490,820ce44eb88f641870cc8cfcf1321ba7f187d0fee6cb9da2685ca46d433a027a,3.2,not-applicable,,
mus-f4db14d468588894,archive,arc-f94574eac19d274d,409930,f4db14d468588894e9c762253bea74601fb0fa8f11218af9f5fba45630c8c24a,3.2,not-applicable,,
mus-2e7af092bd5645bf,archive,arc-f94574eac19d274d,425806,2e7af092bd5645bfff0b1de2b67ca2ecfadf1339ec7b8ea248e2e019b021baa4,3.2,not-applicable,,
mus-a85ef95061c4ca1a,archive,arc-f94574eac19d274d,414832,a85ef95061c4ca1a25d540003295469167f1011d1db8d046f959f985f70ae543,3.2,not-applicable,,
mus-dab4b613bda291e0,archive,arc-f94574eac19d274d,418430,dab4b613bda291e05b6eaed74e02e53f46f238ae50eceb742fb8708ab37609c4,3.2,not-applicable,,
mus-9fe11c2f364f19c7,archive,arc-f94574eac19d274d,409700,9fe11c2f364f19c7292b66c6e960e090d68bdc4edea97f61b9538a770b18e23b,3.2,not-applicable,,
mus-eaa69959a2676041,archive,arc-f94574eac19d274d,412444,eaa69959a26760418cdd8f0e6d61f1524b4dadeb1a38e40221f608305634f728,3.2,not-applicable,,
mus-5f45f35f8bb6a234,archive,arc-f94574eac19d274d,398062,5f45f35f8bb6a234e6433d30b7b969b74256f72fab6ece2ef7d3e5d842c428cc,3.2,not-applicable,,
mus-e27f1677a53f3e9d,archive,arc-0ed199c0a7c850b8,305577,e27f1677a53f3e9de2d33846ec914e1c3114bd0b19b3a201fe189e7de9184fb1,2.6,not-applicable,,
mus-f1b626a761c56d83,archive,arc-0ed199c0a7c850b8,306601,f1b626a761c56d83d1bbb34a30b578165b73a0c9200555a2d3f1341efdb5a0fa,2.6,not-applicable,,
mus-302ac97b0dffa19f,archive,arc-0ed199c0a7c850b8,370089,302ac97b0dffa19fdd35f5b94a0e8db5c2752b839155004ea5f60b591652ade5,2.6,not-applicable,,
mus-37c7131dae939d2d,archive,arc-0ed199c0a7c850b8,371625,37c7131dae939d2d5939ce084d9e90ab8c4722ddcb2077f7c4151c4b8355be31,2.6,not-applicable,,
mus-04555a76ead7e711,archive,arc-4ce19f29fe96de43,162037,04555a76ead7e7116ba79a51b89eed270a8e1877f4ca8eb84d06395231202e2d,2012,not-applicable,,
mus-5b94917c5e7ec857,archive,arc-5cbf9ee8530ab447,65610,5b94917c5e7ec857bfcc506d2dea0d9f76abc9b91092e0b34d8d7199f2d0ece4,2002,not-applicable,,
mus-16efb488c5def37e,archive,arc-5cbf9ee8530ab447,219069,16efb488c5def37e7365f6ef026aaf300546bdb9ccf92fcb10d86b9801df867e,2002,not-applicable,,
mus-ec18f6018d1ffc4f,archive,arc-5cbf9ee8530ab447,64365,ec18f6018d1ffc4fae27f7fdb98758b4cdc858c00ed87e2a9f5c70cca8388c3a,2002,not-applicable,,
mus-37499354c83e0d78,archive,arc-5cbf9ee8530ab447,70268,37499354c83e0d78c0a05b1cc6f9d3a2293078ca478fcbf0830b05eef5e4ecce,2002,not-applicable,,
mus-0b07a42ef613675d,archive,arc-5cbf9ee8530ab447,70654,0b07a42ef613675d2c54e2f3faaa4756460dfc99eb3d13ce6fa740344601a97f,2002,not-applicable,,
mus-bb85e14a1686bde7,archive,arc-5cbf9ee8530ab447,66338,bb85e14a1686bde778629f5807d3a5d05453d04673c2dbb42135f6127f2aa6ac,2002,not-applicable,,
mus-7fb4cb9a2f5153fb,archive,arc-5cbf9ee8530ab447,62610,7fb4cb9a2f5153fb2896f31e388f665c17ca10fb5bce66dd8097c376622f2a24,2002,not-applicable,,
mus-ba0c0a6bb9be41bd,archive,arc-134f51c5bf1b9cde,48461,ba0c0a6bb9be41bda2708b8ea714d0c4f4793410160922c2d2c139f3526ca10d,2.6,not-applicable,,
mus-3015b50ef47155ec,archive,arc-147cb91cf1e5e4e4,78410,3015b50ef47155ec7ebf6dfbea5fb6a169d6424ef1c548807556c967c93de8eb,3.5,not-applicable,,
mus-89ce3ed8eb27df1c,archive,arc-37311a9a53a9535f,19391,89ce3ed8eb27df1c2675206f1db5e19bd6ab020de22f7fbab83da00f25414643,97,not-applicable,,
mus-d6ecceec28c25275,archive,arc-37311a9a53a9535f,7510,d6ecceec28c25275c55f27e1bdbd7224429eddd589dccf5b8f65e2f7a6efb276,2005,not-applicable,,
mus-59e2ef2bdc0a9416,archive,arc-37311a9a53a9535f,3576,59e2ef2bdc0a9416a1cdd0f23cab730c4599f36064576c47055ed3814aa4f57f,2004,not-applicable,,
mus-6ebf82c156b4068a,archive,arc-37311a9a53a9535f,7432,6ebf82c156b4068aa6b4c8811ad98ee7411a28ec40391efcc9ffa3f57d310ff2,2002,not-applicable,,
mus-d8c3fb79994d0615,archive,arc-37311a9a53a9535f,48379,d8c3fb79994d0615ab362809d51377a4953deccae9d9b708910d4d3607d3ca4e,2003,not-applicable,,
mus-24e8d482ddc433b1,archive,arc-37311a9a53a9535f,7047,24e8d482ddc433b1dedfca3f346eb6eb47d980c4df915c2285c0cb02f8f6655f,2003,not-applicable,,
mus-fb865fb6ac00dfe4,archive,arc-37311a9a53a9535f,6958,fb865fb6ac00dfe47d76cd359f642fd5171182e7b2afeac762dedabfcd194c74,2003,not-applicable,,
mus-0d9fee5e183ee7f9,archive,arc-37311a9a53a9535f,6942,0d9fee5e183ee7f9e32e47a7d3edc953f67d99a8d82c03fcdb236cc8bc667a85,2003,not-applicable,,
mus-db63fb8ea470442e,archive,arc-37311a9a53a9535f,7031,db63fb8ea470442edf0547bce747fc65fc24c9e4d1eb9516a19cf1651f127304,2003,not-applicable,,
mus-911401494ae5298d,archive,arc-37311a9a53a9535f,6939,911401494ae5298d78723cb95ddbaa587651078f67fff31aa2579059b0e375f4,2003,not-applicable,,
mus-80154697115b9b08,archive,arc-37311a9a53a9535f,6926,80154697115b9b086f19a6ac43b9f9c9e9faa5227b0e7b441a24abfbe84c90ac,2002,not-applicable,,
mus-a03a5f4f6aacf182,archive,arc-37311a9a53a9535f,6671,a03a5f4f6aacf182eab067695d55ac2b3d6fef11775337a65e005601a4774cb9,2002,not-applicable,,
mus-4ee520004faafb33,archive,arc-37311a9a53a9535f,21601,4ee520004faafb33d1446a2b322386f7f7493aaa748b8b1b400266adb49125b2,2000,not-applicable,,
mus-fbd112fad7effc4c,archive,arc-37311a9a53a9535f,54760,fbd112fad7effc4c4e1f69d931bb810ffbc30bdd4b0a144d9fa4a325521de184,2004b,not-applicable,,
mus-990f5f9c9e38e168,archive,arc-37311a9a53a9535f,54793,990f5f9c9e38e1682e5b2325957e2c12d1f7508d62fe41bac891af25b1b487f6,2004b,not-applicable,,
mus-68448786262eb644,archive,arc-37311a9a53a9535f,54974,68448786262eb6449a5544be5a54a45540ccc26c29884dc10d68f6f881e4126b,2005,not-applicable,,
mus-a6f99ac6b21bb9ef,archive,arc-37311a9a53a9535f,55204,a6f99ac6b21bb9ef6e5d00fcbca1e8afc393f73d75d03799cd88dcbe5ca69c78,2005,not-applicable,,
mus-14816048bc29d651,archive,arc-37311a9a53a9535f,7024,14816048bc29d65193bec1f1ae1550177b5636a4689453a4f7605d1c9fe4cfbb,2003,not-applicable,,
mus-bf8a2d7e1feccad7,archive,arc-37311a9a53a9535f,7552,bf8a2d7e1feccad7356ac1f14a1a65b122d19edc7251eaa6c990e9813fc08442,2003,not-applicable,,
mus-02cf5aedce61bd4e,archive,arc-37311a9a53a9535f,21809,02cf5aedce61bd4ebfd2bbd573ff430153daded4eed1d047931d7be062c25f0d,2000,not-applicable,,
mus-15ec9b233136225f,archive,arc-37311a9a53a9535f,21051,15ec9b233136225f12ae2bc122211338dc5fd3cff24ade15a105663c33b54900,2000,not-applicable,,
mus-f879c5edd8c4e7e7,archive,arc-37311a9a53a9535f,20067,f879c5edd8c4e7e705b4b6f7d43d19f262cc94329ad362cfc62c019f557bcf13,2000,not-applicable,,
mus-b31070a56377b624,archive,arc-37311a9a53a9535f,22005,b31070a56377b62496efaf630797dff1acb8e6850a15b8cfdeeb63b79de1fedd,2000,not-applicable,,
mus-85205b4af9c9eee8,archive,arc-37311a9a53a9535f,21561,85205b4af9c9eee8b3fcc8466dd00eb42fcfeba7ec45d5a5e5e3d0c29d971acd,2000,not-applicable,,
mus-3501a8bdefb28717,archive,arc-37311a9a53a9535f,21975,3501a8bdefb287178c54c467f49cc9bb34bc5313187af8e1de2eaa1bdc461499,2000,not-applicable,,
mus-7f09920de16277b1,archive,arc-37311a9a53a9535f,20329,7f09920de16277b108eedcb7db9608c1e9d06df6261c7ad630200ee262448f37,2000,not-applicable,,
mus-4c2ffbaf1f32229c,archive,arc-37311a9a53a9535f,57589,4c2ffbaf1f32229ce4117993dd288afb51648a8720813a6cbff59d4a1a9535ad,2002,not-applicable,,
mus-e61f7e1b10423f66,archive,arc-37311a9a53a9535f,21941,e61f7e1b10423f66b7ea959cc68e3ac476dc3109e208347bdc0d8c4515194718,2000,not-applicable,,
mus-b2d9dcf1ec2d48cb,archive,arc-37311a9a53a9535f,21893,b2d9dcf1ec2d48cbd74513888a3da1d688c35aabebb4c9ed854ea224d6d3bcea,2000,not-applicable,,
mus-8df43d75fab0c654,archive,arc-37311a9a53a9535f,21137,8df43d75fab0c65479f90de5de01deb4c02944200e1900b64e8a1251790fe863,2000,not-applicable,,
mus-a2b773298e64f7c0,archive,arc-37311a9a53a9535f,6793,a2b773298e64f7c0807c4c0429bb477279b96ba74ca6531f324ef5e3b684d94e,2002,not-applicable,,
mus-d17af0a403b0a7eb,archive,arc-37311a9a53a9535f,50261,d17af0a403b0a7eb60e33acf8b713a1da148209828871510ff56776a07b9db8d,2004b,not-applicable,,
mus-91a68b7f67e10791,archive,arc-37311a9a53a9535f,21931,91a68b7f67e107915cca982128b80dc08df5495c5f31bdc5f86f6fdc659bfd35,2000,not-applicable,,
mus-06b43fd49f77c1c6,archive,arc-37311a9a53a9535f,7261,06b43fd49f77c1c6202cec1b62d41cea5f89ad86fded1b4b5acc33b904903399,2003,not-applicable,,
mus-5529691254be299b,archive,arc-37311a9a53a9535f,7120,5529691254be299b9fb7279e5ca549811b1be216a7a69173a1cc4cff6f27f957,2003,not-applicable,,
mus-138dd65b1eba2ce4,archive,arc-37311a9a53a9535f,67567,138dd65b1eba2ce4db9981affdfafd2fadf396b5dc549217f9f5d85f99a02e5a,2003,not-applicable,,
mus-2fc904f04995a9cd,archive,arc-37311a9a53a9535f,4169,2fc904f04995a9cd10d2218ad9694ac12aba7a10f707c76da1f496d4d1e5d564,2006,not-applicable,,
mus-76f77e0eed85f646,archive,arc-37311a9a53a9535f,11190,76f77e0eed85f6462d38f096663d9d4581c71b6d0d8fd52bcc44fbdc4f6fe25c,2003,not-applicable,,
mus-8eb13cc6ed55aabd,archive,arc-37311a9a53a9535f,7481,8eb13cc6ed55aabdff4ae84d61ffeb3b8ceda73a545100a438994c04eec65877,2003,not-applicable,,
mus-2830345e776c26ec,archive,arc-37311a9a53a9535f,7129,2830345e776c26ecc8723c25811217323a330801bf381228a4f40808148f3bc6,2002,not-applicable,,
mus-23d53e1722e95ca1,archive,arc-37311a9a53a9535f,7916,23d53e1722e95ca1e37fce361e1712178a11a62aaec3528a6084ce8f7da7c39d,2003,not-applicable,,
mus-349d6da9f63ce02b,archive,arc-37311a9a53a9535f,7098,349d6da9f63ce02bf86762b7c66e6ef7067cfa3e2bc80df22c4ea871c73aa52d,2003,not-applicable,,
mus-1c6ebc82db7ec32b,archive,arc-37311a9a53a9535f,6859,1c6ebc82db7ec32b17c8cbd1ce5ffd4a9dea8c8f72313ae745b854622d60bfc9,2003,not-applicable,,
mus-b9aa3f379134f423,archive,arc-37311a9a53a9535f,6808,b9aa3f379134f423d3f5a249c17b098a421d9735a9c3fbc885c377208003765a,2003,not-applicable,,
mus-89ce3ed8eb27df1c,archive,arc-7a2a8e5f29789841,19391,89ce3ed8eb27df1c2675206f1db5e19bd6ab020de22f7fbab83da00f25414643,97,not-applicable,,
mus-d6ecceec28c25275,archive,arc-7a2a8e5f29789841,7510,d6ecceec28c25275c55f27e1bdbd7224429eddd589dccf5b8f65e2f7a6efb276,2005,not-applicable,,
mus-59e2ef2bdc0a9416,archive,arc-7a2a8e5f29789841,3576,59e2ef2bdc0a9416a1cdd0f23cab730c4599f36064576c47055ed3814aa4f57f,2004,not-applicable,,
mus-c2dc80160698b3ef,archive,arc-7a2a8e5f29789841,3378,c2dc80160698b3ef72bd73972dd7a50ab4f0d7f1ac26520c04fd428917498aac,2005,not-applicable,,
mus-86fafceb1ef2ebe2,archive,arc-7a2a8e5f29789841,3218,86fafceb1ef2ebe2ff26f71800a3877eb16e7e22a595a5693e84726cf827393e,2007,not-applicable,,
mus-11b51f94b27cc3d2,archive,arc-7a2a8e5f29789841,3714,11b51f94b27cc3d2d6810e5e1cfb91cebb2af70b818f0a8f51bea2d1d282aa9e,2005,not-applicable,,
mus-7ff6bcb8b1bd7c75,archive,arc-7a2a8e5f29789841,7877,7ff6bcb8b1bd7c7547b3921affb575f72ebb9ee365e3ded7bbaeac99ae631678,2007,not-applicable,,
mus-6ebf82c156b4068a,archive,arc-7a2a8e5f29789841,7432,6ebf82c156b4068aa6b4c8811ad98ee7411a28ec40391efcc9ffa3f57d310ff2,2002,not-applicable,,
mus-e6a2adc8a1b6363d,archive,arc-7a2a8e5f29789841,8386,e6a2adc8a1b6363dff7ffccff4e59eb40ae5acf97f8951933da08d0c76a3eeba,2007,not-applicable,,
mus-cbfd18533841eaca,archive,arc-7a2a8e5f29789841,9104,cbfd18533841eacad52c24e839dd5d25999bdcb41da7d37f646cf278eca0e480,2009,not-applicable,,
mus-76ef4d96d05bedff,archive,arc-7a2a8e5f29789841,9118,76ef4d96d05bedff6d98ca529bbc95779b06ce70bbea4811ee0e89bef043775a,2009,not-applicable,,
mus-0c01aaaa7ec30e30,archive,arc-7a2a8e5f29789841,8594,0c01aaaa7ec30e3033181a25de6e40f0d3c7ff315add6b009d26fc4543eb2e74,2007,not-applicable,,
mus-d8c3fb79994d0615,archive,arc-7a2a8e5f29789841,48379,d8c3fb79994d0615ab362809d51377a4953deccae9d9b708910d4d3607d3ca4e,2003,not-applicable,,
mus-24e8d482ddc433b1,archive,arc-7a2a8e5f29789841,7047,24e8d482ddc433b1dedfca3f346eb6eb47d980c4df915c2285c0cb02f8f6655f,2003,not-applicable,,
mus-fb865fb6ac00dfe4,archive,arc-7a2a8e5f29789841,6958,fb865fb6ac00dfe47d76cd359f642fd5171182e7b2afeac762dedabfcd194c74,2003,not-applicable,,
mus-0d9fee5e183ee7f9,archive,arc-7a2a8e5f29789841,6942,0d9fee5e183ee7f9e32e47a7d3edc953f67d99a8d82c03fcdb236cc8bc667a85,2003,not-applicable,,
mus-db63fb8ea470442e,archive,arc-7a2a8e5f29789841,7031,db63fb8ea470442edf0547bce747fc65fc24c9e4d1eb9516a19cf1651f127304,2003,not-applicable,,
mus-911401494ae5298d,archive,arc-7a2a8e5f29789841,6939,911401494ae5298d78723cb95ddbaa587651078f67fff31aa2579059b0e375f4,2003,not-applicable,,
mus-80154697115b9b08,archive,arc-7a2a8e5f29789841,6926,80154697115b9b086f19a6ac43b9f9c9e9faa5227b0e7b441a24abfbe84c90ac,2002,not-applicable,,
mus-a03a5f4f6aacf182,archive,arc-7a2a8e5f29789841,6671,a03a5f4f6aacf182eab067695d55ac2b3d6fef11775337a65e005601a4774cb9,2002,not-applicable,,
mus-d35597c0a02d04ce,archive,arc-7a2a8e5f29789841,8357,d35597c0a02d04ce1ad21469ffb489ab66ff4fe2668b90d868b230923f104177,2008,not-applicable,,
mus-4ee520004faafb33,archive,arc-7a2a8e5f29789841,21601,4ee520004faafb33d1446a2b322386f7f7493aaa748b8b1b400266adb49125b2,2000,not-applicable,,
mus-fbd112fad7effc4c,archive,arc-7a2a8e5f29789841,54760,fbd112fad7effc4c4e1f69d931bb810ffbc30bdd4b0a144d9fa4a325521de184,2004b,not-applicable,,
mus-990f5f9c9e38e168,archive,arc-7a2a8e5f29789841,54793,990f5f9c9e38e1682e5b2325957e2c12d1f7508d62fe41bac891af25b1b487f6,2004b,not-applicable,,
mus-68448786262eb644,archive,arc-7a2a8e5f29789841,54974,68448786262eb6449a5544be5a54a45540ccc26c29884dc10d68f6f881e4126b,2005,not-applicable,,
mus-a6f99ac6b21bb9ef,archive,arc-7a2a8e5f29789841,55204,a6f99ac6b21bb9ef6e5d00fcbca1e8afc393f73d75d03799cd88dcbe5ca69c78,2005,not-applicable,,
mus-14816048bc29d651,archive,arc-7a2a8e5f29789841,7024,14816048bc29d65193bec1f1ae1550177b5636a4689453a4f7605d1c9fe4cfbb,2003,not-applicable,,
mus-bf8a2d7e1feccad7,archive,arc-7a2a8e5f29789841,7552,bf8a2d7e1feccad7356ac1f14a1a65b122d19edc7251eaa6c990e9813fc08442,2003,not-applicable,,
mus-02cf5aedce61bd4e,archive,arc-7a2a8e5f29789841,21809,02cf5aedce61bd4ebfd2bbd573ff430153daded4eed1d047931d7be062c25f0d,2000,not-applicable,,
mus-15ec9b233136225f,archive,arc-7a2a8e5f29789841,21051,15ec9b233136225f12ae2bc122211338dc5fd3cff24ade15a105663c33b54900,2000,not-applicable,,
mus-f879c5edd8c4e7e7,archive,arc-7a2a8e5f29789841,20067,f879c5edd8c4e7e705b4b6f7d43d19f262cc94329ad362cfc62c019f557bcf13,2000,not-applicable,,
mus-b31070a56377b624,archive,arc-7a2a8e5f29789841,22005,b31070a56377b62496efaf630797dff1acb8e6850a15b8cfdeeb63b79de1fedd,2000,not-applicable,,
mus-85205b4af9c9eee8,archive,arc-7a2a8e5f29789841,21561,85205b4af9c9eee8b3fcc8466dd00eb42fcfeba7ec45d5a5e5e3d0c29d971acd,2000,not-applicable,,
mus-3501a8bdefb28717,archive,arc-7a2a8e5f29789841,21975,3501a8bdefb287178c54c467f49cc9bb34bc5313187af8e1de2eaa1bdc461499,2000,not-applicable,,
mus-7f09920de16277b1,archive,arc-7a2a8e5f29789841,20329,7f09920de16277b108eedcb7db9608c1e9d06df6261c7ad630200ee262448f37,2000,not-applicable,,
mus-4c2ffbaf1f32229c,archive,arc-7a2a8e5f29789841,57589,4c2ffbaf1f32229ce4117993dd288afb51648a8720813a6cbff59d4a1a9535ad,2002,not-applicable,,
mus-e61f7e1b10423f66,archive,arc-7a2a8e5f29789841,21941,e61f7e1b10423f66b7ea959cc68e3ac476dc3109e208347bdc0d8c4515194718,2000,not-applicable,,
mus-b2d9dcf1ec2d48cb,archive,arc-7a2a8e5f29789841,21893,b2d9dcf1ec2d48cbd74513888a3da1d688c35aabebb4c9ed854ea224d6d3bcea,2000,not-applicable,,
mus-8df43d75fab0c654,archive,arc-7a2a8e5f29789841,21137,8df43d75fab0c65479f90de5de01deb4c02944200e1900b64e8a1251790fe863,2000,not-applicable,,
mus-a2b773298e64f7c0,archive,arc-7a2a8e5f29789841,6793,a2b773298e64f7c0807c4c0429bb477279b96ba74ca6531f324ef5e3b684d94e,2002,not-applicable,,
mus-d17af0a403b0a7eb,archive,arc-7a2a8e5f29789841,50261,d17af0a403b0a7eb60e33acf8b713a1da148209828871510ff56776a07b9db8d,2004b,not-applicable,,
mus-91a68b7f67e10791,archive,arc-7a2a8e5f29789841,21931,91a68b7f67e107915cca982128b80dc08df5495c5f31bdc5f86f6fdc659bfd35,2000,not-applicable,,
mus-06b43fd49f77c1c6,archive,arc-7a2a8e5f29789841,7261,06b43fd49f77c1c6202cec1b62d41cea5f89ad86fded1b4b5acc33b904903399,2003,not-applicable,,
mus-5529691254be299b,archive,arc-7a2a8e5f29789841,7120,5529691254be299b9fb7279e5ca549811b1be216a7a69173a1cc4cff6f27f957,2003,not-applicable,,
mus-138dd65b1eba2ce4,archive,arc-7a2a8e5f29789841,67567,138dd65b1eba2ce4db9981affdfafd2fadf396b5dc549217f9f5d85f99a02e5a,2003,not-applicable,,
mus-2fc904f04995a9cd,archive,arc-7a2a8e5f29789841,4169,2fc904f04995a9cd10d2218ad9694ac12aba7a10f707c76da1f496d4d1e5d564,2006,not-applicable,,
mus-76f77e0eed85f646,archive,arc-7a2a8e5f29789841,11190,76f77e0eed85f6462d38f096663d9d4581c71b6d0d8fd52bcc44fbdc4f6fe25c,2003,not-applicable,,
mus-8eb13cc6ed55aabd,archive,arc-7a2a8e5f29789841,7481,8eb13cc6ed55aabdff4ae84d61ffeb3b8ceda73a545100a438994c04eec65877,2003,not-applicable,,
mus-2830345e776c26ec,archive,arc-7a2a8e5f29789841,7129,2830345e776c26ecc8723c25811217323a330801bf381228a4f40808148f3bc6,2002,not-applicable,,
mus-23d53e1722e95ca1,archive,arc-7a2a8e5f29789841,7916,23d53e1722e95ca1e37fce361e1712178a11a62aaec3528a6084ce8f7da7c39d,2003,not-applicable,,
mus-349d6da9f63ce02b,archive,arc-7a2a8e5f29789841,7098,349d6da9f63ce02bf86762b7c66e6ef7067cfa3e2bc80df22c4ea871c73aa52d,2003,not-applicable,,
mus-1c6ebc82db7ec32b,archive,arc-7a2a8e5f29789841,6859,1c6ebc82db7ec32b17c8cbd1ce5ffd4a9dea8c8f72313ae745b854622d60bfc9,2003,not-applicable,,
mus-b9aa3f379134f423,archive,arc-7a2a8e5f29789841,6808,b9aa3f379134f423d3f5a249c17b098a421d9735a9c3fbc885c377208003765a,2003,not-applicable,,
mus-65ca63a2b484034f,archive,arc-ea6ad62f40ca05d9,225324,65ca63a2b484034f454eef833f9699b8ba6a6a7cc08bdff844e533a14d4e8f64,2.6,not-applicable,,
mus-9799a2f4be2f3327,archive,arc-ea6ad62f40ca05d9,223788,9799a2f4be2f33279d44c64b0a2171dde7c2fdc70a55edd9decf8dba37b2be41,2.6,not-applicable,,
mus-3ef51aa511a8e399,archive,arc-ea6ad62f40ca05d9,118283,3ef51aa511a8e399a7c0ca9cd7ec04b0030ebf7590d848fdd1aefeca9805c48a,2002,not-applicable,,
mus-1d44a22e039b1067,archive,arc-ea6ad62f40ca05d9,286252,1d44a22e039b1067bba803fe99607b8f250c509c5a5dbb3aca6940ae374ead2f,2.6,not-applicable,,
mus-787efdec464e1034,archive,arc-092fb29713200c9e,361897,787efdec464e103408b7f942bf60727aca66fcf3a4747c3b3bddb126bd9d1771,2.6,not-applicable,,
mus-f79196d7b51aae1b,archive,arc-092fb29713200c9e,309673,f79196d7b51aae1be9758e25712ad8269d019d9384a738d3bf4d1768f2dfe865,2.6,not-applicable,,
mus-55b5304a7ac2243f,archive,arc-092fb29713200c9e,705449,55b5304a7ac2243f08a4fb40a3c95136e435b4e2d23e12ed339417d2dc780673,2.6,not-applicable,,
mus-eb983bfb797ac614,archive,arc-092fb29713200c9e,311209,eb983bfb797ac61456057963d75fff7e3dbe1a2f0a075bdd78e974ac97bf4586,2.6,not-applicable,,
mus-a84b213c9de3e2a9,archive,arc-092fb29713200c9e,372137,a84b213c9de3e2a9b31a9b7162d69c64a02b25cc3963da58386f41969e1edf86,2.6,not-applicable,,
mus-93de49fadac51203,archive,arc-092fb29713200c9e,374697,93de49fadac512036ceac9e2359e5e35bca5390ebc99ace3d479f9b872f36cc2,2.6,not-applicable,,
mus-c14da9153ee0a51a,archive,arc-4563f0d8167d4a2d,361897,c14da9153ee0a51acccade0926e94ede1eeeb2c9a5d461a4e8a8505b60f7eaf8,2.6,not-applicable,,
mus-5e78955c7112a9c9,archive,arc-4563f0d8167d4a2d,705449,5e78955c7112a9c9bc4646b292324ff16f5e50ff34d309584c653603c7219438,2.6,not-applicable,,
mus-4579cb043755fa77,archive,arc-4563f0d8167d4a2d,372137,4579cb043755fa7713d4394e355590cf5195976b251c0a533dc620fd7b2673bf,2.6,not-applicable,,
mus-8796af73d3c0d17b,archive,arc-4563f0d8167d4a2d,374697,8796af73d3c0d17b02280f860688c7b322e1e87abc09ca9d58400b45f80acd7b,2.6,not-applicable,,
mus-371dd062abd6bbc0,archive,arc-807cad457f3b7768,46897,371dd062abd6bbc007ade4ca08ba77886aec421f9c6440b8696618972b12cdee,2008,not-applicable,,
mus-89ce3ed8eb27df1c,archive,arc-807cad457f3b7768,19391,89ce3ed8eb27df1c2675206f1db5e19bd6ab020de22f7fbab83da00f25414643,97,not-applicable,,
mus-d6ecceec28c25275,archive,arc-807cad457f3b7768,7510,d6ecceec28c25275c55f27e1bdbd7224429eddd589dccf5b8f65e2f7a6efb276,2005,not-applicable,,
mus-59e2ef2bdc0a9416,archive,arc-807cad457f3b7768,3576,59e2ef2bdc0a9416a1cdd0f23cab730c4599f36064576c47055ed3814aa4f57f,2004,not-applicable,,
mus-c2dc80160698b3ef,archive,arc-807cad457f3b7768,3378,c2dc80160698b3ef72bd73972dd7a50ab4f0d7f1ac26520c04fd428917498aac,2005,not-applicable,,
mus-86fafceb1ef2ebe2,archive,arc-807cad457f3b7768,3218,86fafceb1ef2ebe2ff26f71800a3877eb16e7e22a595a5693e84726cf827393e,2007,not-applicable,,
mus-11b51f94b27cc3d2,archive,arc-807cad457f3b7768,3714,11b51f94b27cc3d2d6810e5e1cfb91cebb2af70b818f0a8f51bea2d1d282aa9e,2005,not-applicable,,
mus-7ff6bcb8b1bd7c75,archive,arc-807cad457f3b7768,7877,7ff6bcb8b1bd7c7547b3921affb575f72ebb9ee365e3ded7bbaeac99ae631678,2007,not-applicable,,
mus-6ebf82c156b4068a,archive,arc-807cad457f3b7768,7432,6ebf82c156b4068aa6b4c8811ad98ee7411a28ec40391efcc9ffa3f57d310ff2,2002,not-applicable,,
mus-e6a2adc8a1b6363d,archive,arc-807cad457f3b7768,8386,e6a2adc8a1b6363dff7ffccff4e59eb40ae5acf97f8951933da08d0c76a3eeba,2007,not-applicable,,
mus-cbfd18533841eaca,archive,arc-807cad457f3b7768,9104,cbfd18533841eacad52c24e839dd5d25999bdcb41da7d37f646cf278eca0e480,2009,not-applicable,,
mus-76ef4d96d05bedff,archive,arc-807cad457f3b7768,9118,76ef4d96d05bedff6d98ca529bbc95779b06ce70bbea4811ee0e89bef043775a,2009,not-applicable,,
mus-0c01aaaa7ec30e30,archive,arc-807cad457f3b7768,8594,0c01aaaa7ec30e3033181a25de6e40f0d3c7ff315add6b009d26fc4543eb2e74,2007,not-applicable,,
mus-d8c3fb79994d0615,archive,arc-807cad457f3b7768,48379,d8c3fb79994d0615ab362809d51377a4953deccae9d9b708910d4d3607d3ca4e,2003,not-applicable,,
mus-24e8d482ddc433b1,archive,arc-807cad457f3b7768,7047,24e8d482ddc433b1dedfca3f346eb6eb47d980c4df915c2285c0cb02f8f6655f,2003,not-applicable,,
mus-fb865fb6ac00dfe4,archive,arc-807cad457f3b7768,6958,fb865fb6ac00dfe47d76cd359f642fd5171182e7b2afeac762dedabfcd194c74,2003,not-applicable,,
mus-0d9fee5e183ee7f9,archive,arc-807cad457f3b7768,6942,0d9fee5e183ee7f9e32e47a7d3edc953f67d99a8d82c03fcdb236cc8bc667a85,2003,not-applicable,,
mus-db63fb8ea470442e,archive,arc-807cad457f3b7768,7031,db63fb8ea470442edf0547bce747fc65fc24c9e4d1eb9516a19cf1651f127304,2003,not-applicable,,
mus-911401494ae5298d,archive,arc-807cad457f3b7768,6939,911401494ae5298d78723cb95ddbaa587651078f67fff31aa2579059b0e375f4,2003,not-applicable,,
mus-80154697115b9b08,archive,arc-807cad457f3b7768,6926,80154697115b9b086f19a6ac43b9f9c9e9faa5227b0e7b441a24abfbe84c90ac,2002,not-applicable,,
mus-a03a5f4f6aacf182,archive,arc-807cad457f3b7768,6671,a03a5f4f6aacf182eab067695d55ac2b3d6fef11775337a65e005601a4774cb9,2002,not-applicable,,
mus-d35597c0a02d04ce,archive,arc-807cad457f3b7768,8357,d35597c0a02d04ce1ad21469ffb489ab66ff4fe2668b90d868b230923f104177,2008,not-applicable,,
mus-66f5aeb0315a8381,archive,arc-807cad457f3b7768,6927,66f5aeb0315a838191fefdb7d3dc51161669c2b6362c090e7f383847035b26ef,2003,not-applicable,,
mus-c7e0faa94df7fc67,archive,arc-807cad457f3b7768,3294,c7e0faa94df7fc6782953b9a51304b2b46ae50d7f37154dd619c2682ab34fac2,2004,not-applicable,,
mus-e09f13d06ff0f25e,archive,arc-807cad457f3b7768,62326,e09f13d06ff0f25edd527d1f2d83a0cda3b524068bc0d7142625c8447df97db3,2004b,not-applicable,,
mus-8fc93fa852c6c878,archive,arc-807cad457f3b7768,36852,8fc93fa852c6c8788398a94e71e8af2a970a7ba827fab11a7d44fe7cb2e8d4c6,2007,not-applicable,,
mus-d955d380e0816070,archive,arc-807cad457f3b7768,53976,d955d380e08160703583c18f6d0466bf41a15f5e64bae1eeb81b69df22bc13dd,2007,not-applicable,,
mus-5a6641ad7416ea92,archive,arc-807cad457f3b7768,51573,5a6641ad7416ea9231a7133f6c68ceaea86a508b5711b8bc1e647093769719d7,2007,not-applicable,,
mus-a8051c254bd6f164,archive,arc-807cad457f3b7768,7953,a8051c254bd6f16479d7143dff62b0da7b7a252df57edb41dd33360bba4e3399,2007,not-applicable,,
mus-07e9922dfd8de9db,archive,arc-807cad457f3b7768,8005,07e9922dfd8de9db7a05d84c3090818a519f0ba2463dc0fea4d2b8e349816fc8,2003,not-applicable,,
mus-c24bfbc168830692,archive,arc-807cad457f3b7768,69329,c24bfbc168830692bb66cfce9cde1461da6535035cf27c305393ef3f08abe859,2003,not-applicable,,
mus-da9e72c0a8ce7f8c,archive,arc-807cad457f3b7768,35105,da9e72c0a8ce7f8c958d436fb1683d92fc03ec70c0db963d91c4c09af1053840,2009,not-applicable,,
mus-a369ff13b7923d44,archive,arc-807cad457f3b7768,68873,a369ff13b7923d44fdaeac50d4740c2896776aa31df1c8d8bd1d97f978c2e008,2001,not-applicable,,
mus-a369ff13b7923d44,archive,arc-807cad457f3b7768,68873,a369ff13b7923d44fdaeac50d4740c2896776aa31df1c8d8bd1d97f978c2e008,2001,not-applicable,,
mus-b538555731e7e648,archive,arc-807cad457f3b7768,68820,b538555731e7e6484823b7db135cafbfa1e58b663810056173134f4367aecb07,2001,not-applicable,,
mus-386ac60522cf2c79,archive,arc-807cad457f3b7768,57933,386ac60522cf2c796517532d2c453c8e1fe6398bf0f890916e4dda459230f4a8,2004b,not-applicable,,
mus-9d3e84ae9fef4203,archive,arc-807cad457f3b7768,69395,9d3e84ae9fef42039229c45d0594f4b16f5779a87490f5ad0ea1dd21ce3d02aa,2003,not-applicable,,
mus-b7bd99a606120406,archive,arc-807cad457f3b7768,7798,b7bd99a6061204065e4bed38dd8e95814c3d989a756d8186614790fe387547c1,2004,not-applicable,,
mus-2cebc1f4ff3f76e7,archive,arc-807cad457f3b7768,45164,2cebc1f4ff3f76e7f5df39e7c4d6ec39d6404797055cbaf3c117e97e82e46792,2007,not-applicable,,
mus-21b30fb5dfc9bca2,archive,arc-807cad457f3b7768,44768,21b30fb5dfc9bca28dae7644d81d6f7167ffb9b8e6e5a8b4d41ed50b3f2bbb02,2007,not-applicable,,
mus-fe92f682d4c805a5,archive,arc-807cad457f3b7768,13849,fe92f682d4c805a5243c2b8ac68f0b3e585c62ba9430cf9c6878de7942e8b4b8,2006,not-applicable,,
mus-4c2fe14dd692de72,archive,arc-807cad457f3b7768,7498,4c2fe14dd692de72bff46b34a27b25676d4101abe9632b3089e99ee2c23b95a5,2004b,not-applicable,,
mus-2efe626e25523012,archive,arc-807cad457f3b7768,47654,2efe626e25523012ecd74b8d3bfd674181caca35eedfb55aae5084d0ec008c3a,2008,not-applicable,,
mus-8971876eba2eb983,archive,arc-807cad457f3b7768,12225,8971876eba2eb9838999660af20c114775092ae408205a96ad8e7d3bec62dfd3,2007,not-applicable,,
mus-3328146a837dac17,archive,arc-807cad457f3b7768,7534,3328146a837dac1776bec308bfe5a41f70ba439165b6de52216afc9f4eaf8be9,2007,not-applicable,,
mus-3e534597a67ed9c1,archive,arc-807cad457f3b7768,182081,3e534597a67ed9c1ac4f72984daee6ad801b31302c653572ac009afe4b85d2c1,2004,not-applicable,,
mus-40fa91aa964cd9a1,archive,arc-807cad457f3b7768,89182,40fa91aa964cd9a191b2c834f8d6114e1291f093dd47419b44f0ed559b17203d,2004,not-applicable,,
mus-c431943270ed2d15,archive,arc-807cad457f3b7768,20093,c431943270ed2d1511fba82beeee42f8b04fac82ed322ad56dc357b1b7a0ae4e,2000,not-applicable,,
mus-f780d2453d79d0e1,archive,arc-807cad457f3b7768,6977,f780d2453d79d0e19dbc94c8c9cc92c29587d3c4a8478466d2e265c716fc0af0,2003,not-applicable,,
mus-f1080c13aad8092f,archive,arc-807cad457f3b7768,19381,f1080c13aad8092f20fb93ab9a0c12caa7d3787a57d75ab29d6099303ce1d188,97,not-applicable,,
mus-794e09f86dbd0e76,archive,arc-807cad457f3b7768,25009,794e09f86dbd0e76717f2dd4343eca9edd517fbbc4d26d0ab99c292fac920a75,2000,not-applicable,,
mus-d70a22ab0e8a3e9d,archive,arc-807cad457f3b7768,61827,d70a22ab0e8a3e9d8a0257a258c970f2f3fbfa53ba3f1a5eb89263b46f2281d7,2004,not-applicable,,
mus-71c74ed45f158193,archive,arc-807cad457f3b7768,6952,71c74ed45f1581930787fba2122ad5d5162572cf532b5e2bc58c2cd36bf98a49,2003,not-applicable,,
mus-876c549180b7b7b1,archive,arc-807cad457f3b7768,62443,876c549180b7b7b19163aa117d0847ae6f19adc0e9fa326c01880861d31c1b95,2004,not-applicable,,
mus-66761b4c242d72c3,archive,arc-807cad457f3b7768,6546,66761b4c242d72c3e4bd594fbe2e894a002b9d2915d7654fc92e6c08ba7667b3,2009,not-applicable,,
mus-98a4e9f18c4db36c,archive,arc-807cad457f3b7768,6616,98a4e9f18c4db36c98f0e2e6b9add8043402c00b6c74c09fad137d708e951409,2009,not-applicable,,
mus-aa553913b2156c53,archive,arc-807cad457f3b7768,21307,aa553913b2156c535fd9482f986f08ca402902f8ca5c278e9a61c513cc076ab4,2000,not-applicable,,
mus-21e22f4f76ea6c8d,archive,arc-807cad457f3b7768,20959,21e22f4f76ea6c8d61506c799fa883a45a29631ead619787229dcc7ba28414af,2000,not-applicable,,
mus-f33e7f20f7dd0d2a,archive,arc-807cad457f3b7768,23895,f33e7f20f7dd0d2a77887b26a32b519722dde3312cd16279bf27d83b8e56ca49,2000,not-applicable,,
mus-d4bb822075c16678,archive,arc-807cad457f3b7768,8015,d4bb822075c1667810f0d999a6e7e7486503869d1c10f6644db56a12a3848c97,2004b,not-applicable,,
mus-b549f44a5904134f,archive,arc-807cad457f3b7768,64180,b549f44a5904134fdad7f276547530144b2217ab81409068aa3aac856dfb54ad,2005,not-applicable,,
mus-5b95aaf5c41195e4,archive,arc-807cad457f3b7768,19733,5b95aaf5c41195e4433fffb36c6cb0687beac242113477e076a31c43c88783aa,97,not-applicable,,
mus-bfbfdabc42ac2d94,archive,arc-807cad457f3b7768,19909,bfbfdabc42ac2d94bc746ef1d1a993a970052c96250b6292cb2a2ea3e930bb9e,2000,not-applicable,,
mus-7e7a2e84756b7380,archive,arc-807cad457f3b7768,6104,7e7a2e84756b73804d8da951b15bc4b8239fcb17ce5d43c00e8e20b22268c2dd,2002,not-applicable,,
mus-17369c1d72ad3e05,archive,arc-807cad457f3b7768,94135,17369c1d72ad3e0529195bdb59d0670fb9f11f12b5b9481aa677aacdfcf56175,2000,not-applicable,,
mus-17369c1d72ad3e05,archive,arc-807cad457f3b7768,94135,17369c1d72ad3e0529195bdb59d0670fb9f11f12b5b9481aa677aacdfcf56175,2000,not-applicable,,
mus-a7d59b9a3199944e,archive,arc-807cad457f3b7768,7988,a7d59b9a3199944ed0385fad3a33859af0f377aa40742945462d15366ec1bdc7,2005,not-applicable,,
mus-645ac9da0acaf4d7,archive,arc-807cad457f3b7768,18879,645ac9da0acaf4d7416d40fa0443496ccfbcbb9e8d1b5c4ea73a7f22919ca070,97,not-applicable,,
mus-f3e9ef8950e4d49e,archive,arc-807cad457f3b7768,18793,f3e9ef8950e4d49e487f37e6c2ac755a6396289793c6deecd69eca1b3448bfb0,97,not-applicable,,
mus-d1a90cc453593325,archive,arc-807cad457f3b7768,7025,d1a90cc453593325e893e82f18fe1a026ba956011a7255925fca2a3157cd0a34,2003,not-applicable,,
mus-2e442c6f7144284d,archive,arc-807cad457f3b7768,6970,2e442c6f7144284d0427216a14579fd2e88b8650debd4358e5dedfed17dbef97,2003,not-applicable,,
mus-07bb32110967763b,archive,arc-807cad457f3b7768,19225,07bb32110967763b6628d9ba21dda9a0aaadc288912bef338f066cda48c1c2d3,97,not-applicable,,
mus-7a941673c7f1fc38,archive,arc-807cad457f3b7768,6903,7a941673c7f1fc38654e743e6b591dd8bdbc0919987229c1eaea1e83c9b9befe,2003,not-applicable,,
mus-33a317c1d05c20e5,archive,arc-807cad457f3b7768,5169,33a317c1d05c20e5a327d1c823b1de2832b25f922db6df0790c188f35fd04e0f,2006,not-applicable,,
mus-72553498b152f984,archive,arc-807cad457f3b7768,19997,72553498b152f9841b9fdb69c99a15b01c68cf2ef244865c1d3b074162d57a90,2000,not-applicable,,
mus-bae7740587c1f769,archive,arc-807cad457f3b7768,6883,bae7740587c1f7692529dc262767ff5e6381edede280136838b220e1d9494314,2003,not-applicable,,
mus-9ae245d230bc9ff4,archive,arc-807cad457f3b7768,6811,9ae245d230bc9ff42a06c35524fed13c7868962b3aeea3eb2d595622cb74dd1f,2003,not-applicable,,
mus-3a8b724cf3adba80,archive,arc-807cad457f3b7768,20149,3a8b724cf3adba8008f41a3e6be0e57cce63100d3cc13a73bf24bcbdec5ac376,2000,not-applicable,,
mus-f231a694f653028f,archive,arc-807cad457f3b7768,229487,f231a694f653028f18c301f348d4a56389a092c3a5624e6148bde2d06a53837f,2007,not-applicable,,
mus-b49abdad295dffbc,archive,arc-807cad457f3b7768,4156,b49abdad295dffbc77e4ba45c86bec76be95c1322b1012498dd3b689cb464597,2003,not-applicable,,
mus-b4c6e4247ffcca82,archive,arc-807cad457f3b7768,7299,b4c6e4247ffcca827da225a7d24c8136475bb106f56df65cb391a2c413d57d26,2003,not-applicable,,
mus-179dfb5d2e481125,archive,arc-807cad457f3b7768,6794,179dfb5d2e481125a4dc46ce924edbd31a6e2c2364c5fa660e0a92b00a5d9fce,2002,not-applicable,,
mus-4f609ff3244e9450,archive,arc-807cad457f3b7768,7435,4f609ff3244e94500f5874ae7927c989630dfcc1832f4842e22a4015f75a3b11,2002,not-applicable,,
mus-d996aa765ef6bf13,archive,arc-807cad457f3b7768,3113,d996aa765ef6bf137fe2f23cd59f94c863b625bb24cf698c0d0ca1385ca33979,2006,not-applicable,,
mus-0f7ed5bd148a9ad4,archive,arc-807cad457f3b7768,3086,0f7ed5bd148a9ad43720dff8f761b4d5c74f1198a493fcb9828a2ae5f70eff65,2006,not-applicable,,
mus-87a14c2ba9fbbbbc,archive,arc-807cad457f3b7768,173861,87a14c2ba9fbbbbca348bcc6c5cea36f30e834de7575b040126448877ed8ce1c,2006,not-applicable,,
mus-4ee520004faafb33,archive,arc-807cad457f3b7768,21601,4ee520004faafb33d1446a2b322386f7f7493aaa748b8b1b400266adb49125b2,2000,not-applicable,,
mus-fbd112fad7effc4c,archive,arc-807cad457f3b7768,54760,fbd112fad7effc4c4e1f69d931bb810ffbc30bdd4b0a144d9fa4a325521de184,2004b,not-applicable,,
mus-990f5f9c9e38e168,archive,arc-807cad457f3b7768,54793,990f5f9c9e38e1682e5b2325957e2c12d1f7508d62fe41bac891af25b1b487f6,2004b,not-applicable,,
mus-68448786262eb644,archive,arc-807cad457f3b7768,54974,68448786262eb6449a5544be5a54a45540ccc26c29884dc10d68f6f881e4126b,2005,not-applicable,,
mus-a6f99ac6b21bb9ef,archive,arc-807cad457f3b7768,55204,a6f99ac6b21bb9ef6e5d00fcbca1e8afc393f73d75d03799cd88dcbe5ca69c78,2005,not-applicable,,
mus-14816048bc29d651,archive,arc-807cad457f3b7768,7024,14816048bc29d65193bec1f1ae1550177b5636a4689453a4f7605d1c9fe4cfbb,2003,not-applicable,,
mus-bf8a2d7e1feccad7,archive,arc-807cad457f3b7768,7552,bf8a2d7e1feccad7356ac1f14a1a65b122d19edc7251eaa6c990e9813fc08442,2003,not-applicable,,
mus-02cf5aedce61bd4e,archive,arc-807cad457f3b7768,21809,02cf5aedce61bd4ebfd2bbd573ff430153daded4eed1d047931d7be062c25f0d,2000,not-applicable,,
mus-15ec9b233136225f,archive,arc-807cad457f3b7768,21051,15ec9b233136225f12ae2bc122211338dc5fd3cff24ade15a105663c33b54900,2000,not-applicable,,
mus-f879c5edd8c4e7e7,archive,arc-807cad457f3b7768,20067,f879c5edd8c4e7e705b4b6f7d43d19f262cc94329ad362cfc62c019f557bcf13,2000,not-applicable,,
mus-b31070a56377b624,archive,arc-807cad457f3b7768,22005,b31070a56377b62496efaf630797dff1acb8e6850a15b8cfdeeb63b79de1fedd,2000,not-applicable,,
mus-85205b4af9c9eee8,archive,arc-807cad457f3b7768,21561,85205b4af9c9eee8b3fcc8466dd00eb42fcfeba7ec45d5a5e5e3d0c29d971acd,2000,not-applicable,,
mus-3501a8bdefb28717,archive,arc-807cad457f3b7768,21975,3501a8bdefb287178c54c467f49cc9bb34bc5313187af8e1de2eaa1bdc461499,2000,not-applicable,,
mus-7f09920de16277b1,archive,arc-807cad457f3b7768,20329,7f09920de16277b108eedcb7db9608c1e9d06df6261c7ad630200ee262448f37,2000,not-applicable,,
mus-4c2ffbaf1f32229c,archive,arc-807cad457f3b7768,57589,4c2ffbaf1f32229ce4117993dd288afb51648a8720813a6cbff59d4a1a9535ad,2002,not-applicable,,
mus-e61f7e1b10423f66,archive,arc-807cad457f3b7768,21941,e61f7e1b10423f66b7ea959cc68e3ac476dc3109e208347bdc0d8c4515194718,2000,not-applicable,,
mus-b2d9dcf1ec2d48cb,archive,arc-807cad457f3b7768,21893,b2d9dcf1ec2d48cbd74513888a3da1d688c35aabebb4c9ed854ea224d6d3bcea,2000,not-applicable,,
mus-8df43d75fab0c654,archive,arc-807cad457f3b7768,21137,8df43d75fab0c65479f90de5de01deb4c02944200e1900b64e8a1251790fe863,2000,not-applicable,,
mus-a2b773298e64f7c0,archive,arc-807cad457f3b7768,6793,a2b773298e64f7c0807c4c0429bb477279b96ba74ca6531f324ef5e3b684d94e,2002,not-applicable,,
mus-d17af0a403b0a7eb,archive,arc-807cad457f3b7768,50261,d17af0a403b0a7eb60e33acf8b713a1da148209828871510ff56776a07b9db8d,2004b,not-applicable,,
mus-91a68b7f67e10791,archive,arc-807cad457f3b7768,21931,91a68b7f67e107915cca982128b80dc08df5495c5f31bdc5f86f6fdc659bfd35,2000,not-applicable,,
mus-06b43fd49f77c1c6,archive,arc-807cad457f3b7768,7261,06b43fd49f77c1c6202cec1b62d41cea5f89ad86fded1b4b5acc33b904903399,2003,not-applicable,,
mus-5529691254be299b,archive,arc-807cad457f3b7768,7120,5529691254be299b9fb7279e5ca549811b1be216a7a69173a1cc4cff6f27f957,2003,not-applicable,,
mus-138dd65b1eba2ce4,archive,arc-807cad457f3b7768,67567,138dd65b1eba2ce4db9981affdfafd2fadf396b5dc549217f9f5d85f99a02e5a,2003,not-applicable,,
mus-2fc904f04995a9cd,archive,arc-807cad457f3b7768,4169,2fc904f04995a9cd10d2218ad9694ac12aba7a10f707c76da1f496d4d1e5d564,2006,not-applicable,,
mus-76f77e0eed85f646,archive,arc-807cad457f3b7768,11190,76f77e0eed85f6462d38f096663d9d4581c71b6d0d8fd52bcc44fbdc4f6fe25c,2003,not-applicable,,
mus-8eb13cc6ed55aabd,archive,arc-807cad457f3b7768,7481,8eb13cc6ed55aabdff4ae84d61ffeb3b8ceda73a545100a438994c04eec65877,2003,not-applicable,,
mus-2830345e776c26ec,archive,arc-807cad457f3b7768,7129,2830345e776c26ecc8723c25811217323a330801bf381228a4f40808148f3bc6,2002,not-applicable,,
mus-23d53e1722e95ca1,archive,arc-807cad457f3b7768,7916,23d53e1722e95ca1e37fce361e1712178a11a62aaec3528a6084ce8f7da7c39d,2003,not-applicable,,
mus-349d6da9f63ce02b,archive,arc-807cad457f3b7768,7098,349d6da9f63ce02bf86762b7c66e6ef7067cfa3e2bc80df22c4ea871c73aa52d,2003,not-applicable,,
mus-1c6ebc82db7ec32b,archive,arc-807cad457f3b7768,6859,1c6ebc82db7ec32b17c8cbd1ce5ffd4a9dea8c8f72313ae745b854622d60bfc9,2003,not-applicable,,
mus-b9aa3f379134f423,archive,arc-807cad457f3b7768,6808,b9aa3f379134f423d3f5a249c17b098a421d9735a9c3fbc885c377208003765a,2003,not-applicable,,
mus-01c845fbcdfc27a4,archive,arc-807cad457f3b7768,22620,01c845fbcdfc27a4f61033f66dbd16bf3a72a2bde6ff4cc4dda46733389ebf03,97,not-applicable,,
mus-35b764881cf54f67,archive,arc-807cad457f3b7768,18677,35b764881cf54f67e2e4dfcd3d1f7071a330fd03e0f7a5afb6314a6b4857eb29,97,not-applicable,,
mus-914a0b7fe576d29f,archive,arc-807cad457f3b7768,3156,914a0b7fe576d29fd2d18c4c0f16a10a8dbe2aafea8b0ed3493872ae0a8fccda,2006,not-applicable,,
mus-598235678a9ff161,archive,arc-807cad457f3b7768,20291,598235678a9ff161642cf4c7e5a4e25f9a6f658e75f99d300d5a0d4c241fb214,2000,not-applicable,,
mus-b8ea2439d152f4a8,archive,arc-807cad457f3b7768,93345,b8ea2439d152f4a8d1dff4a91c6fae6a06b308c29157c9daf545701b3b31c362,2002,not-applicable,,
mus-ecd2fe88676ee47a,archive,arc-807cad457f3b7768,47263,ecd2fe88676ee47aa4d76789152ee779066b9e57f958735923b42d7ce4a61d53,97,not-applicable,,
mus-37162e43a5cb8074,archive,arc-807cad457f3b7768,5027,37162e43a5cb80742c7e88bc04cb7ad2d44c9b309bfab18e48036b468d7a24cb,2006,not-applicable,,
mus-302c33d4dffb58dc,archive,arc-807cad457f3b7768,59531,302c33d4dffb58dca4858f0e0043dd9537a51d303761dfbc3b9f541cc2756072,2003,not-applicable,,
mus-8194100ac23173ad,archive,arc-807cad457f3b7768,5251,8194100ac23173add081f1e054054803ddc31165b00301f075d90d32f2807f8d,2006,not-applicable,,
mus-cf0e36e5f32091eb,archive,arc-807cad457f3b7768,47359,cf0e36e5f32091eba84523477006e4fdb9078241ad720b9b5eeefa6edfb99bc2,2000,not-applicable,,
mus-80f406e825f1e188,archive,arc-807cad457f3b7768,23997,80f406e825f1e1889163061d541ed6ce3661e330c1e9ad32b25d7de05b75346d,2000,not-applicable,,
mus-c9980ba9b8150520,archive,arc-807cad457f3b7768,26130,c9980ba9b8150520c5e6a1cf534e8ecfd60fc347709de0b9cb3ca86dce842ef4,2008,not-applicable,,
mus-c0c21145b3fc61fa,archive,arc-807cad457f3b7768,7419,c0c21145b3fc61fa0f185988e6bb4968b739f0dcceb697be5f545d0cbf6600df,2005,not-applicable,,
mus-7591273e1e295e7c,archive,arc-807cad457f3b7768,18817,7591273e1e295e7ca54ff276ddce39d903194c14395e0df69223c6d9d9e06c98,97,not-applicable,,
mus-baf04c0390a2fd12,archive,arc-807cad457f3b7768,112660,baf04c0390a2fd1277f60fc0a571e20138da26948cf83ae88c593b6258c21b60,2000,not-applicable,,
mus-fcebc87c1e8bca55,archive,arc-807cad457f3b7768,84424,fcebc87c1e8bca55da57918dda2955f3a9fb7c4bbf6c01c0d8076f5d212bbe70,2006,not-applicable,,
mus-c4540bb157662939,archive,arc-807cad457f3b7768,19293,c4540bb15766293907308afbb1ded979461eb59419626b37e15a98afbc7fbffa,97,not-applicable,,
mus-4c13a94a52080dcd,archive,arc-807cad457f3b7768,20837,4c13a94a52080dcdce733a0720cb3930b0c6c47f7e538956f55b9e91880a7f32,97,not-applicable,,
mus-a7f6b30593dc7bbc,archive,arc-807cad457f3b7768,22626,a7f6b30593dc7bbc97a6dfb0e48fcacf2aa60415d151f1dbcd11af2f1a315000,2004b,not-applicable,,
mus-a7f6b30593dc7bbc,archive,arc-807cad457f3b7768,22626,a7f6b30593dc7bbc97a6dfb0e48fcacf2aa60415d151f1dbcd11af2f1a315000,2004b,not-applicable,,
mus-47a19375e0a05fba,archive,arc-807cad457f3b7768,54663,47a19375e0a05fba3d9c4fea5166e97028ce5adebbd188f50a3917f8418b086e,2002,not-applicable,,
mus-f6a86ccf82feaad1,archive,arc-807cad457f3b7768,64185,f6a86ccf82feaad1bb35eb3dbcb353100fa70949f7d6af062a13c6656562fb78,2005,not-applicable,,
mus-d89e8fe12e271440,archive,arc-807cad457f3b7768,3351,d89e8fe12e27144018c683da2792aff10cbedb6afb0f9a8063d53df0c87f1d9c,2005,not-applicable,,
mus-de90627d1c31566b,archive,arc-807cad457f3b7768,3451,de90627d1c31566b89423703950b0c0acc77b83163445000e50b382cb45f0ecc,2005,not-applicable,,
mus-6f92285413755b41,archive,arc-807cad457f3b7768,3604,6f92285413755b417304122802451d7b57a65c182db681e867e47194e9e7d389,2005,not-applicable,,
mus-5396a1b805b5ddee,archive,arc-807cad457f3b7768,62389,5396a1b805b5ddee2f779e940968d6abd5a3e8062622f4b07610d3a6e9b514fa,2004b,not-applicable,,
mus-7d0196f16214836a,archive,arc-807cad457f3b7768,6956,7d0196f16214836a28567420db20e78462568246238bfb9a6b5f40932d5e8c2e,2003,not-applicable,,
mus-371dd062abd6bbc0,archive,arc-e9defcd55d5ee9ed,46897,371dd062abd6bbc007ade4ca08ba77886aec421f9c6440b8696618972b12cdee,2008,not-applicable,,
mus-89ce3ed8eb27df1c,archive,arc-e9defcd55d5ee9ed,19391,89ce3ed8eb27df1c2675206f1db5e19bd6ab020de22f7fbab83da00f25414643,97,not-applicable,,
mus-d6ecceec28c25275,archive,arc-e9defcd55d5ee9ed,7510,d6ecceec28c25275c55f27e1bdbd7224429eddd589dccf5b8f65e2f7a6efb276,2005,not-applicable,,
mus-59e2ef2bdc0a9416,archive,arc-e9defcd55d5ee9ed,3576,59e2ef2bdc0a9416a1cdd0f23cab730c4599f36064576c47055ed3814aa4f57f,2004,not-applicable,,
mus-c2dc80160698b3ef,archive,arc-e9defcd55d5ee9ed,3378,c2dc80160698b3ef72bd73972dd7a50ab4f0d7f1ac26520c04fd428917498aac,2005,not-applicable,,
mus-86fafceb1ef2ebe2,archive,arc-e9defcd55d5ee9ed,3218,86fafceb1ef2ebe2ff26f71800a3877eb16e7e22a595a5693e84726cf827393e,2007,not-applicable,,
mus-11b51f94b27cc3d2,archive,arc-e9defcd55d5ee9ed,3714,11b51f94b27cc3d2d6810e5e1cfb91cebb2af70b818f0a8f51bea2d1d282aa9e,2005,not-applicable,,
mus-7ff6bcb8b1bd7c75,archive,arc-e9defcd55d5ee9ed,7877,7ff6bcb8b1bd7c7547b3921affb575f72ebb9ee365e3ded7bbaeac99ae631678,2007,not-applicable,,
mus-6ebf82c156b4068a,archive,arc-e9defcd55d5ee9ed,7432,6ebf82c156b4068aa6b4c8811ad98ee7411a28ec40391efcc9ffa3f57d310ff2,2002,not-applicable,,
mus-e6a2adc8a1b6363d,archive,arc-e9defcd55d5ee9ed,8386,e6a2adc8a1b6363dff7ffccff4e59eb40ae5acf97f8951933da08d0c76a3eeba,2007,not-applicable,,
mus-cbfd18533841eaca,archive,arc-e9defcd55d5ee9ed,9104,cbfd18533841eacad52c24e839dd5d25999bdcb41da7d37f646cf278eca0e480,2009,not-applicable,,
mus-76ef4d96d05bedff,archive,arc-e9defcd55d5ee9ed,9118,76ef4d96d05bedff6d98ca529bbc95779b06ce70bbea4811ee0e89bef043775a,2009,not-applicable,,
mus-0c01aaaa7ec30e30,archive,arc-e9defcd55d5ee9ed,8594,0c01aaaa7ec30e3033181a25de6e40f0d3c7ff315add6b009d26fc4543eb2e74,2007,not-applicable,,
mus-d8c3fb79994d0615,archive,arc-e9defcd55d5ee9ed,48379,d8c3fb79994d0615ab362809d51377a4953deccae9d9b708910d4d3607d3ca4e,2003,not-applicable,,
mus-24e8d482ddc433b1,archive,arc-e9defcd55d5ee9ed,7047,24e8d482ddc433b1dedfca3f346eb6eb47d980c4df915c2285c0cb02f8f6655f,2003,not-applicable,,
mus-fb865fb6ac00dfe4,archive,arc-e9defcd55d5ee9ed,6958,fb865fb6ac00dfe47d76cd359f642fd5171182e7b2afeac762dedabfcd194c74,2003,not-applicable,,
mus-0d9fee5e183ee7f9,archive,arc-e9defcd55d5ee9ed,6942,0d9fee5e183ee7f9e32e47a7d3edc953f67d99a8d82c03fcdb236cc8bc667a85,2003,not-applicable,,
mus-db63fb8ea470442e,archive,arc-e9defcd55d5ee9ed,7031,db63fb8ea470442edf0547bce747fc65fc24c9e4d1eb9516a19cf1651f127304,2003,not-applicable,,
mus-911401494ae5298d,archive,arc-e9defcd55d5ee9ed,6939,911401494ae5298d78723cb95ddbaa587651078f67fff31aa2579059b0e375f4,2003,not-applicable,,
mus-80154697115b9b08,archive,arc-e9defcd55d5ee9ed,6926,80154697115b9b086f19a6ac43b9f9c9e9faa5227b0e7b441a24abfbe84c90ac,2002,not-applicable,,
mus-fa7be26901d2fefb,archive,arc-e9defcd55d5ee9ed,38951,fa7be26901d2fefbcbfaf51f45dc09b0bd0084e2c178f3ec56aeb2b07f636d70,2012,not-applicable,,
mus-a03a5f4f6aacf182,archive,arc-e9defcd55d5ee9ed,6671,a03a5f4f6aacf182eab067695d55ac2b3d6fef11775337a65e005601a4774cb9,2002,not-applicable,,
mus-d35597c0a02d04ce,archive,arc-e9defcd55d5ee9ed,8357,d35597c0a02d04ce1ad21469ffb489ab66ff4fe2668b90d868b230923f104177,2008,not-applicable,,
mus-66f5aeb0315a8381,archive,arc-e9defcd55d5ee9ed,6927,66f5aeb0315a838191fefdb7d3dc51161669c2b6362c090e7f383847035b26ef,2003,not-applicable,,
mus-c7e0faa94df7fc67,archive,arc-e9defcd55d5ee9ed,3294,c7e0faa94df7fc6782953b9a51304b2b46ae50d7f37154dd619c2682ab34fac2,2004,not-applicable,,
mus-e09f13d06ff0f25e,archive,arc-e9defcd55d5ee9ed,62326,e09f13d06ff0f25edd527d1f2d83a0cda3b524068bc0d7142625c8447df97db3,2004b,not-applicable,,
mus-8fc93fa852c6c878,archive,arc-e9defcd55d5ee9ed,36852,8fc93fa852c6c8788398a94e71e8af2a970a7ba827fab11a7d44fe7cb2e8d4c6,2007,not-applicable,,
mus-42d5121d1ed3a26d,archive,arc-e9defcd55d5ee9ed,46679,42d5121d1ed3a26d5d471efc7971264f5fcbe984ccd63798eef38a84439a8fda,2012,not-applicable,,
mus-487b1e9ef8523107,archive,arc-e9defcd55d5ee9ed,46815,487b1e9ef852310709a614bcc6f54d2b134ba4972b936ec3b6670e66e1fe66ff,2012,not-applicable,,
mus-d955d380e0816070,archive,arc-e9defcd55d5ee9ed,53976,d955d380e08160703583c18f6d0466bf41a15f5e64bae1eeb81b69df22bc13dd,2007,not-applicable,,
mus-5a6641ad7416ea92,archive,arc-e9defcd55d5ee9ed,51573,5a6641ad7416ea9231a7133f6c68ceaea86a508b5711b8bc1e647093769719d7,2007,not-applicable,,
mus-a8051c254bd6f164,archive,arc-e9defcd55d5ee9ed,7953,a8051c254bd6f16479d7143dff62b0da7b7a252df57edb41dd33360bba4e3399,2007,not-applicable,,
mus-07e9922dfd8de9db,archive,arc-e9defcd55d5ee9ed,8005,07e9922dfd8de9db7a05d84c3090818a519f0ba2463dc0fea4d2b8e349816fc8,2003,not-applicable,,
mus-e26dcc1c3ed199a5,archive,arc-e9defcd55d5ee9ed,31885,e26dcc1c3ed199a5fca73e247985bb57f94147a080496359a1a5ba64d97069c7,2012,not-applicable,,
mus-c24bfbc168830692,archive,arc-e9defcd55d5ee9ed,69329,c24bfbc168830692bb66cfce9cde1461da6535035cf27c305393ef3f08abe859,2003,not-applicable,,
mus-da9e72c0a8ce7f8c,archive,arc-e9defcd55d5ee9ed,35105,da9e72c0a8ce7f8c958d436fb1683d92fc03ec70c0db963d91c4c09af1053840,2009,not-applicable,,
mus-a369ff13b7923d44,archive,arc-e9defcd55d5ee9ed,68873,a369ff13b7923d44fdaeac50d4740c2896776aa31df1c8d8bd1d97f978c2e008,2001,not-applicable,,
mus-a369ff13b7923d44,archive,arc-e9defcd55d5ee9ed,68873,a369ff13b7923d44fdaeac50d4740c2896776aa31df1c8d8bd1d97f978c2e008,2001,not-applicable,,
mus-792a576857ee9821,archive,arc-e9defcd55d5ee9ed,31870,792a576857ee98219bf35166aa0ebe38ab04fa6741c3950f0bf7658cbc486a14,2012,not-applicable,,
mus-b538555731e7e648,archive,arc-e9defcd55d5ee9ed,68820,b538555731e7e6484823b7db135cafbfa1e58b663810056173134f4367aecb07,2001,not-applicable,,
mus-386ac60522cf2c79,archive,arc-e9defcd55d5ee9ed,57933,386ac60522cf2c796517532d2c453c8e1fe6398bf0f890916e4dda459230f4a8,2004b,not-applicable,,
mus-9d3e84ae9fef4203,archive,arc-e9defcd55d5ee9ed,69395,9d3e84ae9fef42039229c45d0594f4b16f5779a87490f5ad0ea1dd21ce3d02aa,2003,not-applicable,,
mus-b7bd99a606120406,archive,arc-e9defcd55d5ee9ed,7798,b7bd99a6061204065e4bed38dd8e95814c3d989a756d8186614790fe387547c1,2004,not-applicable,,
mus-2cebc1f4ff3f76e7,archive,arc-e9defcd55d5ee9ed,45164,2cebc1f4ff3f76e7f5df39e7c4d6ec39d6404797055cbaf3c117e97e82e46792,2007,not-applicable,,
mus-21b30fb5dfc9bca2,archive,arc-e9defcd55d5ee9ed,44768,21b30fb5dfc9bca28dae7644d81d6f7167ffb9b8e6e5a8b4d41ed50b3f2bbb02,2007,not-applicable,,
mus-fe92f682d4c805a5,archive,arc-e9defcd55d5ee9ed,13849,fe92f682d4c805a5243c2b8ac68f0b3e585c62ba9430cf9c6878de7942e8b4b8,2006,not-applicable,,
mus-855fb28eb29080f7,archive,arc-e9defcd55d5ee9ed,11715,855fb28eb29080f76ef80c8811cf57afd26a5a0ba66166f3fefa2ea7fa0ea01a,2008,not-applicable,,
mus-4c2fe14dd692de72,archive,arc-e9defcd55d5ee9ed,7498,4c2fe14dd692de72bff46b34a27b25676d4101abe9632b3089e99ee2c23b95a5,2004b,not-applicable,,
mus-2efe626e25523012,archive,arc-e9defcd55d5ee9ed,47654,2efe626e25523012ecd74b8d3bfd674181caca35eedfb55aae5084d0ec008c3a,2008,not-applicable,,
mus-8e48e87a9f0bc356,archive,arc-e9defcd55d5ee9ed,41082,8e48e87a9f0bc35610d9d180d8d52299953836637dfc1994c4599d0352614769,2012,not-applicable,,
mus-8971876eba2eb983,archive,arc-e9defcd55d5ee9ed,12225,8971876eba2eb9838999660af20c114775092ae408205a96ad8e7d3bec62dfd3,2007,not-applicable,,
mus-3e534597a67ed9c1,archive,arc-e9defcd55d5ee9ed,182081,3e534597a67ed9c1ac4f72984daee6ad801b31302c653572ac009afe4b85d2c1,2004,not-applicable,,
mus-40fa91aa964cd9a1,archive,arc-e9defcd55d5ee9ed,89182,40fa91aa964cd9a191b2c834f8d6114e1291f093dd47419b44f0ed559b17203d,2004,not-applicable,,
mus-c431943270ed2d15,archive,arc-e9defcd55d5ee9ed,20093,c431943270ed2d1511fba82beeee42f8b04fac82ed322ad56dc357b1b7a0ae4e,2000,not-applicable,,
mus-f780d2453d79d0e1,archive,arc-e9defcd55d5ee9ed,6977,f780d2453d79d0e19dbc94c8c9cc92c29587d3c4a8478466d2e265c716fc0af0,2003,not-applicable,,
mus-f1080c13aad8092f,archive,arc-e9defcd55d5ee9ed,19381,f1080c13aad8092f20fb93ab9a0c12caa7d3787a57d75ab29d6099303ce1d188,97,not-applicable,,
mus-794e09f86dbd0e76,archive,arc-e9defcd55d5ee9ed,25009,794e09f86dbd0e76717f2dd4343eca9edd517fbbc4d26d0ab99c292fac920a75,2000,not-applicable,,
mus-d70a22ab0e8a3e9d,archive,arc-e9defcd55d5ee9ed,61827,d70a22ab0e8a3e9d8a0257a258c970f2f3fbfa53ba3f1a5eb89263b46f2281d7,2004,not-applicable,,
mus-71c74ed45f158193,archive,arc-e9defcd55d5ee9ed,6952,71c74ed45f1581930787fba2122ad5d5162572cf532b5e2bc58c2cd36bf98a49,2003,not-applicable,,
mus-9df241cd6c44e231,archive,arc-e9defcd55d5ee9ed,39315,9df241cd6c44e231d8e311e9c7eccac97e5ba281094cc00955c83ad76145bb5f,2012,not-applicable,,
mus-bc53454a08847b3a,archive,arc-e9defcd55d5ee9ed,40296,bc53454a08847b3a306cac1b869cecaa72b394f6c64f6d403442b9ea7f2b1d44,2012,not-applicable,,
mus-66761b4c242d72c3,archive,arc-e9defcd55d5ee9ed,6546,66761b4c242d72c3e4bd594fbe2e894a002b9d2915d7654fc92e6c08ba7667b3,2009,not-applicable,,
mus-98a4e9f18c4db36c,archive,arc-e9defcd55d5ee9ed,6616,98a4e9f18c4db36c98f0e2e6b9add8043402c00b6c74c09fad137d708e951409,2009,not-applicable,,
mus-aa553913b2156c53,archive,arc-e9defcd55d5ee9ed,21307,aa553913b2156c535fd9482f986f08ca402902f8ca5c278e9a61c513cc076ab4,2000,not-applicable,,
mus-21e22f4f76ea6c8d,archive,arc-e9defcd55d5ee9ed,20959,21e22f4f76ea6c8d61506c799fa883a45a29631ead619787229dcc7ba28414af,2000,not-applicable,,
mus-f33e7f20f7dd0d2a,archive,arc-e9defcd55d5ee9ed,23895,f33e7f20f7dd0d2a77887b26a32b519722dde3312cd16279bf27d83b8e56ca49,2000,not-applicable,,
mus-d4bb822075c16678,archive,arc-e9defcd55d5ee9ed,8015,d4bb822075c1667810f0d999a6e7e7486503869d1c10f6644db56a12a3848c97,2004b,not-applicable,,
mus-b549f44a5904134f,archive,arc-e9defcd55d5ee9ed,64180,b549f44a5904134fdad7f276547530144b2217ab81409068aa3aac856dfb54ad,2005,not-applicable,,
mus-5b95aaf5c41195e4,archive,arc-e9defcd55d5ee9ed,19733,5b95aaf5c41195e4433fffb36c6cb0687beac242113477e076a31c43c88783aa,97,not-applicable,,
mus-bfbfdabc42ac2d94,archive,arc-e9defcd55d5ee9ed,19909,bfbfdabc42ac2d94bc746ef1d1a993a970052c96250b6292cb2a2ea3e930bb9e,2000,not-applicable,,
mus-7e7a2e84756b7380,archive,arc-e9defcd55d5ee9ed,6104,7e7a2e84756b73804d8da951b15bc4b8239fcb17ce5d43c00e8e20b22268c2dd,2002,not-applicable,,
mus-17369c1d72ad3e05,archive,arc-e9defcd55d5ee9ed,94135,17369c1d72ad3e0529195bdb59d0670fb9f11f12b5b9481aa677aacdfcf56175,2000,not-applicable,,
mus-17369c1d72ad3e05,archive,arc-e9defcd55d5ee9ed,94135,17369c1d72ad3e0529195bdb59d0670fb9f11f12b5b9481aa677aacdfcf56175,2000,not-applicable,,
mus-a7d59b9a3199944e,archive,arc-e9defcd55d5ee9ed,7988,a7d59b9a3199944ed0385fad3a33859af0f377aa40742945462d15366ec1bdc7,2005,not-applicable,,
mus-645ac9da0acaf4d7,archive,arc-e9defcd55d5ee9ed,18879,645ac9da0acaf4d7416d40fa0443496ccfbcbb9e8d1b5c4ea73a7f22919ca070,97,not-applicable,,
mus-f3e9ef8950e4d49e,archive,arc-e9defcd55d5ee9ed,18793,f3e9ef8950e4d49e487f37e6c2ac755a6396289793c6deecd69eca1b3448bfb0,97,not-applicable,,
mus-3837e439ea81eb51,archive,arc-e9defcd55d5ee9ed,71816,3837e439ea81eb51d54b4091b7a33b9af0334296717e955d1005289d6d6ba274,2012,not-applicable,,
mus-d1a90cc453593325,archive,arc-e9defcd55d5ee9ed,7025,d1a90cc453593325e893e82f18fe1a026ba956011a7255925fca2a3157cd0a34,2003,not-applicable,,
mus-2e442c6f7144284d,archive,arc-e9defcd55d5ee9ed,6970,2e442c6f7144284d0427216a14579fd2e88b8650debd4358e5dedfed17dbef97,2003,not-applicable,,
mus-07bb32110967763b,archive,arc-e9defcd55d5ee9ed,19225,07bb32110967763b6628d9ba21dda9a0aaadc288912bef338f066cda48c1c2d3,97,not-applicable,,
mus-7a941673c7f1fc38,archive,arc-e9defcd55d5ee9ed,6903,7a941673c7f1fc38654e743e6b591dd8bdbc0919987229c1eaea1e83c9b9befe,2003,not-applicable,,
mus-33a317c1d05c20e5,archive,arc-e9defcd55d5ee9ed,5169,33a317c1d05c20e5a327d1c823b1de2832b25f922db6df0790c188f35fd04e0f,2006,not-applicable,,
mus-72553498b152f984,archive,arc-e9defcd55d5ee9ed,19997,72553498b152f9841b9fdb69c99a15b01c68cf2ef244865c1d3b074162d57a90,2000,not-applicable,,
mus-12d5ee0cfbe3b5de,archive,arc-e9defcd55d5ee9ed,39619,12d5ee0cfbe3b5de55e116bdaf9d4ec59e3060cefb2b10866d3f92ded68e36c5,2012,not-applicable,,
mus-bae7740587c1f769,archive,arc-e9defcd55d5ee9ed,6883,bae7740587c1f7692529dc262767ff5e6381edede280136838b220e1d9494314,2003,not-applicable,,
mus-9ae245d230bc9ff4,archive,arc-e9defcd55d5ee9ed,6811,9ae245d230bc9ff42a06c35524fed13c7868962b3aeea3eb2d595622cb74dd1f,2003,not-applicable,,
mus-3a8b724cf3adba80,archive,arc-e9defcd55d5ee9ed,20149,3a8b724cf3adba8008f41a3e6be0e57cce63100d3cc13a73bf24bcbdec5ac376,2000,not-applicable,,
mus-ddd62e03c5ee4505,archive,arc-e9defcd55d5ee9ed,218455,ddd62e03c5ee450551c268fac5d301b78f3532f6db7ae385e4cd2fef472f5be3,2007,not-applicable,,
mus-20bb13847ef0d640,archive,arc-e9defcd55d5ee9ed,44199,20bb13847ef0d6409abe75de00a6c10febef56cf6166e440d97b0100fb0ec3d4,2012,not-applicable,,
mus-df5ee10cc8473040,archive,arc-e9defcd55d5ee9ed,39140,df5ee10cc847304087a884ada61e869c97b9a6bd07cb00db61ce6951f24b761b,2012,not-applicable,,
mus-b49abdad295dffbc,archive,arc-e9defcd55d5ee9ed,4156,b49abdad295dffbc77e4ba45c86bec76be95c1322b1012498dd3b689cb464597,2003,not-applicable,,
mus-b4c6e4247ffcca82,archive,arc-e9defcd55d5ee9ed,7299,b4c6e4247ffcca827da225a7d24c8136475bb106f56df65cb391a2c413d57d26,2003,not-applicable,,
mus-179dfb5d2e481125,archive,arc-e9defcd55d5ee9ed,6794,179dfb5d2e481125a4dc46ce924edbd31a6e2c2364c5fa660e0a92b00a5d9fce,2002,not-applicable,,
mus-9961c014cb8fd999,archive,arc-e9defcd55d5ee9ed,39066,9961c014cb8fd9994b9b8c8ee40c9b6b53d2cf474cc77054451fc3dedde1f5d9,2012,not-applicable,,
mus-9264aff2412bef2f,archive,arc-e9defcd55d5ee9ed,39701,9264aff2412bef2f093e6348abf7098999ae79ec4f2510028af65d26e3104ea9,2012,not-applicable,,
mus-4f609ff3244e9450,archive,arc-e9defcd55d5ee9ed,7435,4f609ff3244e94500f5874ae7927c989630dfcc1832f4842e22a4015f75a3b11,2002,not-applicable,,
mus-d996aa765ef6bf13,archive,arc-e9defcd55d5ee9ed,3113,d996aa765ef6bf137fe2f23cd59f94c863b625bb24cf698c0d0ca1385ca33979,2006,not-applicable,,
mus-689251eaceba73c7,archive,arc-e9defcd55d5ee9ed,50605,689251eaceba73c7c2ec878c47f49306a4163f5071a974a0e30672192e97d12c,2012,not-applicable,,
mus-0f7ed5bd148a9ad4,archive,arc-e9defcd55d5ee9ed,3086,0f7ed5bd148a9ad43720dff8f761b4d5c74f1198a493fcb9828a2ae5f70eff65,2006,not-applicable,,
mus-cc7be9d90365a08c,archive,arc-e9defcd55d5ee9ed,40000,cc7be9d90365a08ce8ed30c1a65c8948fe58aaf5dc888dd66dc12c27836c6504,2012,not-applicable,,
mus-87a14c2ba9fbbbbc,archive,arc-e9defcd55d5ee9ed,173861,87a14c2ba9fbbbbca348bcc6c5cea36f30e834de7575b040126448877ed8ce1c,2006,not-applicable,,
mus-4ee520004faafb33,archive,arc-e9defcd55d5ee9ed,21601,4ee520004faafb33d1446a2b322386f7f7493aaa748b8b1b400266adb49125b2,2000,not-applicable,,
mus-fbd112fad7effc4c,archive,arc-e9defcd55d5ee9ed,54760,fbd112fad7effc4c4e1f69d931bb810ffbc30bdd4b0a144d9fa4a325521de184,2004b,not-applicable,,
mus-990f5f9c9e38e168,archive,arc-e9defcd55d5ee9ed,54793,990f5f9c9e38e1682e5b2325957e2c12d1f7508d62fe41bac891af25b1b487f6,2004b,not-applicable,,
mus-68448786262eb644,archive,arc-e9defcd55d5ee9ed,54974,68448786262eb6449a5544be5a54a45540ccc26c29884dc10d68f6f881e4126b,2005,not-applicable,,
mus-a6f99ac6b21bb9ef,archive,arc-e9defcd55d5ee9ed,55204,a6f99ac6b21bb9ef6e5d00fcbca1e8afc393f73d75d03799cd88dcbe5ca69c78,2005,not-applicable,,
mus-14816048bc29d651,archive,arc-e9defcd55d5ee9ed,7024,14816048bc29d65193bec1f1ae1550177b5636a4689453a4f7605d1c9fe4cfbb,2003,not-applicable,,
mus-bf8a2d7e1feccad7,archive,arc-e9defcd55d5ee9ed,7552,bf8a2d7e1feccad7356ac1f14a1a65b122d19edc7251eaa6c990e9813fc08442,2003,not-applicable,,
mus-02cf5aedce61bd4e,archive,arc-e9defcd55d5ee9ed,21809,02cf5aedce61bd4ebfd2bbd573ff430153daded4eed1d047931d7be062c25f0d,2000,not-applicable,,
mus-15ec9b233136225f,archive,arc-e9defcd55d5ee9ed,21051,15ec9b233136225f12ae2bc122211338dc5fd3cff24ade15a105663c33b54900,2000,not-applicable,,
mus-f879c5edd8c4e7e7,archive,arc-e9defcd55d5ee9ed,20067,f879c5edd8c4e7e705b4b6f7d43d19f262cc94329ad362cfc62c019f557bcf13,2000,not-applicable,,
mus-b31070a56377b624,archive,arc-e9defcd55d5ee9ed,22005,b31070a56377b62496efaf630797dff1acb8e6850a15b8cfdeeb63b79de1fedd,2000,not-applicable,,
mus-85205b4af9c9eee8,archive,arc-e9defcd55d5ee9ed,21561,85205b4af9c9eee8b3fcc8466dd00eb42fcfeba7ec45d5a5e5e3d0c29d971acd,2000,not-applicable,,
mus-3501a8bdefb28717,archive,arc-e9defcd55d5ee9ed,21975,3501a8bdefb287178c54c467f49cc9bb34bc5313187af8e1de2eaa1bdc461499,2000,not-applicable,,
mus-7f09920de16277b1,archive,arc-e9defcd55d5ee9ed,20329,7f09920de16277b108eedcb7db9608c1e9d06df6261c7ad630200ee262448f37,2000,not-applicable,,
mus-4c2ffbaf1f32229c,archive,arc-e9defcd55d5ee9ed,57589,4c2ffbaf1f32229ce4117993dd288afb51648a8720813a6cbff59d4a1a9535ad,2002,not-applicable,,
mus-e61f7e1b10423f66,archive,arc-e9defcd55d5ee9ed,21941,e61f7e1b10423f66b7ea959cc68e3ac476dc3109e208347bdc0d8c4515194718,2000,not-applicable,,
mus-b2d9dcf1ec2d48cb,archive,arc-e9defcd55d5ee9ed,21893,b2d9dcf1ec2d48cbd74513888a3da1d688c35aabebb4c9ed854ea224d6d3bcea,2000,not-applicable,,
mus-8df43d75fab0c654,archive,arc-e9defcd55d5ee9ed,21137,8df43d75fab0c65479f90de5de01deb4c02944200e1900b64e8a1251790fe863,2000,not-applicable,,
mus-a2b773298e64f7c0,archive,arc-e9defcd55d5ee9ed,6793,a2b773298e64f7c0807c4c0429bb477279b96ba74ca6531f324ef5e3b684d94e,2002,not-applicable,,
mus-d17af0a403b0a7eb,archive,arc-e9defcd55d5ee9ed,50261,d17af0a403b0a7eb60e33acf8b713a1da148209828871510ff56776a07b9db8d,2004b,not-applicable,,
mus-91a68b7f67e10791,archive,arc-e9defcd55d5ee9ed,21931,91a68b7f67e107915cca982128b80dc08df5495c5f31bdc5f86f6fdc659bfd35,2000,not-applicable,,
mus-06b43fd49f77c1c6,archive,arc-e9defcd55d5ee9ed,7261,06b43fd49f77c1c6202cec1b62d41cea5f89ad86fded1b4b5acc33b904903399,2003,not-applicable,,
mus-5529691254be299b,archive,arc-e9defcd55d5ee9ed,7120,5529691254be299b9fb7279e5ca549811b1be216a7a69173a1cc4cff6f27f957,2003,not-applicable,,
mus-138dd65b1eba2ce4,archive,arc-e9defcd55d5ee9ed,67567,138dd65b1eba2ce4db9981affdfafd2fadf396b5dc549217f9f5d85f99a02e5a,2003,not-applicable,,
mus-2fc904f04995a9cd,archive,arc-e9defcd55d5ee9ed,4169,2fc904f04995a9cd10d2218ad9694ac12aba7a10f707c76da1f496d4d1e5d564,2006,not-applicable,,
mus-76f77e0eed85f646,archive,arc-e9defcd55d5ee9ed,11190,76f77e0eed85f6462d38f096663d9d4581c71b6d0d8fd52bcc44fbdc4f6fe25c,2003,not-applicable,,
mus-8eb13cc6ed55aabd,archive,arc-e9defcd55d5ee9ed,7481,8eb13cc6ed55aabdff4ae84d61ffeb3b8ceda73a545100a438994c04eec65877,2003,not-applicable,,
mus-2830345e776c26ec,archive,arc-e9defcd55d5ee9ed,7129,2830345e776c26ecc8723c25811217323a330801bf381228a4f40808148f3bc6,2002,not-applicable,,
mus-23d53e1722e95ca1,archive,arc-e9defcd55d5ee9ed,7916,23d53e1722e95ca1e37fce361e1712178a11a62aaec3528a6084ce8f7da7c39d,2003,not-applicable,,
mus-349d6da9f63ce02b,archive,arc-e9defcd55d5ee9ed,7098,349d6da9f63ce02bf86762b7c66e6ef7067cfa3e2bc80df22c4ea871c73aa52d,2003,not-applicable,,
mus-1c6ebc82db7ec32b,archive,arc-e9defcd55d5ee9ed,6859,1c6ebc82db7ec32b17c8cbd1ce5ffd4a9dea8c8f72313ae745b854622d60bfc9,2003,not-applicable,,
mus-b9aa3f379134f423,archive,arc-e9defcd55d5ee9ed,6808,b9aa3f379134f423d3f5a249c17b098a421d9735a9c3fbc885c377208003765a,2003,not-applicable,,
mus-0a6fc83ce178bb33,archive,arc-e9defcd55d5ee9ed,39123,0a6fc83ce178bb3389c237a4d61b6c984690ba8e467a111663371e7bab3b4b89,2012,not-applicable,,
mus-01c845fbcdfc27a4,archive,arc-e9defcd55d5ee9ed,22620,01c845fbcdfc27a4f61033f66dbd16bf3a72a2bde6ff4cc4dda46733389ebf03,97,not-applicable,,
mus-35b764881cf54f67,archive,arc-e9defcd55d5ee9ed,18677,35b764881cf54f67e2e4dfcd3d1f7071a330fd03e0f7a5afb6314a6b4857eb29,97,not-applicable,,
mus-914a0b7fe576d29f,archive,arc-e9defcd55d5ee9ed,3156,914a0b7fe576d29fd2d18c4c0f16a10a8dbe2aafea8b0ed3493872ae0a8fccda,2006,not-applicable,,
mus-598235678a9ff161,archive,arc-e9defcd55d5ee9ed,20291,598235678a9ff161642cf4c7e5a4e25f9a6f658e75f99d300d5a0d4c241fb214,2000,not-applicable,,
mus-b8ea2439d152f4a8,archive,arc-e9defcd55d5ee9ed,93345,b8ea2439d152f4a8d1dff4a91c6fae6a06b308c29157c9daf545701b3b31c362,2002,not-applicable,,
mus-ecd2fe88676ee47a,archive,arc-e9defcd55d5ee9ed,47263,ecd2fe88676ee47aa4d76789152ee779066b9e57f958735923b42d7ce4a61d53,97,not-applicable,,
mus-37162e43a5cb8074,archive,arc-e9defcd55d5ee9ed,5027,37162e43a5cb80742c7e88bc04cb7ad2d44c9b309bfab18e48036b468d7a24cb,2006,not-applicable,,
mus-302c33d4dffb58dc,archive,arc-e9defcd55d5ee9ed,59531,302c33d4dffb58dca4858f0e0043dd9537a51d303761dfbc3b9f541cc2756072,2003,not-applicable,,
mus-8194100ac23173ad,archive,arc-e9defcd55d5ee9ed,5251,8194100ac23173add081f1e054054803ddc31165b00301f075d90d32f2807f8d,2006,not-applicable,,
mus-cf0e36e5f32091eb,archive,arc-e9defcd55d5ee9ed,47359,cf0e36e5f32091eba84523477006e4fdb9078241ad720b9b5eeefa6edfb99bc2,2000,not-applicable,,
mus-80f406e825f1e188,archive,arc-e9defcd55d5ee9ed,23997,80f406e825f1e1889163061d541ed6ce3661e330c1e9ad32b25d7de05b75346d,2000,not-applicable,,
mus-98798d4472754198,archive,arc-e9defcd55d5ee9ed,11466,98798d4472754198d97ec2f96b77de7b6626e96ca5dcf4e846e70bc2cd77e2b8,2008,not-applicable,,
mus-c9980ba9b8150520,archive,arc-e9defcd55d5ee9ed,26130,c9980ba9b8150520c5e6a1cf534e8ecfd60fc347709de0b9cb3ca86dce842ef4,2008,not-applicable,,
mus-c0c21145b3fc61fa,archive,arc-e9defcd55d5ee9ed,7419,c0c21145b3fc61fa0f185988e6bb4968b739f0dcceb697be5f545d0cbf6600df,2005,not-applicable,,
mus-7591273e1e295e7c,archive,arc-e9defcd55d5ee9ed,18817,7591273e1e295e7ca54ff276ddce39d903194c14395e0df69223c6d9d9e06c98,97,not-applicable,,
mus-baf04c0390a2fd12,archive,arc-e9defcd55d5ee9ed,112660,baf04c0390a2fd1277f60fc0a571e20138da26948cf83ae88c593b6258c21b60,2000,not-applicable,,
mus-fcebc87c1e8bca55,archive,arc-e9defcd55d5ee9ed,84424,fcebc87c1e8bca55da57918dda2955f3a9fb7c4bbf6c01c0d8076f5d212bbe70,2006,not-applicable,,
mus-c4540bb157662939,archive,arc-e9defcd55d5ee9ed,19293,c4540bb15766293907308afbb1ded979461eb59419626b37e15a98afbc7fbffa,97,not-applicable,,
mus-4c13a94a52080dcd,archive,arc-e9defcd55d5ee9ed,20837,4c13a94a52080dcdce733a0720cb3930b0c6c47f7e538956f55b9e91880a7f32,97,not-applicable,,
mus-a7f6b30593dc7bbc,archive,arc-e9defcd55d5ee9ed,22626,a7f6b30593dc7bbc97a6dfb0e48fcacf2aa60415d151f1dbcd11af2f1a315000,2004b,not-applicable,,
mus-a7f6b30593dc7bbc,archive,arc-e9defcd55d5ee9ed,22626,a7f6b30593dc7bbc97a6dfb0e48fcacf2aa60415d151f1dbcd11af2f1a315000,2004b,not-applicable,,
mus-a65115f6aef83360,archive,arc-e9defcd55d5ee9ed,40641,a65115f6aef833601ec18fb62ff44eb0d4e8bcfc482057aef4b577d7ee780af3,2012,not-applicable,,
mus-47a19375e0a05fba,archive,arc-e9defcd55d5ee9ed,54663,47a19375e0a05fba3d9c4fea5166e97028ce5adebbd188f50a3917f8418b086e,2002,not-applicable,,
mus-f6a86ccf82feaad1,archive,arc-e9defcd55d5ee9ed,64185,f6a86ccf82feaad1bb35eb3dbcb353100fa70949f7d6af062a13c6656562fb78,2005,not-applicable,,
mus-d89e8fe12e271440,archive,arc-e9defcd55d5ee9ed,3351,d89e8fe12e27144018c683da2792aff10cbedb6afb0f9a8063d53df0c87f1d9c,2005,not-applicable,,
mus-de90627d1c31566b,archive,arc-e9defcd55d5ee9ed,3451,de90627d1c31566b89423703950b0c0acc77b83163445000e50b382cb45f0ecc,2005,not-applicable,,
mus-6f92285413755b41,archive,arc-e9defcd55d5ee9ed,3604,6f92285413755b417304122802451d7b57a65c182db681e867e47194e9e7d389,2005,not-applicable,,
mus-5396a1b805b5ddee,archive,arc-e9defcd55d5ee9ed,62389,5396a1b805b5ddee2f779e940968d6abd5a3e8062622f4b07610d3a6e9b514fa,2004b,not-applicable,,
mus-7d0196f16214836a,archive,arc-e9defcd55d5ee9ed,6956,7d0196f16214836a28567420db20e78462568246238bfb9a6b5f40932d5e8c2e,2003,not-applicable,,
mus-371dd062abd6bbc0,archive,arc-c2a3755edb784406,46897,371dd062abd6bbc007ade4ca08ba77886aec421f9c6440b8696618972b12cdee,2008,not-applicable,,
mus-89ce3ed8eb27df1c,archive,arc-c2a3755edb784406,19391,89ce3ed8eb27df1c2675206f1db5e19bd6ab020de22f7fbab83da00f25414643,97,not-applicable,,
mus-d6ecceec28c25275,archive,arc-c2a3755edb784406,7510,d6ecceec28c25275c55f27e1bdbd7224429eddd589dccf5b8f65e2f7a6efb276,2005,not-applicable,,
mus-59e2ef2bdc0a9416,archive,arc-c2a3755edb784406,3576,59e2ef2bdc0a9416a1cdd0f23cab730c4599f36064576c47055ed3814aa4f57f,2004,not-applicable,,
mus-c2dc80160698b3ef,archive,arc-c2a3755edb784406,3378,c2dc80160698b3ef72bd73972dd7a50ab4f0d7f1ac26520c04fd428917498aac,2005,not-applicable,,
mus-86fafceb1ef2ebe2,archive,arc-c2a3755edb784406,3218,86fafceb1ef2ebe2ff26f71800a3877eb16e7e22a595a5693e84726cf827393e,2007,not-applicable,,
mus-11b51f94b27cc3d2,archive,arc-c2a3755edb784406,3714,11b51f94b27cc3d2d6810e5e1cfb91cebb2af70b818f0a8f51bea2d1d282aa9e,2005,not-applicable,,
mus-7ff6bcb8b1bd7c75,archive,arc-c2a3755edb784406,7877,7ff6bcb8b1bd7c7547b3921affb575f72ebb9ee365e3ded7bbaeac99ae631678,2007,not-applicable,,
mus-6ebf82c156b4068a,archive,arc-c2a3755edb784406,7432,6ebf82c156b4068aa6b4c8811ad98ee7411a28ec40391efcc9ffa3f57d310ff2,2002,not-applicable,,
mus-e6a2adc8a1b6363d,archive,arc-c2a3755edb784406,8386,e6a2adc8a1b6363dff7ffccff4e59eb40ae5acf97f8951933da08d0c76a3eeba,2007,not-applicable,,
mus-cbfd18533841eaca,archive,arc-c2a3755edb784406,9104,cbfd18533841eacad52c24e839dd5d25999bdcb41da7d37f646cf278eca0e480,2009,not-applicable,,
mus-76ef4d96d05bedff,archive,arc-c2a3755edb784406,9118,76ef4d96d05bedff6d98ca529bbc95779b06ce70bbea4811ee0e89bef043775a,2009,not-applicable,,
mus-0c01aaaa7ec30e30,archive,arc-c2a3755edb784406,8594,0c01aaaa7ec30e3033181a25de6e40f0d3c7ff315add6b009d26fc4543eb2e74,2007,not-applicable,,
mus-d8c3fb79994d0615,archive,arc-c2a3755edb784406,48379,d8c3fb79994d0615ab362809d51377a4953deccae9d9b708910d4d3607d3ca4e,2003,not-applicable,,
mus-24e8d482ddc433b1,archive,arc-c2a3755edb784406,7047,24e8d482ddc433b1dedfca3f346eb6eb47d980c4df915c2285c0cb02f8f6655f,2003,not-applicable,,
mus-fb865fb6ac00dfe4,archive,arc-c2a3755edb784406,6958,fb865fb6ac00dfe47d76cd359f642fd5171182e7b2afeac762dedabfcd194c74,2003,not-applicable,,
mus-0d9fee5e183ee7f9,archive,arc-c2a3755edb784406,6942,0d9fee5e183ee7f9e32e47a7d3edc953f67d99a8d82c03fcdb236cc8bc667a85,2003,not-applicable,,
mus-db63fb8ea470442e,archive,arc-c2a3755edb784406,7031,db63fb8ea470442edf0547bce747fc65fc24c9e4d1eb9516a19cf1651f127304,2003,not-applicable,,
mus-911401494ae5298d,archive,arc-c2a3755edb784406,6939,911401494ae5298d78723cb95ddbaa587651078f67fff31aa2579059b0e375f4,2003,not-applicable,,
mus-80154697115b9b08,archive,arc-c2a3755edb784406,6926,80154697115b9b086f19a6ac43b9f9c9e9faa5227b0e7b441a24abfbe84c90ac,2002,not-applicable,,
mus-a03a5f4f6aacf182,archive,arc-c2a3755edb784406,6671,a03a5f4f6aacf182eab067695d55ac2b3d6fef11775337a65e005601a4774cb9,2002,not-applicable,,
mus-d35597c0a02d04ce,archive,arc-c2a3755edb784406,8357,d35597c0a02d04ce1ad21469ffb489ab66ff4fe2668b90d868b230923f104177,2008,not-applicable,,
mus-66f5aeb0315a8381,archive,arc-c2a3755edb784406,6927,66f5aeb0315a838191fefdb7d3dc51161669c2b6362c090e7f383847035b26ef,2003,not-applicable,,
mus-c7e0faa94df7fc67,archive,arc-c2a3755edb784406,3294,c7e0faa94df7fc6782953b9a51304b2b46ae50d7f37154dd619c2682ab34fac2,2004,not-applicable,,
mus-e09f13d06ff0f25e,archive,arc-c2a3755edb784406,62326,e09f13d06ff0f25edd527d1f2d83a0cda3b524068bc0d7142625c8447df97db3,2004b,not-applicable,,
mus-8fc93fa852c6c878,archive,arc-c2a3755edb784406,36852,8fc93fa852c6c8788398a94e71e8af2a970a7ba827fab11a7d44fe7cb2e8d4c6,2007,not-applicable,,
mus-42d5121d1ed3a26d,archive,arc-c2a3755edb784406,46679,42d5121d1ed3a26d5d471efc7971264f5fcbe984ccd63798eef38a84439a8fda,2012,not-applicable,,
mus-487b1e9ef8523107,archive,arc-c2a3755edb784406,46815,487b1e9ef852310709a614bcc6f54d2b134ba4972b936ec3b6670e66e1fe66ff,2012,not-applicable,,
mus-d955d380e0816070,archive,arc-c2a3755edb784406,53976,d955d380e08160703583c18f6d0466bf41a15f5e64bae1eeb81b69df22bc13dd,2007,not-applicable,,
mus-5a6641ad7416ea92,archive,arc-c2a3755edb784406,51573,5a6641ad7416ea9231a7133f6c68ceaea86a508b5711b8bc1e647093769719d7,2007,not-applicable,,
mus-a8051c254bd6f164,archive,arc-c2a3755edb784406,7953,a8051c254bd6f16479d7143dff62b0da7b7a252df57edb41dd33360bba4e3399,2007,not-applicable,,
mus-07e9922dfd8de9db,archive,arc-c2a3755edb784406,8005,07e9922dfd8de9db7a05d84c3090818a519f0ba2463dc0fea4d2b8e349816fc8,2003,not-applicable,,
mus-e26dcc1c3ed199a5,archive,arc-c2a3755edb784406,31885,e26dcc1c3ed199a5fca73e247985bb57f94147a080496359a1a5ba64d97069c7,2012,not-applicable,,
mus-c24bfbc168830692,archive,arc-c2a3755edb784406,69329,c24bfbc168830692bb66cfce9cde1461da6535035cf27c305393ef3f08abe859,2003,not-applicable,,
mus-da9e72c0a8ce7f8c,archive,arc-c2a3755edb784406,35105,da9e72c0a8ce7f8c958d436fb1683d92fc03ec70c0db963d91c4c09af1053840,2009,not-applicable,,
mus-a369ff13b7923d44,archive,arc-c2a3755edb784406,68873,a369ff13b7923d44fdaeac50d4740c2896776aa31df1c8d8bd1d97f978c2e008,2001,not-applicable,,
mus-a369ff13b7923d44,archive,arc-c2a3755edb784406,68873,a369ff13b7923d44fdaeac50d4740c2896776aa31df1c8d8bd1d97f978c2e008,2001,not-applicable,,
mus-792a576857ee9821,archive,arc-c2a3755edb784406,31870,792a576857ee98219bf35166aa0ebe38ab04fa6741c3950f0bf7658cbc486a14,2012,not-applicable,,
mus-b538555731e7e648,archive,arc-c2a3755edb784406,68820,b538555731e7e6484823b7db135cafbfa1e58b663810056173134f4367aecb07,2001,not-applicable,,
mus-386ac60522cf2c79,archive,arc-c2a3755edb784406,57933,386ac60522cf2c796517532d2c453c8e1fe6398bf0f890916e4dda459230f4a8,2004b,not-applicable,,
mus-9d3e84ae9fef4203,archive,arc-c2a3755edb784406,69395,9d3e84ae9fef42039229c45d0594f4b16f5779a87490f5ad0ea1dd21ce3d02aa,2003,not-applicable,,
mus-b7bd99a606120406,archive,arc-c2a3755edb784406,7798,b7bd99a6061204065e4bed38dd8e95814c3d989a756d8186614790fe387547c1,2004,not-applicable,,
mus-2cebc1f4ff3f76e7,archive,arc-c2a3755edb784406,45164,2cebc1f4ff3f76e7f5df39e7c4d6ec39d6404797055cbaf3c117e97e82e46792,2007,not-applicable,,
mus-21b30fb5dfc9bca2,archive,arc-c2a3755edb784406,44768,21b30fb5dfc9bca28dae7644d81d6f7167ffb9b8e6e5a8b4d41ed50b3f2bbb02,2007,not-applicable,,
mus-fe92f682d4c805a5,archive,arc-c2a3755edb784406,13849,fe92f682d4c805a5243c2b8ac68f0b3e585c62ba9430cf9c6878de7942e8b4b8,2006,not-applicable,,
mus-855fb28eb29080f7,archive,arc-c2a3755edb784406,11715,855fb28eb29080f76ef80c8811cf57afd26a5a0ba66166f3fefa2ea7fa0ea01a,2008,not-applicable,,
mus-4c2fe14dd692de72,archive,arc-c2a3755edb784406,7498,4c2fe14dd692de72bff46b34a27b25676d4101abe9632b3089e99ee2c23b95a5,2004b,not-applicable,,
mus-2efe626e25523012,archive,arc-c2a3755edb784406,47654,2efe626e25523012ecd74b8d3bfd674181caca35eedfb55aae5084d0ec008c3a,2008,not-applicable,,
mus-8e48e87a9f0bc356,archive,arc-c2a3755edb784406,41082,8e48e87a9f0bc35610d9d180d8d52299953836637dfc1994c4599d0352614769,2012,not-applicable,,
mus-8971876eba2eb983,archive,arc-c2a3755edb784406,12225,8971876eba2eb9838999660af20c114775092ae408205a96ad8e7d3bec62dfd3,2007,not-applicable,,
mus-3328146a837dac17,archive,arc-c2a3755edb784406,7534,3328146a837dac1776bec308bfe5a41f70ba439165b6de52216afc9f4eaf8be9,2007,not-applicable,,
mus-3e534597a67ed9c1,archive,arc-c2a3755edb784406,182081,3e534597a67ed9c1ac4f72984daee6ad801b31302c653572ac009afe4b85d2c1,2004,not-applicable,,
mus-40fa91aa964cd9a1,archive,arc-c2a3755edb784406,89182,40fa91aa964cd9a191b2c834f8d6114e1291f093dd47419b44f0ed559b17203d,2004,not-applicable,,
mus-c431943270ed2d15,archive,arc-c2a3755edb784406,20093,c431943270ed2d1511fba82beeee42f8b04fac82ed322ad56dc357b1b7a0ae4e,2000,not-applicable,,
mus-f780d2453d79d0e1,archive,arc-c2a3755edb784406,6977,f780d2453d79d0e19dbc94c8c9cc92c29587d3c4a8478466d2e265c716fc0af0,2003,not-applicable,,
mus-f1080c13aad8092f,archive,arc-c2a3755edb784406,19381,f1080c13aad8092f20fb93ab9a0c12caa7d3787a57d75ab29d6099303ce1d188,97,not-applicable,,
mus-794e09f86dbd0e76,archive,arc-c2a3755edb784406,25009,794e09f86dbd0e76717f2dd4343eca9edd517fbbc4d26d0ab99c292fac920a75,2000,not-applicable,,
mus-d70a22ab0e8a3e9d,archive,arc-c2a3755edb784406,61827,d70a22ab0e8a3e9d8a0257a258c970f2f3fbfa53ba3f1a5eb89263b46f2281d7,2004,not-applicable,,
mus-71c74ed45f158193,archive,arc-c2a3755edb784406,6952,71c74ed45f1581930787fba2122ad5d5162572cf532b5e2bc58c2cd36bf98a49,2003,not-applicable,,
mus-9df241cd6c44e231,archive,arc-c2a3755edb784406,39315,9df241cd6c44e231d8e311e9c7eccac97e5ba281094cc00955c83ad76145bb5f,2012,not-applicable,,
mus-bc53454a08847b3a,archive,arc-c2a3755edb784406,40296,bc53454a08847b3a306cac1b869cecaa72b394f6c64f6d403442b9ea7f2b1d44,2012,not-applicable,,
mus-66761b4c242d72c3,archive,arc-c2a3755edb784406,6546,66761b4c242d72c3e4bd594fbe2e894a002b9d2915d7654fc92e6c08ba7667b3,2009,not-applicable,,
mus-98a4e9f18c4db36c,archive,arc-c2a3755edb784406,6616,98a4e9f18c4db36c98f0e2e6b9add8043402c00b6c74c09fad137d708e951409,2009,not-applicable,,
mus-aa553913b2156c53,archive,arc-c2a3755edb784406,21307,aa553913b2156c535fd9482f986f08ca402902f8ca5c278e9a61c513cc076ab4,2000,not-applicable,,
mus-21e22f4f76ea6c8d,archive,arc-c2a3755edb784406,20959,21e22f4f76ea6c8d61506c799fa883a45a29631ead619787229dcc7ba28414af,2000,not-applicable,,
mus-f33e7f20f7dd0d2a,archive,arc-c2a3755edb784406,23895,f33e7f20f7dd0d2a77887b26a32b519722dde3312cd16279bf27d83b8e56ca49,2000,not-applicable,,
mus-d4bb822075c16678,archive,arc-c2a3755edb784406,8015,d4bb822075c1667810f0d999a6e7e7486503869d1c10f6644db56a12a3848c97,2004b,not-applicable,,
mus-b549f44a5904134f,archive,arc-c2a3755edb784406,64180,b549f44a5904134fdad7f276547530144b2217ab81409068aa3aac856dfb54ad,2005,not-applicable,,
mus-5b95aaf5c41195e4,archive,arc-c2a3755edb784406,19733,5b95aaf5c41195e4433fffb36c6cb0687beac242113477e076a31c43c88783aa,97,not-applicable,,
mus-bfbfdabc42ac2d94,archive,arc-c2a3755edb784406,19909,bfbfdabc42ac2d94bc746ef1d1a993a970052c96250b6292cb2a2ea3e930bb9e,2000,not-applicable,,
mus-7e7a2e84756b7380,archive,arc-c2a3755edb784406,6104,7e7a2e84756b73804d8da951b15bc4b8239fcb17ce5d43c00e8e20b22268c2dd,2002,not-applicable,,
mus-17369c1d72ad3e05,archive,arc-c2a3755edb784406,94135,17369c1d72ad3e0529195bdb59d0670fb9f11f12b5b9481aa677aacdfcf56175,2000,not-applicable,,
mus-17369c1d72ad3e05,archive,arc-c2a3755edb784406,94135,17369c1d72ad3e0529195bdb59d0670fb9f11f12b5b9481aa677aacdfcf56175,2000,not-applicable,,
mus-a7d59b9a3199944e,archive,arc-c2a3755edb784406,7988,a7d59b9a3199944ed0385fad3a33859af0f377aa40742945462d15366ec1bdc7,2005,not-applicable,,
mus-645ac9da0acaf4d7,archive,arc-c2a3755edb784406,18879,645ac9da0acaf4d7416d40fa0443496ccfbcbb9e8d1b5c4ea73a7f22919ca070,97,not-applicable,,
mus-f3e9ef8950e4d49e,archive,arc-c2a3755edb784406,18793,f3e9ef8950e4d49e487f37e6c2ac755a6396289793c6deecd69eca1b3448bfb0,97,not-applicable,,
mus-3837e439ea81eb51,archive,arc-c2a3755edb784406,71816,3837e439ea81eb51d54b4091b7a33b9af0334296717e955d1005289d6d6ba274,2012,not-applicable,,
mus-d1a90cc453593325,archive,arc-c2a3755edb784406,7025,d1a90cc453593325e893e82f18fe1a026ba956011a7255925fca2a3157cd0a34,2003,not-applicable,,
mus-2e442c6f7144284d,archive,arc-c2a3755edb784406,6970,2e442c6f7144284d0427216a14579fd2e88b8650debd4358e5dedfed17dbef97,2003,not-applicable,,
mus-07bb32110967763b,archive,arc-c2a3755edb784406,19225,07bb32110967763b6628d9ba21dda9a0aaadc288912bef338f066cda48c1c2d3,97,not-applicable,,
mus-7a941673c7f1fc38,archive,arc-c2a3755edb784406,6903,7a941673c7f1fc38654e743e6b591dd8bdbc0919987229c1eaea1e83c9b9befe,2003,not-applicable,,
mus-33a317c1d05c20e5,archive,arc-c2a3755edb784406,5169,33a317c1d05c20e5a327d1c823b1de2832b25f922db6df0790c188f35fd04e0f,2006,not-applicable,,
mus-72553498b152f984,archive,arc-c2a3755edb784406,19997,72553498b152f9841b9fdb69c99a15b01c68cf2ef244865c1d3b074162d57a90,2000,not-applicable,,
mus-12d5ee0cfbe3b5de,archive,arc-c2a3755edb784406,39619,12d5ee0cfbe3b5de55e116bdaf9d4ec59e3060cefb2b10866d3f92ded68e36c5,2012,not-applicable,,
mus-bae7740587c1f769,archive,arc-c2a3755edb784406,6883,bae7740587c1f7692529dc262767ff5e6381edede280136838b220e1d9494314,2003,not-applicable,,
mus-9ae245d230bc9ff4,archive,arc-c2a3755edb784406,6811,9ae245d230bc9ff42a06c35524fed13c7868962b3aeea3eb2d595622cb74dd1f,2003,not-applicable,,
mus-3a8b724cf3adba80,archive,arc-c2a3755edb784406,20149,3a8b724cf3adba8008f41a3e6be0e57cce63100d3cc13a73bf24bcbdec5ac376,2000,not-applicable,,
mus-ddd62e03c5ee4505,archive,arc-c2a3755edb784406,218455,ddd62e03c5ee450551c268fac5d301b78f3532f6db7ae385e4cd2fef472f5be3,2007,not-applicable,,
mus-20bb13847ef0d640,archive,arc-c2a3755edb784406,44199,20bb13847ef0d6409abe75de00a6c10febef56cf6166e440d97b0100fb0ec3d4,2012,not-applicable,,
mus-df5ee10cc8473040,archive,arc-c2a3755edb784406,39140,df5ee10cc847304087a884ada61e869c97b9a6bd07cb00db61ce6951f24b761b,2012,not-applicable,,
mus-b49abdad295dffbc,archive,arc-c2a3755edb784406,4156,b49abdad295dffbc77e4ba45c86bec76be95c1322b1012498dd3b689cb464597,2003,not-applicable,,
mus-b4c6e4247ffcca82,archive,arc-c2a3755edb784406,7299,b4c6e4247ffcca827da225a7d24c8136475bb106f56df65cb391a2c413d57d26,2003,not-applicable,,
mus-179dfb5d2e481125,archive,arc-c2a3755edb784406,6794,179dfb5d2e481125a4dc46ce924edbd31a6e2c2364c5fa660e0a92b00a5d9fce,2002,not-applicable,,
mus-9961c014cb8fd999,archive,arc-c2a3755edb784406,39066,9961c014cb8fd9994b9b8c8ee40c9b6b53d2cf474cc77054451fc3dedde1f5d9,2012,not-applicable,,
mus-9264aff2412bef2f,archive,arc-c2a3755edb784406,39701,9264aff2412bef2f093e6348abf7098999ae79ec4f2510028af65d26e3104ea9,2012,not-applicable,,
mus-4f609ff3244e9450,archive,arc-c2a3755edb784406,7435,4f609ff3244e94500f5874ae7927c989630dfcc1832f4842e22a4015f75a3b11,2002,not-applicable,,
mus-d996aa765ef6bf13,archive,arc-c2a3755edb784406,3113,d996aa765ef6bf137fe2f23cd59f94c863b625bb24cf698c0d0ca1385ca33979,2006,not-applicable,,
mus-689251eaceba73c7,archive,arc-c2a3755edb784406,50605,689251eaceba73c7c2ec878c47f49306a4163f5071a974a0e30672192e97d12c,2012,not-applicable,,
mus-0f7ed5bd148a9ad4,archive,arc-c2a3755edb784406,3086,0f7ed5bd148a9ad43720dff8f761b4d5c74f1198a493fcb9828a2ae5f70eff65,2006,not-applicable,,
mus-cc7be9d90365a08c,archive,arc-c2a3755edb784406,40000,cc7be9d90365a08ce8ed30c1a65c8948fe58aaf5dc888dd66dc12c27836c6504,2012,not-applicable,,
mus-87a14c2ba9fbbbbc,archive,arc-c2a3755edb784406,173861,87a14c2ba9fbbbbca348bcc6c5cea36f30e834de7575b040126448877ed8ce1c,2006,not-applicable,,
mus-4ee520004faafb33,archive,arc-c2a3755edb784406,21601,4ee520004faafb33d1446a2b322386f7f7493aaa748b8b1b400266adb49125b2,2000,not-applicable,,
mus-fbd112fad7effc4c,archive,arc-c2a3755edb784406,54760,fbd112fad7effc4c4e1f69d931bb810ffbc30bdd4b0a144d9fa4a325521de184,2004b,not-applicable,,
mus-990f5f9c9e38e168,archive,arc-c2a3755edb784406,54793,990f5f9c9e38e1682e5b2325957e2c12d1f7508d62fe41bac891af25b1b487f6,2004b,not-applicable,,
mus-68448786262eb644,archive,arc-c2a3755edb784406,54974,68448786262eb6449a5544be5a54a45540ccc26c29884dc10d68f6f881e4126b,2005,not-applicable,,
mus-a6f99ac6b21bb9ef,archive,arc-c2a3755edb784406,55204,a6f99ac6b21bb9ef6e5d00fcbca1e8afc393f73d75d03799cd88dcbe5ca69c78,2005,not-applicable,,
mus-14816048bc29d651,archive,arc-c2a3755edb784406,7024,14816048bc29d65193bec1f1ae1550177b5636a4689453a4f7605d1c9fe4cfbb,2003,not-applicable,,
mus-bf8a2d7e1feccad7,archive,arc-c2a3755edb784406,7552,bf8a2d7e1feccad7356ac1f14a1a65b122d19edc7251eaa6c990e9813fc08442,2003,not-applicable,,
mus-02cf5aedce61bd4e,archive,arc-c2a3755edb784406,21809,02cf5aedce61bd4ebfd2bbd573ff430153daded4eed1d047931d7be062c25f0d,2000,not-applicable,,
mus-15ec9b233136225f,archive,arc-c2a3755edb784406,21051,15ec9b233136225f12ae2bc122211338dc5fd3cff24ade15a105663c33b54900,2000,not-applicable,,
mus-f879c5edd8c4e7e7,archive,arc-c2a3755edb784406,20067,f879c5edd8c4e7e705b4b6f7d43d19f262cc94329ad362cfc62c019f557bcf13,2000,not-applicable,,
mus-b31070a56377b624,archive,arc-c2a3755edb784406,22005,b31070a56377b62496efaf630797dff1acb8e6850a15b8cfdeeb63b79de1fedd,2000,not-applicable,,
mus-85205b4af9c9eee8,archive,arc-c2a3755edb784406,21561,85205b4af9c9eee8b3fcc8466dd00eb42fcfeba7ec45d5a5e5e3d0c29d971acd,2000,not-applicable,,
mus-3501a8bdefb28717,archive,arc-c2a3755edb784406,21975,3501a8bdefb287178c54c467f49cc9bb34bc5313187af8e1de2eaa1bdc461499,2000,not-applicable,,
mus-7f09920de16277b1,archive,arc-c2a3755edb784406,20329,7f09920de16277b108eedcb7db9608c1e9d06df6261c7ad630200ee262448f37,2000,not-applicable,,
mus-4c2ffbaf1f32229c,archive,arc-c2a3755edb784406,57589,4c2ffbaf1f32229ce4117993dd288afb51648a8720813a6cbff59d4a1a9535ad,2002,not-applicable,,
mus-e61f7e1b10423f66,archive,arc-c2a3755edb784406,21941,e61f7e1b10423f66b7ea959cc68e3ac476dc3109e208347bdc0d8c4515194718,2000,not-applicable,,
mus-b2d9dcf1ec2d48cb,archive,arc-c2a3755edb784406,21893,b2d9dcf1ec2d48cbd74513888a3da1d688c35aabebb4c9ed854ea224d6d3bcea,2000,not-applicable,,
mus-8df43d75fab0c654,archive,arc-c2a3755edb784406,21137,8df43d75fab0c65479f90de5de01deb4c02944200e1900b64e8a1251790fe863,2000,not-applicable,,
mus-a2b773298e64f7c0,archive,arc-c2a3755edb784406,6793,a2b773298e64f7c0807c4c0429bb477279b96ba74ca6531f324ef5e3b684d94e,2002,not-applicable,,
mus-d17af0a403b0a7eb,archive,arc-c2a3755edb784406,50261,d17af0a403b0a7eb60e33acf8b713a1da148209828871510ff56776a07b9db8d,2004b,not-applicable,,
mus-91a68b7f67e10791,archive,arc-c2a3755edb784406,21931,91a68b7f67e107915cca982128b80dc08df5495c5f31bdc5f86f6fdc659bfd35,2000,not-applicable,,
mus-06b43fd49f77c1c6,archive,arc-c2a3755edb784406,7261,06b43fd49f77c1c6202cec1b62d41cea5f89ad86fded1b4b5acc33b904903399,2003,not-applicable,,
mus-5529691254be299b,archive,arc-c2a3755edb784406,7120,5529691254be299b9fb7279e5ca549811b1be216a7a69173a1cc4cff6f27f957,2003,not-applicable,,
mus-138dd65b1eba2ce4,archive,arc-c2a3755edb784406,67567,138dd65b1eba2ce4db9981affdfafd2fadf396b5dc549217f9f5d85f99a02e5a,2003,not-applicable,,
mus-2fc904f04995a9cd,archive,arc-c2a3755edb784406,4169,2fc904f04995a9cd10d2218ad9694ac12aba7a10f707c76da1f496d4d1e5d564,2006,not-applicable,,
mus-76f77e0eed85f646,archive,arc-c2a3755edb784406,11190,76f77e0eed85f6462d38f096663d9d4581c71b6d0d8fd52bcc44fbdc4f6fe25c,2003,not-applicable,,
mus-8eb13cc6ed55aabd,archive,arc-c2a3755edb784406,7481,8eb13cc6ed55aabdff4ae84d61ffeb3b8ceda73a545100a438994c04eec65877,2003,not-applicable,,
mus-2830345e776c26ec,archive,arc-c2a3755edb784406,7129,2830345e776c26ecc8723c25811217323a330801bf381228a4f40808148f3bc6,2002,not-applicable,,
mus-23d53e1722e95ca1,archive,arc-c2a3755edb784406,7916,23d53e1722e95ca1e37fce361e1712178a11a62aaec3528a6084ce8f7da7c39d,2003,not-applicable,,
mus-349d6da9f63ce02b,archive,arc-c2a3755edb784406,7098,349d6da9f63ce02bf86762b7c66e6ef7067cfa3e2bc80df22c4ea871c73aa52d,2003,not-applicable,,
mus-1c6ebc82db7ec32b,archive,arc-c2a3755edb784406,6859,1c6ebc82db7ec32b17c8cbd1ce5ffd4a9dea8c8f72313ae745b854622d60bfc9,2003,not-applicable,,
mus-b9aa3f379134f423,archive,arc-c2a3755edb784406,6808,b9aa3f379134f423d3f5a249c17b098a421d9735a9c3fbc885c377208003765a,2003,not-applicable,,
mus-0a6fc83ce178bb33,archive,arc-c2a3755edb784406,39123,0a6fc83ce178bb3389c237a4d61b6c984690ba8e467a111663371e7bab3b4b89,2012,not-applicable,,
mus-01c845fbcdfc27a4,archive,arc-c2a3755edb784406,22620,01c845fbcdfc27a4f61033f66dbd16bf3a72a2bde6ff4cc4dda46733389ebf03,97,not-applicable,,
mus-35b764881cf54f67,archive,arc-c2a3755edb784406,18677,35b764881cf54f67e2e4dfcd3d1f7071a330fd03e0f7a5afb6314a6b4857eb29,97,not-applicable,,
mus-914a0b7fe576d29f,archive,arc-c2a3755edb784406,3156,914a0b7fe576d29fd2d18c4c0f16a10a8dbe2aafea8b0ed3493872ae0a8fccda,2006,not-applicable,,
mus-598235678a9ff161,archive,arc-c2a3755edb784406,20291,598235678a9ff161642cf4c7e5a4e25f9a6f658e75f99d300d5a0d4c241fb214,2000,not-applicable,,
mus-b8ea2439d152f4a8,archive,arc-c2a3755edb784406,93345,b8ea2439d152f4a8d1dff4a91c6fae6a06b308c29157c9daf545701b3b31c362,2002,not-applicable,,
mus-ecd2fe88676ee47a,archive,arc-c2a3755edb784406,47263,ecd2fe88676ee47aa4d76789152ee779066b9e57f958735923b42d7ce4a61d53,97,not-applicable,,
mus-37162e43a5cb8074,archive,arc-c2a3755edb784406,5027,37162e43a5cb80742c7e88bc04cb7ad2d44c9b309bfab18e48036b468d7a24cb,2006,not-applicable,,
mus-302c33d4dffb58dc,archive,arc-c2a3755edb784406,59531,302c33d4dffb58dca4858f0e0043dd9537a51d303761dfbc3b9f541cc2756072,2003,not-applicable,,
mus-8194100ac23173ad,archive,arc-c2a3755edb784406,5251,8194100ac23173add081f1e054054803ddc31165b00301f075d90d32f2807f8d,2006,not-applicable,,
mus-cf0e36e5f32091eb,archive,arc-c2a3755edb784406,47359,cf0e36e5f32091eba84523477006e4fdb9078241ad720b9b5eeefa6edfb99bc2,2000,not-applicable,,
mus-80f406e825f1e188,archive,arc-c2a3755edb784406,23997,80f406e825f1e1889163061d541ed6ce3661e330c1e9ad32b25d7de05b75346d,2000,not-applicable,,
mus-c9980ba9b8150520,archive,arc-c2a3755edb784406,26130,c9980ba9b8150520c5e6a1cf534e8ecfd60fc347709de0b9cb3ca86dce842ef4,2008,not-applicable,,
mus-c0c21145b3fc61fa,archive,arc-c2a3755edb784406,7419,c0c21145b3fc61fa0f185988e6bb4968b739f0dcceb697be5f545d0cbf6600df,2005,not-applicable,,
mus-7591273e1e295e7c,archive,arc-c2a3755edb784406,18817,7591273e1e295e7ca54ff276ddce39d903194c14395e0df69223c6d9d9e06c98,97,not-applicable,,
mus-baf04c0390a2fd12,archive,arc-c2a3755edb784406,112660,baf04c0390a2fd1277f60fc0a571e20138da26948cf83ae88c593b6258c21b60,2000,not-applicable,,
mus-fcebc87c1e8bca55,archive,arc-c2a3755edb784406,84424,fcebc87c1e8bca55da57918dda2955f3a9fb7c4bbf6c01c0d8076f5d212bbe70,2006,not-applicable,,
mus-c4540bb157662939,archive,arc-c2a3755edb784406,19293,c4540bb15766293907308afbb1ded979461eb59419626b37e15a98afbc7fbffa,97,not-applicable,,
mus-4c13a94a52080dcd,archive,arc-c2a3755edb784406,20837,4c13a94a52080dcdce733a0720cb3930b0c6c47f7e538956f55b9e91880a7f32,97,not-applicable,,
mus-a7f6b30593dc7bbc,archive,arc-c2a3755edb784406,22626,a7f6b30593dc7bbc97a6dfb0e48fcacf2aa60415d151f1dbcd11af2f1a315000,2004b,not-applicable,,
mus-a7f6b30593dc7bbc,archive,arc-c2a3755edb784406,22626,a7f6b30593dc7bbc97a6dfb0e48fcacf2aa60415d151f1dbcd11af2f1a315000,2004b,not-applicable,,
mus-47a19375e0a05fba,archive,arc-c2a3755edb784406,54663,47a19375e0a05fba3d9c4fea5166e97028ce5adebbd188f50a3917f8418b086e,2002,not-applicable,,
mus-f6a86ccf82feaad1,archive,arc-c2a3755edb784406,64185,f6a86ccf82feaad1bb35eb3dbcb353100fa70949f7d6af062a13c6656562fb78,2005,not-applicable,,
mus-d89e8fe12e271440,archive,arc-c2a3755edb784406,3351,d89e8fe12e27144018c683da2792aff10cbedb6afb0f9a8063d53df0c87f1d9c,2005,not-applicable,,
mus-de90627d1c31566b,archive,arc-c2a3755edb784406,3451,de90627d1c31566b89423703950b0c0acc77b83163445000e50b382cb45f0ecc,2005,not-applicable,,
mus-6f92285413755b41,archive,arc-c2a3755edb784406,3604,6f92285413755b417304122802451d7b57a65c182db681e867e47194e9e7d389,2005,not-applicable,,
mus-5396a1b805b5ddee,archive,arc-c2a3755edb784406,62389,5396a1b805b5ddee2f779e940968d6abd5a3e8062622f4b07610d3a6e9b514fa,2004b,not-applicable,,
mus-7d0196f16214836a,archive,arc-c2a3755edb784406,6956,7d0196f16214836a28567420db20e78462568246238bfb9a6b5f40932d5e8c2e,2003,not-applicable,,
mus-80675e9678523214,archive,arc-12192faa5260dad3,1870,80675e967852321496f21704677ef140f9e889e86ea69fafa4e49cd5732b694c,3.5,not-applicable,,
mus-dc172cda21a6b290,archive,arc-12192faa5260dad3,47404,dc172cda21a6b290d984c3a78610d31d3ca8b067d42eff6dcbb9562031e98251,3.5,not-applicable,,
mus-a00d10da93194075,archive,arc-12192faa5260dad3,65130,a00d10da93194075e104b86c9188082ee812ef2cad1a9a2eb2012f5a7082de3b,3.5,not-applicable,,
mus-629d9d5e50b0352c,archive,arc-12192faa5260dad3,50688,629d9d5e50b0352c64f24c185d0cb45df3e656ef82bee309aa7dd2b047b4ca5c,3.5,not-applicable,,
mus-b246520466194810,archive,arc-12192faa5260dad3,20488,b24652046619481064c223340bb4d09f03cf52cf4aa4afa0326e110863f2872a,3.5,not-applicable,,
mus-33d03e05b3720b22,archive,arc-d549e93641ee4aad,11966,33d03e05b3720b223cc10466b5dc6fd0ee6bc0a676955d10474a61ca144cc81f,2.6,not-applicable,,
mus-7e52db7272aa3564,archive,arc-12192faa5260dad3,23065,7e52db7272aa3564aa99b449a3c0ff6205446270f231309c63298a11f5527a92,3.7,not-applicable,,
mus-33d03e05b3720b22,archive,arc-5fd3471b81e579bc,11966,33d03e05b3720b223cc10466b5dc6fd0ee6bc0a676955d10474a61ca144cc81f,2.6,not-applicable,,
mus-1c3488e3e32e3f35,archive,arc-321e87efca81b68f,75432,1c3488e3e32e3f35c276e4555e24652c9778f237dba9f42894cb3a974a574fe2,3.5,not-applicable,,
mus-cf8c2e540edbf1e6,archive,arc-321e87efca81b68f,119463,cf8c2e540edbf1e6af37b3d66f52b127c21264d49543f98c48b7f1026fd25263,3.5,not-applicable,,
mus-c221aadd9f98fac4,archive,arc-321e87efca81b68f,141078,c221aadd9f98fac45682849d8139dc75b1f95eca123dd4936e8b3c22792c0d46,3.5,not-applicable,,
mus-f165bb9ee5196494,archive,arc-321e87efca81b68f,17199,f165bb9ee51964948d1eb9f7bd25f23aba8a9f006c5ca66aff81e2ca3a5ae2a3,3.5,not-applicable,,
mus-fa003529c9810f6f,archive,arc-321e87efca81b68f,189151,fa003529c9810f6f6964629763f8090253088c9ab32b7da18865dac9cbbd0161,3.5,not-applicable,,
mus-3d09b13da22c0f78,archive,arc-d25226b35f5575ae,91804,3d09b13da22c0f781c32e32200d89bd2f3455cc915e40c2f12423b20c5c182b1,3.0,not-applicable,,
mus-ee852bd48dba1dfd,archive,arc-d25226b35f5575ae,187520,ee852bd48dba1dfd8beb6a9bf9bbaf836aa2c4690bd20608b236ded97fb13f43,3.0,not-applicable,,
mus-b08e5850d39be5f7,archive,arc-d25226b35f5575ae,91024,b08e5850d39be5f7c50052d6d8d7ac135c270b2c869ea71f2a2e474dcc7275e5,3.0,not-applicable,,
mus-8db5f15157ec4701,archive,arc-d25226b35f5575ae,107278,8db5f15157ec47010945ef5fffed4e151e53085c7dc9110f93450260b7d8cb20,3.2,not-applicable,,
mus-e0b83e3206279632,archive,arc-d25226b35f5575ae,18520,e0b83e3206279632fc7d46d4999310cd0e01c067ef1c5720b80b35f07af01a99,3.0,not-applicable,,
mus-d5289e231e42d9d1,archive,arc-d25226b35f5575ae,53262,d5289e231e42d9d17d297a3c11775fab29e6c9bb9dd3d9a613e3818796ed8a3e,3.0,not-applicable,,
mus-3f98253cc4f9ce78,archive,arc-d25226b35f5575ae,221562,3f98253cc4f9ce782b008314a772513d352c613de3f54eb560bb1a8f71baff88,3.0,not-applicable,,
mus-71d24fbce68a3ae8,archive,arc-169defc76061673e,110171,71d24fbce68a3ae8fc673e325fe0e92ac57fa16b9d8b1e059115ce10ffad86d8,97,not-applicable,,
mus-39f92399904693d8,archive,arc-169defc76061673e,207226,39f92399904693d895e833990922a328c48993d377d2d9f93ccf434c27329955,97,not-applicable,,
mus-d996e24666dd5663,archive,arc-169defc76061673e,107752,d996e24666dd56635bbc7a2c6a43c2941810472317009ad81ebc5a75eb14bc82,97,not-applicable,,
mus-0655a3822f9156eb,archive,arc-169defc76061673e,122620,0655a3822f9156ebf17b622dcc6c647994e2530bd053ea2ddec0a1f1722038b3,97,not-applicable,,
mus-717fac33518dc46a,archive,arc-169defc76061673e,65768,717fac33518dc46aedbf17924f3dc5b0149f91ca280235d490cc8bd8717b520b,97,not-applicable,,
mus-65d676bfe865c0fe,archive,arc-169defc76061673e,248349,65d676bfe865c0fec5f160a3df575efb773c8b692a89b4372149c0533404538c,97,not-applicable,,
mus-95b01cc8aafc5a92,archive,arc-94df02b9be36b55e,85405,95b01cc8aafc5a92084a4473bf3cef0d7fd28d72e08cbcd18a94db4be4e75989,3.7,not-applicable,,
mus-adc381eecbb6edf6,archive,arc-94df02b9be36b55e,130799,adc381eecbb6edf675c51ee89fd9fdecc8973364e0a76aa621fa6edcbe211497,3.7,not-applicable,,
mus-365ddb0503f6e106,archive,arc-94df02b9be36b55e,144265,365ddb0503f6e106a02c8eb3b6294b8b0f44361cb8d7c7ef2729882e3debb617,3.7,not-applicable,,
mus-d3ef4f611cfc6d2c,archive,arc-94df02b9be36b55e,197454,d3ef4f611cfc6d2cf18b15d93d9cf87da7bd749c3a56c3f656c7d22f16651a5e,3.7,not-applicable,,
mus-8fdf95da9f94f78c,archive,arc-38db7fab5faa6eac,855505,8fdf95da9f94f78cda68fc9ab593b8bd75318259e0be775f4f82a4c0b5e99dee,2000,not-applicable,,
mus-da737e279c813ae9,archive,arc-cf8e40a1a516b9d2,675753,da737e279c813ae9f821d1b5e55899e691dfc5e2665c600f61ea0f7870fe1ace,2.6,not-applicable,,
mus-f6262128b60cf0a2,archive,arc-cf8e40a1a516b9d2,74800,f6262128b60cf0a2c388340250757756bf5d3da0b6e910e99c9bb7f31db2b065,2.6,not-applicable,,
mus-95966b599ba98957,archive,arc-cf8e40a1a516b9d2,147060,95966b599ba98957d5e1851a1ef64f8f45c2085e356fdc031e1706bd078b5ecf,2.6,not-applicable,,
mus-75f45204ac7ce288,archive,arc-cf8e40a1a516b9d2,22064,75f45204ac7ce288d7b5d1ee02efbcc59a2762be27121f20843f91bd4312105c,2.6,not-applicable,,
mus-f7a760438d27df9d,archive,arc-cf8e40a1a516b9d2,285857,f7a760438d27df9de51df2d2b92cfa809bee33acce53d62082f8478c8078a09d,2.6,not-applicable,,
mus-6ce4f64ffee5071c,archive,arc-cf8e40a1a516b9d2,11312,6ce4f64ffee5071c06a2d14db68bd2c512ab247eba8e5eb9928f413e01f57d21,2.6,not-applicable,,
mus-ba1f05362d54bda4,archive,arc-97a75ea456f359d1,15920,ba1f05362d54bda46dfac0dc8625abefb66429e144aa0894dea5b7554270bb1c,2.0.1,not-applicable,,
mus-c4ac9ed969ff5154,archive,arc-97a75ea456f359d1,10288,c4ac9ed969ff5154aa6a2c8c041ccddc3c55347566ebc822526c89f50c88e6d9,2.0.1,not-applicable,,
mus-80675e9678523214,archive,arc-f29db3440d071d37,1870,80675e967852321496f21704677ef140f9e889e86ea69fafa4e49cd5732b694c,3.5,not-applicable,,
mus-cdbebdc69b8e58ed,archive,arc-753d703fb7f9ceab,699305,cdbebdc69b8e58ed6feb13376db1fb057924ae49b48f7b96ef7e71cb934be83f,2.6,not-applicable,,
mus-a22c58453c3be5b2,archive,arc-ce3aeadefc07c912,749130,a22c58453c3be5b210225539f0e8df011904e692275d967ebb1b863a8e9d8374,3.2,not-applicable,,
mus-a7f712e1a9fa9e92,archive,arc-5edd20ca30240878,2884,a7f712e1a9fa9e92e09aa42e54c03b4e598ad428b0b15ea4f928a8ad5f9b831e,3.0,not-applicable,,
mus-b1ff5b179b5eae44,archive,arc-1b535890b4b025b4,13872,b1ff5b179b5eae445deb8893c35685e02ca4a29cbc11dcc391ece269d1147eb9,2.6,not-applicable,,
mus-bd1eda1f8e15535f,archive,arc-1b535890b4b025b4,57904,bd1eda1f8e15535f761b7969bc0738ab18ad2f2f5a71c57cc7eb181e52719ec5,2.6,not-applicable,,
mus-dc172cda21a6b290,archive,arc-f29db3440d071d37,47404,dc172cda21a6b290d984c3a78610d31d3ca8b067d42eff6dcbb9562031e98251,3.5,not-applicable,,
mus-a00d10da93194075,archive,arc-f29db3440d071d37,65130,a00d10da93194075e104b86c9188082ee812ef2cad1a9a2eb2012f5a7082de3b,3.5,not-applicable,,
mus-629d9d5e50b0352c,archive,arc-f29db3440d071d37,50688,629d9d5e50b0352c64f24c185d0cb45df3e656ef82bee309aa7dd2b047b4ca5c,3.5,not-applicable,,
mus-285ea2ea44c372ed,archive,arc-1b535890b4b025b4,11824,285ea2ea44c372ed516c83c9e564d35cfbd6c4b1dbcf860c9406ab265588c19c,2.6,not-applicable,,
mus-d19bc47714d021a6,archive,arc-5edd20ca30240878,20680,d19bc47714d021a66544a59092b7e1a0b74f1d4a6ae8ae221293b68707e91235,3.0,not-applicable,,
mus-b246520466194810,archive,arc-f29db3440d071d37,20488,b24652046619481064c223340bb4d09f03cf52cf4aa4afa0326e110863f2872a,3.5,not-applicable,,
mus-7e52db7272aa3564,archive,arc-f29db3440d071d37,23065,7e52db7272aa3564aa99b449a3c0ff6205446270f231309c63298a11f5527a92,3.7,not-applicable,,
mus-20447093593d6659,archive,arc-968552326474a9e1,281644,20447093593d6659ec365e72f2e498578684dff222008859f3da390e9b676232,2.6,not-applicable,,
mus-20e1b564fb5bce1a,archive,arc-9e5c867d8504fe71,389020,20e1b564fb5bce1a013f30e3f4c393feae5c104399123f085f4b309e3d9c8aa7,3.7,not-applicable,,
mus-e50945c433f26113,archive,arc-28836fcf08992c8e,14526,e50945c433f261135d1e5f939591bea3e8ed35242879d82c7ee0c78c19532d3e,2.6,not-applicable,,
mus-debf080d934c1871,archive,arc-28836fcf08992c8e,20670,debf080d934c187169a4707b732487de961c25108ee63f2c75f84e9ce261a719,2.6,not-applicable,,
mus-9bb2613352590e12,archive,arc-28836fcf08992c8e,9918,9bb2613352590e1257dcbd3cd60534869605f1c45b98d7faf45384a0aea796fe,2.6,not-applicable,,
mus-754916c118008372,archive,arc-2879ebf8f55c16d9,59000,754916c118008372baee1cb8e2bdeda9c9decbbb145370a1d2666897416d5938,2003,not-applicable,,
mus-badb0bd7089e4866,archive,arc-2879ebf8f55c16d9,57312,badb0bd7089e486660ec68909f5bfb676f330612adfd1b459e34a55efa34cf2d,2003,not-applicable,,
mus-9e706a2d978c123b,archive,arc-2879ebf8f55c16d9,65808,9e706a2d978c123b4b8afb74803a74f987945785af37235d93c5ac0caace1b77,2003,not-applicable,,
mus-9a54ebf77f29de24,archive,arc-2879ebf8f55c16d9,64755,9a54ebf77f29de24e9057b795937f52132ad899ab0c2f12301f121168d2e1d51,2003,not-applicable,,
mus-0fbd2f3d4dbccde9,archive,arc-2879ebf8f55c16d9,52971,0fbd2f3d4dbccde9f5ea8d725d674921b86e181e8a63c4d5c6df55cb5cf9cac1,2003,not-applicable,,
mus-e361c5c9168791b0,archive,arc-2879ebf8f55c16d9,59636,e361c5c9168791b00f1fd7be6371c0b31eeee1f6465af9fb6a82f22c3bbde27c,2003,not-applicable,,
mus-bbe89f8089f73ead,archive,arc-2879ebf8f55c16d9,79471,bbe89f8089f73ead8cf943b232443a116bde513320b4c28c1983d0b5342dec7c,2003,not-applicable,,
mus-7b69eecf9c2ff541,archive,arc-2879ebf8f55c16d9,73832,7b69eecf9c2ff54183575c1a6468aec12c48a595c5bffa3dae16843e68780255,2003,not-applicable,,
mus-712f99bbfd23a867,archive,arc-2879ebf8f55c16d9,69216,712f99bbfd23a8675a821a94ba25c0f367f8333a6764b7e3ae87156852ca8019,2003,not-applicable,,
mus-a2dcb46ba2b8b857,archive,arc-2879ebf8f55c16d9,64255,a2dcb46ba2b8b8577c7a0a424ada640856cecd9f3dd52085b90fc869da5e0116,2003,not-applicable,,
mus-95939bdaab3ac067,archive,arc-2879ebf8f55c16d9,67104,95939bdaab3ac067cafc12d5266dd8ba560ecedaace2f2945be61d5a8bfd830a,2003,not-applicable,,
mus-5a64c9d15f804173,archive,arc-2879ebf8f55c16d9,56298,5a64c9d15f80417398a6032fafd8944683ad518b799a3525c129310a06ada1a0,2003,not-applicable,,
mus-2d8166e038e2cd2b,archive,arc-2879ebf8f55c16d9,77978,2d8166e038e2cd2be61b152fd7539952cb6015db4e4af661ac198cbdda8738a9,2003,not-applicable,,
mus-8b032107c60f61fc,archive,arc-2879ebf8f55c16d9,80466,8b032107c60f61fcdd262f87456c95f6e09e5053b515cf0d0a19e10ea9c3d11a,2003,not-applicable,,
mus-636c364c07e102eb,archive,arc-2879ebf8f55c16d9,77638,636c364c07e102eb83153037262f01bee47e36627e7cdfa9915000318a8a614c,2003,not-applicable,,
mus-aafa38e8c4abb408,archive,arc-2879ebf8f55c16d9,59454,aafa38e8c4abb40803bee2f513edc4fb6a137d05dd9676774727e08ae9cc2fdc,2003,not-applicable,,
mus-6008cb5835f79fe0,archive,arc-2879ebf8f55c16d9,60025,6008cb5835f79fe0d45517893aeddb41defd274cd43bcddb631d196c0ddfc7f6,2003,not-applicable,,
mus-071fc7cae3d69949,archive,arc-2879ebf8f55c16d9,60157,071fc7cae3d699494b6c991ce58d65c17c6a900c76ddd6c46ed5d6cce2042c34,2003,not-applicable,,
mus-4ab8ea8d3a62acbf,archive,arc-2879ebf8f55c16d9,58702,4ab8ea8d3a62acbfd24b6e562cb8a8366dd3ef6db659001187d75092f9e10052,2003,not-applicable,,
mus-a8846e50dd0221cc,archive,arc-2879ebf8f55c16d9,72665,a8846e50dd0221cce233707206094a537d54ee2a2974b2513afa5ff41c7c5410,2003,not-applicable,,
mus-fcf7eda6e852b378,archive,arc-2879ebf8f55c16d9,67466,fcf7eda6e852b37808436d2c17ee0c8c80c514d6923a95f7030543c314d3962f,2003,not-applicable,,
mus-a241ef2d8934558a,archive,arc-2879ebf8f55c16d9,119425,a241ef2d8934558abd71c86c07b27804b3bc2f888c13187f248a975ffefd766c,2003,not-applicable,,
mus-e6d8301919cc8898,archive,arc-2879ebf8f55c16d9,93209,e6d8301919cc88980aa1d372b6dc33a1b8e9fce4fd4b81b6df03e55b2cfed947,2003,not-applicable,,
mus-9c9222675007acdd,archive,arc-2879ebf8f55c16d9,71026,9c9222675007acdd1c424bae64c9750146ae78211c2b70a758fb1c3949edf777,2003,not-applicable,,
mus-5ad421bd285e9936,archive,arc-2879ebf8f55c16d9,67676,5ad421bd285e9936f0f055f083a1641f87c9b2d1dbb058def2ceda3d52d52012,2003,not-applicable,,
mus-1337bd30d53de042,archive,arc-2879ebf8f55c16d9,71196,1337bd30d53de0424cd60349b9ac91beec139fed3bd4d374c3bf5c4855148429,2003,not-applicable,,
mus-3627cb709109ba3f,archive,arc-2879ebf8f55c16d9,65204,3627cb709109ba3fe9bb57865046e92a6713ff9a3e9bb06294b5700594211b35,2003,not-applicable,,
mus-78521b70fd9ad477,archive,arc-2879ebf8f55c16d9,60436,78521b70fd9ad477be5946c75a945a6b2ad17f3ee20dcccce1c10cc57f2b5a4e,2003,not-applicable,,
mus-8e8a2391b3ad8b08,archive,arc-2879ebf8f55c16d9,66468,8e8a2391b3ad8b0889e5a38360dfcb58d549b44d58a7fba1b2e20de56d96848f,2003,not-applicable,,
mus-5e58c719e1821515,archive,arc-2879ebf8f55c16d9,60800,5e58c719e1821515331017da1c2a61f182598eb4bc123c2f7b20a9c67e068d0e,2003,not-applicable,,
mus-3d4dc7c6db9c35e0,archive,arc-2879ebf8f55c16d9,53376,3d4dc7c6db9c35e0f76a9589846ef20c260c5837b16d98e9558758db879325a8,2003,not-applicable,,
mus-ca19bf55cfe37e4e,archive,arc-2879ebf8f55c16d9,56999,ca19bf55cfe37e4e590674c6dc78d85b4b9a6b4b662eb072b8c2f79908237c75,2003,not-applicable,,
mus-f58dd3f2fe1a7933,archive,arc-2879ebf8f55c16d9,53089,f58dd3f2fe1a79334bdb04407cbf1d9d7bf905c15c1e878a795689af87290132,2003,not-applicable,,
mus-af97ffca083f0e6f,archive,arc-2879ebf8f55c16d9,54785,af97ffca083f0e6f594f100ada57a953edb8e22a288ce5c37b5731b5b6525af2,2003,not-applicable,,
mus-a5274f1f8fda1825,archive,arc-2879ebf8f55c16d9,60423,a5274f1f8fda18254e908109447d6d0c11ea1be8681f273dabc2cbd02d395259,2003,not-applicable,,
mus-b22b131eaab40f9c,archive,arc-2879ebf8f55c16d9,60719,b22b131eaab40f9c258f08ae6bb6146fed28c89312cb4833d2558cbb5163e108,2003,not-applicable,,
mus-6e92a418b4a950ac,archive,arc-2879ebf8f55c16d9,61307,6e92a418b4a950ac73fab9a21790badc2c29e660270a5a9e69113ddfed406653,2003,not-applicable,,
mus-7d763882ba8f89ff,archive,arc-2879ebf8f55c16d9,750097,7d763882ba8f89ff24d0be8a8f15fa6064b6016e28df04925898f2ef9c6ecd9e,2003,not-applicable,,
mus-d47ed12df7ca6a2a,archive,arc-2879ebf8f55c16d9,827541,d47ed12df7ca6a2a73e1c0aed25c2308ea5f8fbac7c61dfc5511dc2e804bef8e,2003,not-applicable,,
mus-3d0abd97d6eea461,archive,arc-2879ebf8f55c16d9,724519,3d0abd97d6eea4615c0782756f4553f8d6742dc64a9cbbad3c45f85b90356264,2003,not-applicable,,
mus-d98b4820f4e8f381,archive,arc-2879ebf8f55c16d9,718364,d98b4820f4e8f381e9688cb92c662d29b23bd2858402692b481354b361176d4e,2003,not-applicable,,
mus-855fb28eb29080f7,archive,arc-f42a40b4ad627358,11715,855fb28eb29080f76ef80c8811cf57afd26a5a0ba66166f3fefa2ea7fa0ea01a,2008,not-applicable,,
mus-1d9a6db6f5ca69ae,archive,arc-ec211559b1a3f334,10288,1d9a6db6f5ca69aec1a2293c8f4bd5df26fd15116311cba9c640b85ec1726315,2.6,not-applicable,,
mus-de13d7be9d3b16b1,archive,arc-8bb54ce7169fb749,229814,de13d7be9d3b16b12b8c64d51a6b1bc5c4ce9cd26947a27e18ce53040c641478,2.6,not-applicable,,
mus-65affcc71e9310cc,archive,arc-8bb54ce7169fb749,224694,65affcc71e9310ccb8d8bd9ea239042340b97faface2158a3528ee67c8451666,2.6,not-applicable,,
mus-b52335f471dc15d4,archive,arc-8bb54ce7169fb749,221622,b52335f471dc15d4e2f0dc25cd566de868e982d28ec8b333aec51f53e0002edb,2.6,not-applicable,,
mus-439768cea5a98cb0,archive,arc-8bb54ce7169fb749,221110,439768cea5a98cb00cd0e560e448634801e375dd36e59a9bc837d51edbcfae0f,2.6,not-applicable,,
mus-ea03076b54adbc7f,archive,arc-8bb54ce7169fb749,214454,ea03076b54adbc7fec8c0741461a4e3ff7344367ab46303981a75cc74007a7c2,2.6,not-applicable,,
mus-2d92327acf0d6860,archive,arc-8bb54ce7169fb749,210870,2d92327acf0d686011a0c7584a815c31882ec847bd3f8288fa20d6af233baa9d,2.6,not-applicable,,
mus-476baa076f8508eb,archive,arc-43aeedca7024fc95,136549,476baa076f8508eb9c144c9b714a19fb991bc2885f3da25405aa7a74e64ead8c,2000,not-applicable,,
mus-442b43baf1bc8ac4,archive,arc-004a7c9dbf44e4e5,42069,442b43baf1bc8ac4d0d30b238c881d24df14cc2d4cdd9a5ebe62498860e1ed8e,2005,not-applicable,,
mus-978b69b9b293c6eb,archive,arc-ea63d815f06f506e,215478,978b69b9b293c6eb5876fba1d22ba4505e5ebe71bb552be37ab98ec1b2bfa06a,2.6,not-applicable,,
mus-57c9e27ed5be1b56,archive,arc-ea63d815f06f506e,211894,57c9e27ed5be1b5645cb68bc1bd0943d8a46e1d311f1d0d5687e97c59573a388,2.6,not-applicable,,
mus-126ca65626a5b83e,archive,arc-ea63d815f06f506e,214966,126ca65626a5b83e6c346917ee4f80560cfa859bfbda4ef98501221b7fba1601,2.6,not-applicable,,
mus-56bc29d993d67a87,archive,arc-ea63d815f06f506e,217526,56bc29d993d67a87a16e813cdbdac815060b1f3306b7012a7d62f80858266f42,2.6,not-applicable,,
mus-d3c1bb13ab3ef6ca,archive,arc-ea63d815f06f506e,197558,d3c1bb13ab3ef6cafbceb73216bdc1bc83ef1aad1937edc99ea633d0d0e69c53,2.6,not-applicable,,
mus-e03c58412947f8f2,archive,arc-ea63d815f06f506e,230235,e03c58412947f8f21b8115f00a728b6e609b82f599cd5030fab1a6fa478c763a,2.6,not-applicable,,
mus-0446b465917691cf,archive,arc-ea63d815f06f506e,189878,0446b465917691cfb208c882bf66608c145cafaf49f3515537821a6b0494a6e9,2.6,not-applicable,,
mus-a26663289d00a031,archive,arc-ea63d815f06f506e,188854,a26663289d00a031087520b30664b8da64a12247b4024fa7dcf3f300e3fc008e,2.6,not-applicable,,
mus-11d7c29cd642b29d,archive,arc-ea63d815f06f506e,191414,11d7c29cd642b29db6b9a7d5a2b91f51af939d3a941f5032d595df5b9f784f4b,2.6,not-applicable,,
mus-7aa45639c14b3864,archive,arc-cb3ea10d23ddc766,74181,7aa45639c14b3864860e9d0a7d74c74623194fbe302637e8f450ba234dc370e9,1.8.7,not-applicable,,
